NP_ratio,IL+HL,HL_IL+HL,PEG_PEG+Chol,Pred_nLnLE_RAMOS,Pred_nLnLE_THP1
0.35574102431673627,0.7888277429727192,0.07996703498826672,0.6294795413386184,1.4484081,5.252801
0.41038780430067934,0.22183631933604042,0.314827889586962,0.10348126803487287,3.2227433,3.8439927
0.10995660694433908,0.7937765320858126,0.21448001911041495,0.6661334180820973,2.218552,1.9166481
0.24362829152316523,0.6388086364011225,0.6243939944030873,0.5799710888147729,2.8316877,1.586919
0.28981854304040866,0.7294119232474028,0.49636888901026305,0.490676842161168,3.3709404,1.7339283
0.031198644482608354,0.7294119232474028,0.49636888901026305,0.490676842161168,2.7952805,1.0907063
0.031198644482608354,0.051700101833071166,0.49636888901026305,0.490676842161168,0.68768334,0.6724154
0.031198644482608354,0.051700101833071166,0.24146731039969796,0.490676842161168,0.75024295,1.5613861
0.031198644482608354,0.051700101833071166,0.24146731039969796,0.608207606199958,0.75024295,1.5613861
0.28981854304040866,0.7294119232474028,0.49636888901026305,0.490676842161168,3.3709404,1.7339283
0.28981855304040866,0.7294119232474028,0.49636888901026305,0.490676842161168,3.3709404,1.7339283
0.28981854304040866,0.7294119332474028,0.49636888901026305,0.490676842161168,3.3709404,1.7339283
0.28981854304040866,0.7294119232474028,0.49636889901026304,0.490676842161168,3.3709404,1.7339283
0.28981854304040866,0.7294119232474028,0.49636888901026305,0.490676852161168,3.3709404,1.7339283
0.21963985637871242,0.5959918432829125,0.5489675592527793,0.49478233476765965,3.5314589,1.5658065
-0.02869075409817433,0.6981013601924273,0.4160241515959701,0.02302223148250346,1.2845172,3.4034545
0.37946330646311066,0.31046170944493046,0.16041955525316434,0.09485685968710553,4.355623,4.406234
0.5303568895646472,0.790490412631665,0.6136877287841197,0.31816436013371785,2.727245,2.9925268
0.1046828277701607,0.790490412631665,0.6136877287841197,0.31816436013371785,2.1348386,1.066815
0.1046828277701607,0.7912014841069328,0.6136877287841197,0.31816436013371785,2.1348386,1.066815
0.1046828277701607,0.7912014841069328,0.7698903452633487,0.31816436013371785,1.5845007,0.9424101
0.1046828277701607,0.7912014841069328,0.7698903452633487,0.24435053126349968,1.2843745,0.88269114
0.37946330646311066,0.31046170944493046,0.16041955525316434,0.09485685968710553,4.355623,4.406234
0.37946331646311066,0.31046170944493046,0.16041955525316434,0.09485685968710553,4.355623,4.406234
0.37946330646311066,0.31046171944493045,0.16041955525316434,0.09485685968710553,4.355623,4.406234
0.37946330646311066,0.31046170944493046,0.16041956525316434,0.09485685968710553,4.355623,4.406234
0.37946330646311066,0.31046170944493046,0.16041955525316434,0.09485686968710552,4.355623,4.406234
0.5187827233789696,0.05629163342678423,0.12936264997072247,0.7231277118694734,0.8274185,3.8385277
0.4043433055778761,0.006081402981414463,0.6910940714869772,0.4706694384405097,-0.48253655,3.3893147
0.6682312017593887,0.5221477573546269,0.6146667356516512,0.1419100063438776,5.146015,3.5963192
0.13544768168573051,0.37842988950886225,0.3985189142394114,0.1886108160326145,4.530541,2.743759
0.37257676000206674,0.37842988950886225,0.3985189142394114,0.1886108160326145,4.3827786,4.004797
0.37257676000206674,0.8006011922519249,0.3985189142394114,0.1886108160326145,2.3511965,2.9974415
0.37257676000206674,0.8006011922519249,0.09134515468454865,0.1886108160326145,1.1928852,5.255248
0.37257676000206674,0.8006011922519249,0.09134515468454865,0.5531410316638095,1.4972531,5.196915
0.6682312017593887,0.5221477573546269,0.6146667356516512,0.1419100063438776,5.146015,3.5963192
0.6682312117593887,0.5221477573546269,0.6146667356516512,0.1419100063438776,5.146015,3.5963192
0.6682312017593887,0.522147767354627,0.6146667356516512,0.1419100063438776,5.146015,3.5963192
0.6682312017593887,0.5221477573546269,0.6146667456516512,0.1419100063438776,5.146015,3.5963192
0.6682312017593887,0.5221477573546269,0.6146667356516512,0.1419100163438776,5.146015,3.5963192
0.0294671840539963,0.6596373709181682,0.0734966378509058,0.10339685686265906,1.2912316,2.0218854
0.06998005126162123,0.044818013724508,0.5281555598594004,0.06406686201913556,1.3734441,2.737423
0.21541109776250422,0.7097174958175798,0.7622886369970895,0.28046878327116076,2.4337213,1.2490896
-0.0012872898901171576,0.3282883523433524,0.7576608311196974,0.39811904834315825,2.062639,0.659778
0.5732074161554014,0.3282883523433524,0.7576608311196974,0.39811904834315825,1.9740245,3.4801068
0.5732074161554014,0.7622933536216849,0.7576608311196974,0.39811904834315825,2.1666548,3.0444844
0.5732074161554014,0.7622933536216849,0.046533094748641014,0.39811904834315825,0.89477813,5.5895157
0.5732074161554014,0.7622933536216849,0.046533094748641014,0.5000140709898417,0.8880308,5.5813046
-0.018114343107100125,0.8748346510751293,0.7030765708532501,0.7134478333286971,-0.048124608,0.73802036
0.2672232409007961,0.07207750873718899,0.7519118891426072,0.3080661025968858,-0.31886187,0.25227585
0.3068213577901874,0.4714350239195424,0.8206899959234736,0.02046138865109268,4.2700276,4.3975186
-0.053359515783868536,0.28798900099673297,0.42318830065996366,0.6775457677730898,3.3684278,1.2000494
0.48728813945952487,0.28798900099673297,0.42318830065996366,0.6775457677730898,3.3304648,3.7021353
0.48728813945952487,0.6510153930467881,0.42318830065996366,0.6775457677730898,3.5986643,3.1171896
0.48728813945952487,0.6510153930467881,0.2697818329800689,0.6775457677730898,3.4826803,3.4957287
0.48728813945952487,0.6510153930467881,0.2697818329800689,0.6261028901329091,3.434108,3.4957287
-0.05410346316752267,0.7938215426164636,0.011122559925558582,0.08277567786012338,0.21153797,1.6292826
0.44721304540705475,0.3476499674054696,0.294330971838677,0.09917564318451252,4.2930746,3.9181917
0.01257219669139599,0.5537347550756273,0.6598127770468015,0.1420492438672518,3.7409837,1.5974814
-0.022151166500590555,0.0007737629315980321,0.20426708549081987,0.5985752415667278,1.0556549,1.4720497
0.49879908775892823,0.0007737629315980321,0.20426708549081987,0.5985752415667278,0.12498041,4.221889
0.49879908775892823,0.2337675879211245,0.20426708549081987,0.5985752415667278,2.2863674,4.3506217
0.49879908775892823,0.2337675879211245,0.6218728000080728,0.5985752415667278,1.8337046,3.7587707
0.49879908775892823,0.2337675879211245,0.6218728000080728,0.5167871258671006,1.8337046,3.7587707
0.5954994200534683,0.7759910895241231,0.3669538734659072,0.06393039032453271,2.6575704,3.0618205
0.31960102278939784,0.03774747150210489,0.364262020936092,0.20610304265074572,0.93645036,2.1345606
0.6584958536321418,0.18652135580622708,0.36344871411087704,0.5049125638544432,2.2634938,3.8306694
0.5393672144134695,0.1004841893140469,0.4572622720963521,0.6000518378542203,-0.14776176,3.8032472
0.40018808196732947,0.1004841893140469,0.4572622720963521,0.6000518378542203,-0.19478033,3.634075
0.40018808196732947,0.6619799413565017,0.4572622720963521,0.6000518378542203,3.4351506,3.0531397
0.40018808196732947,0.6619799413565017,0.7172197370842345,0.6000518378542203,2.3036358,2.9375548
0.40018808196732947,0.6619799413565017,0.7172197370842345,0.6889665261776621,2.250456,2.9375548
0.2906824442721353,0.5840701462568592,0.4436381886066018,0.5560107488040202,3.4253302,1.6376501
-0.08215835532827974,0.10777508109204348,0.10042125621401601,0.4509574418792077,0.94235617,1.3468733
0.36439557863568417,0.31492916385862824,0.45788150969995284,0.09195113505067096,4.2539635,3.8259652
0.08835529023956802,0.7391018616810623,0.6596908502952775,0.7391774899439092,2.2971356,1.2229817
0.5420712821547372,0.7391018616810623,0.6596908502952775,0.7391774899439092,2.4485312,3.1284308
0.5420712821547372,0.4082346534247949,0.6596908502952775,0.7391774899439092,2.4692268,3.8341272
0.5420712821547372,0.4082346534247949,0.7890156762461452,0.7391774899439092,2.121613,3.6748607
0.5420712821547372,0.4082346534247949,0.7890156762461452,0.29164073821433334,3.413744,3.7453983
0.5428150796951355,0.29294932427847975,0.33999875640705474,0.047725431894207276,4.237377,4.236118
0.571625001922803,0.40639745800394644,0.07245149004634657,0.17717334008750638,1.9083309,5.839816
0.18675487964352822,0.8355463792003968,0.19686330823085677,0.7034279130637806,2.7232132,2.197482
0.6478565978674277,0.16125216128721176,0.34843033406062845,0.6577403807939319,2.2626944,3.8876686
-0.055784073366284534,0.16125216128721176,0.34843033406062845,0.6577403807939319,2.7185903,1.473439
-0.055784073366284534,0.5428278183261988,0.34843033406062845,0.6577403807939319,3.0904462,1.6568545
-0.055784073366284534,0.5428278183261988,0.23387088741032028,0.6577403807939319,3.056679,2.1711452
-0.055784073366284534,0.5428278183261988,0.23387088741032028,0.39362480240112063,3.1047368,2.146223
-0.0806546996183236,0.5148135847337119,0.3157785434763935,0.05281810284348151,4.1394277,3.3855546
0.55736697956572,0.4191192279000333,0.08487461322947479,0.28072008759569655,2.584291,6.0259843
0.24501841862121154,0.7590742706101863,0.5975863361268868,0.2098490091510534,3.6410391,2.159656
0.4401316143815043,0.4257240581626225,0.5223381108685773,0.5694988809858508,3.5933418,3.8779032
0.14187894291073355,0.4257240581626225,0.5223381108685773,0.5694988809858508,3.5320687,1.4785067
0.14187894291073355,0.8639998836228067,0.5223381108685773,0.5694988809858508,2.5116618,1.6379403
0.14187894291073355,0.8639998836228067,0.49990129690491386,0.5694988809858508,2.6043453,1.7389135
0.14187894291073355,0.8639998836228067,0.49990129690491386,0.7250222563168407,2.5205371,1.7389135
0.5178086607312834,0.03643184675379452,0.26468534572240937,0.0986842832502006,1.4373814,4.807514
0.21354685129856976,0.6616489331169806,0.47717075497206446,0.3962532156442009,3.6299233,1.7104214
0.11831109847434775,0.23360929496842964,0.6598701640358978,0.6166068829880054,1.9404154,1.291533
-0.02232665027314816,0.28286730642855096,0.15147847632433056,0.18663436731996794,4.3555703,3.1059606
0.403481322447672,0.28286730642855096,0.15147847632433056,0.18663436731996794,4.3966236,4.3259463
0.403481322447672,0.35294911446788824,0.15147847632433056,0.18663436731996794,4.4561887,4.768125
0.403481322447672,0.35294911446788824,-0.003676576892134599,0.18663436731996794,1.1140409,5.9922767
0.403481322447672,0.35294911446788824,-0.003676576892134599,0.10562902245169778,1.1050223,6.055018
0.4561498501500266,0.8857368077710772,0.20960945572166204,0.24327430749500675,2.3316526,3.9801385
0.6233575660950584,0.17613629011427356,0.060106788885955366,0.5833686378019145,1.4620708,5.129271
0.6629274100923636,0.8396477205441908,0.7156385979114662,0.5374294223199421,2.1130323,3.2443135
0.026550534998307188,0.6400899989928357,0.14284888310956748,0.27840440962082624,2.7352228,1.815631
0.46737183618318323,0.6400899989928357,0.14284888310956748,0.27840440962082624,3.351752,3.6653616
0.46737183618318323,0.601004637138701,0.14284888310956748,0.27840440962082624,3.5842395,3.939935
0.46737183618318323,0.601004637138701,0.1311465233397419,0.27840440962082624,3.5842395,3.939935
0.46737183618318323,0.601004637138701,0.1311465233397419,0.026489428093654486,3.338821,4.8635716
-0.079073339962603,0.649636648684599,0.06287740567130964,0.15471653668114624,1.2861388,2.2115085
0.4556230712658004,0.8072850502384501,0.08353646391259276,0.10592655956047989,1.3033433,5.534933
0.328190757104755,0.13328705728572876,0.13666980693581268,0.15746547459383106,2.3636394,2.5771518
0.43924906521039186,0.3533814399857418,0.7062841209369489,0.5430597572867342,2.404098,3.7532794
0.1619185847388177,0.3533814399857418,0.7062841209369489,0.5430597572867342,2.4845448,1.4759108
0.1619185847388177,0.6302806995198162,0.7062841209369489,0.5430597572867342,2.220163,1.1740412
0.1619185847388177,0.6302806995198162,0.30321187315959935,0.5430597572867342,3.25799,1.6588914
0.1619185847388177,0.6302806995198162,0.30321187315959935,0.69407536077534,3.3209121,1.6588914
0.5457291164855603,0.28509918905165854,0.0768519655281156,0.08458301054587022,2.0763655,5.6451006
0.5595908760051215,0.22609628294363748,0.18420399249089706,0.14860589923385345,3.5220962,4.3140364
0.4210986999517975,0.5275916875006699,0.6378783692448978,0.0352602556611856,4.827294,4.306951
0.22194154063514893,0.5782064677964649,0.4539441457671964,0.34748799842824596,3.2556531,1.6620989
0.3533787095281423,0.5782064677964649,0.4539441457671964,0.34748799842824596,3.1238554,3.2126522
0.3533787095281423,0.2310735021098398,0.4539441457671964,0.34748799842824596,1.4579582,3.654005
0.3533787095281423,0.2310735021098398,0.7129441866058562,0.34748799842824596,0.93529373,3.3717754
0.3533787095281423,0.2310735021098398,0.7129441866058562,0.02998916992577347,3.4351506,4.0460086
-0.01879332932504206,0.8865644490715252,0.24531584235795503,0.11757305064008602,0.16838624,2.3885481
0.5461375908618816,0.07115863012031243,0.2094901024644832,0.3894403133074924,-0.038138676,4.345807
-0.011439734264920051,0.7980915960834492,0.7050621145156007,0.12255588332136111,-0.06367045,1.4329827
0.48923957062611867,0.2267187795275416,0.623843064862485,0.06235939799560339,3.207408,4.2463136
0.0644601574089755,0.2267187795275416,0.623843064862485,0.06235939799560339,3.157136,2.332933
0.0644601574089755,0.5848385603495889,0.623843064862485,0.06235939799560339,2.951704,2.669898
0.0644601574089755,0.5848385603495889,0.7462855273256975,0.06235939799560339,2.243754,2.7073913
0.0644601574089755,0.5848385603495889,0.7462855273256975,0.33867708542373265,1.9960804,0.9254575
0.3371737348869218,0.4718876365549307,0.050298293995194955,0.028205074986889376,1.6755067,5.0178075
0.05540363719730536,0.13744138837524966,0.4992260328159683,0.514123639909311,2.8731246,1.5417223
0.5965269235860963,0.2539965445145502,0.7655846943209935,0.3209569842272231,2.0241957,3.5354724
0.4863473933202963,0.40272651739202114,0.27630592016785854,0.09162674092922526,5.0869956,4.7082887
0.34057375306549587,0.40272651739202114,0.27630592016785854,0.09162674092922526,5.061215,4.6185308
0.34057375306549587,0.12280727519240342,0.27630592016785854,0.09162674092922526,1.3465984,4.291661
0.34057375306549587,0.12280727519240342,0.7148711107081759,0.09162674092922526,1.2247821,3.725407
0.34057375306549587,0.12280727519240342,0.7148711107081759,0.4097034438727043,-0.4520313,3.306226
0.5031076793691377,0.40041673461159233,0.013497622319366274,0.20728305996095028,1.2536128,5.91172
0.3788733451471268,0.27595045986377187,0.8203683086919406,0.32877415246843,2.083763,3.3886704
0.28521327462049084,0.40100856659788686,0.14084740470139537,0.6201141951302418,3.1252687,2.7143018
0.014451866451117859,0.44679809467119824,0.4982080304462437,0.07095852368229669,4.5961127,3.173937
0.6396946742745439,0.44679809467119824,0.4982080304462437,0.07095852368229669,5.0069056,4.377844
0.6396946742745439,0.3902687444683428,0.4982080304462437,0.07095852368229669,4.3042364,4.3799124
0.6396946742745439,0.3902687444683428,0.5103011915725449,0.07095852368229669,4.2866573,4.3364415
0.6396946742745439,0.3902687444683428,0.5103011915725449,0.38124774462581,2.8237634,3.9242892
0.004454868412070115,0.286863992586333,0.17661985397304694,0.6405028006759039,2.5996206,1.9307617
0.34656934549004303,0.6170148601727443,0.29147167029880267,0.16836279569342946,3.5823438,3.1473699
0.25678232387198763,0.17927126934893423,0.19197432117553728,0.3119717376867861,1.9876956,2.1217883
0.4671245647462593,0.3284656507318884,0.294663001077164,0.5564537392404283,3.1244357,3.7022295
0.5868632071227823,0.3284656507318884,0.294663001077164,0.5564537392404283,3.1146984,3.7378113
0.5868632071227823,0.09351351463540913,0.294663001077164,0.5564537392404283,-0.15762076,3.8214219
0.5868632071227823,0.09351351463540913,0.08797985354026619,0.5564537392404283,0.46728745,4.961411
0.5868632071227823,0.09351351463540913,0.08797985354026619,0.0998240925544209,1.0450413,5.402564
0.36143345064257215,0.31421941925197094,0.7893539064469456,0.3814087807777433,1.7740917,3.3328059
0.26269172196932467,0.7271421445589046,0.04490048949005435,0.29877656152396526,1.4692119,1.9704629
0.3448292739342894,0.6834075847174024,0.4908891713522551,0.6061489573675978,3.4995599,3.1651626
0.19367659375416613,0.19892643329606807,0.5680459841852942,0.5149813007863031,2.3868258,1.5963558
0.36380913428826245,0.19892643329606807,0.5680459841852942,0.5149813007863031,2.1259398,3.7265556
0.36380913428826245,0.5420077859688122,0.5680459841852942,0.5149813007863031,3.4934099,3.741825
0.36380913428826245,0.5420077859688122,0.3368081772204227,0.5149813007863031,3.5739768,3.8092284
0.36380913428826245,0.5420077859688122,0.3368081772204227,0.20823294048661364,4.6720595,3.966068
0.23078343955046765,0.5584700314715483,0.21033667533980785,0.3955893413414202,3.6990268,2.403661
0.3783119200293025,0.20636694415828494,0.3080267413344297,0.17116108809595684,3.1754332,3.824588
0.6343249209777927,0.5159223365283134,0.7424388159296157,0.035693282164075385,4.4917164,4.3307242
0.5487104314243202,0.27621930148423246,0.6649452806178887,0.3613589069757914,2.0741656,3.5117264
0.6063359706409782,0.27621930148423246,0.6649452806178887,0.3613589069757914,2.0741656,3.5245647
0.6063359706409782,0.11272670629529458,0.6649452806178887,0.3613589069757914,-1.0176334,3.5605016
0.6063359706409782,0.11272670629529458,0.553878373069783,0.3613589069757914,-1.0319849,3.8710392
0.6063359706409782,0.11272670629529458,0.553878373069783,0.3573670933821731,-1.0319849,3.8710392
-0.06664761898804127,0.8914877614548198,0.29801878899223805,0.5788643635817685,0.54995537,1.2130588
0.5736782639505683,0.1664315519861912,0.1412014560248668,0.6880830512208185,2.6824436,3.9273415
-0.046892687097664795,0.3582651063840947,0.22818456324847816,0.12762092511735543,5.06375,3.306604
0.4430421476596692,0.7774643779466377,0.4337730511337043,0.5793717711529531,3.2107155,3.2037122
0.18755092563999842,0.7774643779466377,0.4337730511337043,0.5793717711529531,3.1637583,1.8071043
0.18755092563999842,0.4795863584862281,0.4337730511337043,0.5793717711529531,3.696046,1.9992687
0.18755092563999842,0.4795863584862281,0.14930823910286364,0.5793717711529531,3.4598727,2.542792
0.18755092563999842,0.4795863584862281,0.14930823910286364,0.4765783644691517,3.4598727,2.542792
0.43259490509277987,0.4249560334543805,0.2379465174620509,0.2346506863858586,5.1436114,5.2061334
0.22951358894868623,0.2836513919806136,0.7775397540625945,0.6280967158322959,2.0839903,1.1333992
-0.023450525325047974,0.21215453117810634,0.7748375433752436,0.45033650621098786,1.6210245,0.5193832
0.08060454386762918,0.2893508569036243,0.6871080553675121,0.437005347529265,2.863577,1.2903155
-0.08121342525552198,0.2893508569036243,0.6871080553675121,0.437005347529265,2.4974246,0.8690177
-0.08121342525552198,0.8595558799110359,0.6871080553675121,0.437005347529265,0.23228352,0.754045
-0.08121342525552198,0.8595558799110359,0.6831005800956328,0.437005347529265,0.23228352,0.754045
-0.08121342525552198,0.8595558799110359,0.6831005800956328,0.607541250301324,0.1890003,0.754045
-0.04362401439993456,0.8610702936723755,0.24647439689187448,0.5014696708328081,0.6820607,1.6881735
0.6273974470876195,0.38258145560867574,0.5145618233173298,0.25818020971690103,4.263097,3.935604
0.5067403741241606,0.1815519909015615,0.23690479910580145,0.2686924773097026,3.4576542,4.5384607
-0.06443939840331613,0.13336555078470758,0.7990439172368061,0.4792259651056803,1.4329169,0.41264132
0.5518268788876485,0.13336555078470758,0.7990439172368061,0.4792259651056803,0.70001304,3.4722216
0.5518268788876485,0.3121967031983708,0.7990439172368061,0.4792259651056803,2.0231268,3.4328296
0.5518268788876485,0.3121967031983708,0.7051934071187479,0.4792259651056803,2.3734117,3.5171394
0.5518268788876485,0.3121967031983708,0.7051934071187479,0.2369817335655213,3.9640453,3.6508965
0.6415496041252541,0.7930987619491248,0.012070421413801134,0.38146740203702123,0.60473365,5.712839
0.24796345902848504,0.4391135838172664,0.5215551674103572,0.5060582850290523,3.5720997,1.8077642
0.24955179733836685,0.2636408705670332,0.8030307513363758,0.29077487364106247,3.0468006,0.98838294
0.5794976860345878,0.6371058820775346,0.6885029206101606,0.6680647505878916,2.7824123,3.0039208
0.3326317122647372,0.6371058820775346,0.6885029206101606,0.6680647505878916,2.6632087,1.3701099
0.3326317122647372,0.4233901529545374,0.6885029206101606,0.6680647505878916,2.9747005,1.7433188
0.3326317122647372,0.4233901529545374,0.7527161790371583,0.6680647505878916,2.4804542,1.391351
0.3326317122647372,0.4233901529545374,0.7527161790371583,0.48098290855880776,2.4433703,1.391351
0.17009329514995353,0.10468754056305496,0.4479380247518558,0.2065617677845921,1.2614367,1.9358938
0.41242717644373095,0.7572516440489871,0.47742740084814356,0.12638509503236503,3.278093,3.002832
0.461263360232841,0.6365616246871193,0.8093892186355242,0.4296327962259241,1.4464093,2.9266658
0.6665411270781053,0.020645345312785945,0.5302857381318343,0.33344712623502204,-0.6161367,3.943287
0.3859156616561289,0.020645345312785945,0.5302857381318343,0.33344712623502204,-0.65734065,3.6875522
0.3859156616561289,0.2941231052762081,0.5302857381318343,0.33344712623502204,2.552947,3.5922196
0.3859156616561289,0.2941231052762081,0.3229754388687058,0.33344712623502204,2.7247212,3.662287
0.3859156616561289,0.2941231052762081,0.3229754388687058,0.3726350941606853,2.7210674,3.6428106
0.0972695854867104,0.6530135552399563,0.5898351539245982,0.3785058158433152,3.2699478,1.2776978
0.2841233302717522,0.13624658708013593,0.49030416669273386,0.7048609091874063,2.6658382,1.6988642
0.412694219480657,0.3489625982141935,0.15041877389146388,0.606713427889229,3.0712967,4.0268793
0.17143762286529285,0.7833663420300181,0.30133764173781324,0.40679172064256974,2.9474595,1.8661261
-0.04506305556202515,0.7833663420300181,0.30133764173781324,0.40679172064256974,1.10594,1.121227
-0.04506305556202515,0.5337577881387854,0.30133764173781324,0.40679172064256974,3.1372125,1.6716709
-0.04506305556202515,0.5337577881387854,0.6543873559305541,0.40679172064256974,2.4570224,1.0070208
-0.04506305556202515,0.5337577881387854,0.6543873559305541,0.011884370573152812,3.5309541,3.82753
0.08691799402345092,0.040664465452371346,0.18258558215053747,0.1211415418244712,1.5731124,2.1585982
0.06485125692318618,0.43173292448474676,0.7431609534841978,0.31155651329575207,2.9069533,1.3026072
0.6178059819653811,0.14854242372737625,0.5359115925577761,0.024252777252385702,3.7281277,4.549635
0.30531031352585714,0.674653167874208,0.5805172871379706,0.496774818026676,3.4189303,1.6195406
0.01687462990843204,0.674653167874208,0.5805172871379706,0.496774818026676,2.2353637,0.54048634
0.01687462990843204,0.4048306606029617,0.5805172871379706,0.496774818026676,3.2411065,1.0080605
0.01687462990843204,0.4048306606029617,0.3774262871244182,0.496774818026676,3.116609,1.4007862
0.01687462990843204,0.4048306606029617,0.3774262871244182,0.37587957900996827,2.9476333,1.3219411
0.5075428631358939,0.18565835649640494,0.2992841101351202,0.6088796138037154,2.2757106,3.7504706
-0.038998854091670906,0.13031295148905464,0.8266010839349932,0.05579579710676083,1.1591399,2.2587018
0.26966399365384197,0.7778095088354595,0.5531835844147838,0.5564939491723919,3.2467291,1.7338701
0.6543322711960323,0.7484254548592109,0.30505117590017944,0.584821031946209,3.2077215,3.346135
0.5277962684464729,0.7484254548592109,0.30505117590017944,0.584821031946209,3.2077215,3.3035114
0.5277962684464729,0.3974551408550844,0.30505117590017944,0.584821031946209,3.0918717,3.9652593
0.5277962684464729,0.3974551408550844,0.4902758385034413,0.584821031946209,3.091123,3.937534
0.5277962684464729,0.3974551408550844,0.4902758385034413,0.6225555269203866,3.091123,3.937534
0.5736824453825792,0.8015044485110896,0.5069282552923772,0.5611248344268986,3.1097622,3.3977306
-0.07295834070903205,0.4328126377848909,0.059548231566570665,0.6613028334510318,1.7298406,1.9913081
0.5156798175683538,0.343700307092067,0.5670078644423383,0.34139017387166604,2.6059735,3.7553575
0.625912026957446,0.4231729410140743,0.5209740722356487,0.33242057608218545,3.402005,4.1470714
0.16655491184436888,0.4231729410140743,0.5209740722356487,0.33242057608218545,3.3865519,1.6241488
0.16655491184436888,0.733328988134474,0.5209740722356487,0.33242057608218545,3.07571,1.4691172
0.16655491184436888,0.733328988134474,0.7208580978622282,0.33242057608218545,2.3214352,1.2257903
0.16655491184436888,0.733328988134474,0.7208580978622282,0.11671160910620768,2.527298,1.8116494
0.3519268824838867,0.04600122951697472,0.48256740901885736,0.5904992045170552,-0.19478033,3.6707141
0.09721621788866742,0.8170755670411021,0.5786774637433861,0.4494006013056939,2.5013936,1.4827878
0.16814332308919255,0.8453582299931068,0.11403236136319475,0.13454364651343195,0.81563306,2.2850754
0.4009206550827974,0.49551635862221177,0.6789115431262166,0.3597453359203939,2.7445574,3.6063106
-0.04260859388157022,0.49551635862221177,0.6789115431262166,0.3597453359203939,2.3389592,0.95656556
-0.04260859388157022,0.22638905550057542,0.6789115431262166,0.3597453359203939,1.6004945,0.6301084
-0.04260859388157022,0.22638905550057542,0.18640470175607318,0.3597453359203939,1.911137,1.8590337
-0.04260859388157022,0.22638905550057542,0.18640470175607318,0.3212011363495293,2.009609,1.9134068
0.17739058959464848,0.5786650141478402,0.13056155656987203,0.1229950250865279,3.3347406,2.574598
0.5203507280105172,0.6462431921896257,0.1600641464614946,0.41890202178945657,3.288843,3.453256
0.22543071601344045,0.19753931951261317,0.5336221052618549,0.5060672941274049,2.2826283,1.4636931
-0.006089351866718759,0.3447854129289962,0.3531010227978681,0.3565717845376639,3.1737278,1.5234773
0.6622363639405683,0.3447854129289962,0.3531010227978681,0.3565717845376639,2.8863223,3.7971427
0.6622363639405683,0.28187163386777225,0.3531010227978681,0.3565717845376639,2.781515,3.786019
0.6622363639405683,0.28187163386777225,0.06313794690661281,0.3565717845376639,1.5712335,5.243241
0.6622363639405683,0.28187163386777225,0.06313794690661281,0.3685316268916772,1.5712335,5.243241
0.21179377081823325,0.6615074516488928,0.5440029950307758,0.20887635117173883,3.7014377,2.2240982
0.12343908137314398,0.605771893778718,0.05528984189168044,0.613432076000862,1.8104352,1.9199742
0.47702208980937544,0.13447032470997078,0.51441506341592,0.16038133291211662,2.4655957,3.9419568
0.3730163821475815,0.5178767925896146,0.44058256866833195,0.14255616541376523,4.944097,3.8726864
0.16730463217465108,0.5178767925896146,0.44058256866833195,0.14255616541376523,4.7869315,2.637425
0.16730463217465108,0.2907815534447584,0.44058256866833195,0.14255616541376523,4.5797067,2.3787553
0.16730463217465108,0.2907815534447584,0.474483649922198,0.14255616541376523,4.6037984,2.3699515
0.16730463217465108,0.2907815534447584,0.474483649922198,0.42372310797592405,3.2424023,1.6720972
0.44988273636749165,0.5372768092511122,0.17704068522439745,0.3818231615659897,3.2830896,4.403618
0.4165494715729051,0.1470211767845231,0.16445258098736062,0.3517573672292649,1.5971974,3.9036639
0.3970050588208126,0.013259676874072479,0.7211739351807939,0.475633878796188,-0.4520313,3.4079113
0.6032016299930069,0.8986269610450872,0.4917783888925266,0.46640037671228285,2.966283,3.3675666
0.07621605845077352,0.8986269610450872,0.4917783888925266,0.46640037671228285,2.3475842,1.411372
0.07621605845077352,0.3187550151297871,0.4917783888925266,0.46640037671228285,3.623685,1.6495113
0.07621605845077352,0.3187550151297871,0.36612935909959216,0.46640037671228285,3.619065,1.910817
0.07621605845077352,0.3187550151297871,0.36612935909959216,0.5366119400859937,3.619065,1.910817
0.24388778694038893,0.3129716799482689,0.7021035045851377,0.06702828625384069,4.208063,3.0613232
0.6321173839663333,0.12374795631971569,0.11519577654448945,0.24135035919948675,0.8608231,4.8748674
0.603867876803707,0.4198813621574815,-0.0026238567793145052,0.6365656773349464,1.4074221,6.083569
0.5970523589104374,0.05507448220267541,0.5542586546241409,0.07236539201246825,1.1657602,4.0139384
0.639418994894935,0.05507448220267541,0.5542586546241409,0.07236539201246825,1.1657602,4.0195413
0.639418994894935,0.8348648379804322,0.5542586546241409,0.07236539201246825,2.5638907,3.221783
0.639418994894935,0.8348648379804322,0.7738872286675952,0.07236539201246825,1.9578056,3.3415742
0.639418994894935,0.8348648379804322,0.7738872286675952,0.6757122476553938,1.8423275,3.1636822
0.26988667039756964,0.09729677060930708,0.6683024620315864,0.34328562742855695,-1.1120532,0.45462233
0.32970678882221216,0.1426843338672943,0.4148774963946717,0.3401338869424393,1.5044482,1.5854366
0.3118128124997531,0.3730597508252287,0.46431464708312337,0.1994412815907509,4.133013,2.6922204
0.360895355212813,0.37755902507524697,0.5170083823765909,0.05918029342008066,4.202827,4.1798363
0.1363549894696251,0.37755902507524697,0.5170083823765909,0.05918029342008066,4.4175167,3.3144975
0.1363549894696251,0.7247199324338252,0.5170083823765909,0.05918029342008066,2.8229575,3.2058258
0.1363549894696251,0.7247199324338252,0.4363972385891421,0.05918029342008066,2.6007342,3.1570258
0.1363549894696251,0.7247199324338252,0.4363972385891421,0.11867914669156573,2.7838516,1.9315372
-0.028138461068613604,0.33920233377853926,0.1514874253244635,0.46400800387195673,2.7727437,1.9599335
0.2820101005336414,0.1628947917432937,0.7033225441651386,0.2940451045640238,1.553725,1.205774
-0.06443069980321146,0.15144131695401564,0.23768152022107528,0.5581053794056245,2.4759555,1.9812928
0.4428119575467725,0.417105160001229,0.5095598583861926,0.3263227609423218,3.4514747,3.7517996
0.3126767962628004,0.417105160001229,0.5095598583861926,0.3263227609423218,3.4042125,1.4541155
0.3126767962628004,0.8644655554190561,0.5095598583861926,0.3263227609423218,2.95137,1.7172965
0.3126767962628004,0.8644655554190561,0.46458776627442727,0.3263227609423218,2.7679675,1.6947299
0.3126767962628004,0.8644655554190561,0.46458776627442727,0.05954461994210189,2.2292702,2.4883945
0.5936774342104071,0.645906638956872,0.370343541720258,0.706337913450465,3.430016,3.1051702
0.5256313518297043,0.8532832545968825,0.23586462342857742,0.06556480837328135,2.2964954,4.2179723
0.6034726623076013,0.8489874598263998,0.3937172627379035,0.47616706908788586,2.887078,3.2328436
0.0936917345253946,0.6774552485668899,0.3675904185979743,0.4223437635771248,3.3534636,1.5283115
0.1824723939922187,0.6774552485668899,0.3675904185979743,0.4223437635771248,3.4137342,1.890093
0.1824723939922187,0.6761818209293704,0.3675904185979743,0.4223437635771248,3.4137342,1.890093
0.1824723939922187,0.6761818209293704,0.5848827000166444,0.4223437635771248,3.585199,1.6543292
0.1824723939922187,0.6761818209293704,0.5848827000166444,0.352813885129887,3.3746903,1.6437517
0.40744108844539817,0.16726083800400104,0.2999513719843198,0.6036907438349353,2.2029767,3.714544
0.13724339980741773,0.6392509598378666,0.309778091560386,0.4932400407383817,3.3801167,1.7674747
0.5584115376358717,0.6840593374378852,0.2546378108535036,0.16879696004601283,3.5290904,4.030507
0.43889518338139133,0.14383231107069516,0.21192328331086766,0.5943628487147414,2.3518667,4.456155
-0.018557683776467257,0.14383231107069516,0.21192328331086766,0.5943628487147414,2.4759555,1.9807523
-0.018557683776467257,0.9036313485712988,0.21192328331086766,0.5943628487147414,0.6665699,1.4981382
-0.018557683776467257,0.9036313485712988,0.664599831749558,0.5943628487147414,0.1766896,0.7502026
-0.018557683776467257,0.9036313485712988,0.664599831749558,0.38959824548935984,0.1853598,0.69781035
0.6571459806961252,0.32592696172443336,0.7118756382903325,0.057945504957459065,4.294837,4.360232
0.09121047543488138,0.32064388956263734,0.42655148982577445,0.7068046884368542,3.7030132,1.6579859
0.5612305330793629,0.1434323938968296,0.6245638513103867,0.33546483964943263,1.1006047,3.76344
0.6509004899808694,0.39483377509224526,0.0602679325725534,0.609072147734171,1.9383193,5.842239
0.051889401234452306,0.39483377509224526,0.0602679325725534,0.609072147734171,1.8386998,2.7257094
0.051889401234452306,0.49064749642343264,0.0602679325725534,0.609072147734171,1.8385103,2.3602707
0.051889401234452306,0.49064749642343264,0.7977092593566727,0.609072147734171,2.2813065,0.7380872
0.051889401234452306,0.49064749642343264,0.7977092593566727,0.5840308912879877,2.2813065,0.7380872
0.15666333451000225,0.8971866534743778,0.0849776305105511,0.5933738647731666,1.0152096,1.9125302
0.13630203303717903,0.8670289880632893,0.19166226327449767,0.3877768707494127,2.4476528,2.040191
0.16258371549686845,0.7227102883759224,0.6566069694415856,0.22006397379449535,3.0627768,1.9750811
0.3679342674990568,0.8019479659887319,0.77660756203168,0.028642801740275534,1.8318609,3.2090843
0.3919890333985704,0.8019479659887319,0.77660756203168,0.028642801740275534,1.8318609,3.2090843
0.3919890333985704,0.4166473890145319,0.77660756203168,0.028642801740275534,4.368851,4.450426
0.3919890333985704,0.4166473890145319,0.028449892668926866,0.028642801740275534,0.6527296,6.354174
0.3919890333985704,0.4166473890145319,0.77660756203168,0.7019013689169142,2.4164407,3.5975745
0.3930470030516281,0.7486413509187053,0.4844941958365387,0.09684947573946087,3.0269606,3.05811
0.30329640049792095,0.1066710537551927,0.743346169053232,0.22250440193213092,0.9370726,1.3959098
0.618119602612777,0.7863808115144755,0.432559539921995,0.048110311853779536,2.6108475,3.0817547
0.10759789190226966,0.7218509426906139,0.28042946432427923,0.1992145044998956,2.7327912,2.2361066
0.5214202212372853,0.7218509426906139,0.28042946432427923,0.1992145044998956,3.138496,3.6258135
0.5214202212372853,0.7964893084074056,0.28042946432427923,0.1992145044998956,2.335108,3.6580977
0.5214202212372853,0.7964893084074056,0.6067910615256457,0.1992145044998956,2.5576286,3.1207945
0.5214202212372853,0.7964893084074056,0.6067910615256457,0.5695227939411787,2.623384,3.1841028
0.4515546596170227,0.7413908488922476,0.4395513364090439,0.5974077629201915,3.3220005,3.1797142
0.11656323949270976,0.252748655101398,0.2984930113020256,0.102231895883488,4.430005,2.4024518
0.39744577205735176,0.4471360006565295,0.7030199457461642,0.42698150876514873,3.0323503,3.7919288
0.1493592421249953,0.620443812990461,0.4119929202358014,0.6349567240122838,3.37844,1.6194402
0.4430109272615049,0.620443812990461,0.4119929202358014,0.6349567240122838,3.596836,3.0653343
0.4430109272615049,0.16093497053003736,0.4119929202358014,0.6349567240122838,2.2672513,3.8028336
0.4430109272615049,0.16093497053003736,0.6655894820095528,0.6349567240122838,1.6289918,3.5169334
0.4430109272615049,0.16093497053003736,0.6655894820095528,0.11639849513912634,3.4556332,3.9584355
0.43912350114234766,0.10470279596285748,0.1516052748136877,0.7145115134151503,0.81302804,3.8870425
0.02315435219713792,0.643057271543007,0.2998012855715792,0.028405938368233994,2.3191788,3.9474645
0.4549007960041046,0.2802561232368519,0.5741550730006176,0.33383989114092216,2.5058281,3.7548623
0.19873526344599146,0.1915819940601402,0.6459167413528076,0.2346071771560929,3.040286,1.7741954
0.5061635747212779,0.1915819940601402,0.6459167413528076,0.2346071771560929,2.880405,3.6833582
0.5061635747212779,0.007385218148257877,0.6459167413528076,0.2346071771560929,0.85000527,3.6688592
0.5061635747212779,0.1915819940601402,0.8039211812510988,0.2346071771560929,2.3893673,3.5620039
0.5061635747212779,0.1915819940601402,0.8039211812510988,0.27895693809144007,2.379682,3.5269744
-0.049403892693019466,0.1972003897046748,0.0865613335791088,0.13877486957401072,2.2749112,2.8904898
0.49273882639003486,0.7056655527752596,0.10994068056470799,-0.002057830569345522,0.8351944,5.26742
0.27944313831287626,0.8410073712029362,0.18160092518771567,0.34010608735901826,2.5459795,1.9898835
0.21273742518983674,0.7926803651546677,0.20837347899890837,0.4065470594136862,2.7549543,2.2238345
0.15827805375006176,0.7926803651546677,0.20837347899890837,0.4065470594136862,2.4195118,2.004524
0.15827805375006176,0.7380942198480804,0.20837347899890837,0.4065470594136862,2.9845388,1.918983
0.15827805375006176,0.7380942198480804,0.07296085968933311,0.4065470594136862,0.8167958,1.7835194
0.15827805375006176,0.7380942198480804,0.20837347899890837,0.010456457461227562,2.1518717,3.8804166
0.04603085649053508,0.7682164658578765,0.10236908697985295,0.31445893049558293,1.2604373,1.5753701
0.2967021287980899,0.9183851229327349,0.2691914722028023,0.3433650664660952,2.532092,2.2550585
0.013316703899935903,0.2421376263161128,0.4077446893756886,0.18831287296389118,3.4801185,2.2178953
-0.0740679631927904,0.22088506275001585,0.7764710918055785,0.7284021327541481,1.523147,0.50959885
0.5232309052231329,0.2421376263161128,0.4077446893756886,0.18831287296389118,3.1959844,3.9479783
0.5232309052231329,0.7610538766020376,0.4077446893756886,0.18831287296389118,2.8764355,3.0870132
0.5232309052231329,0.7610538766020376,0.6048379894395567,0.18831287296389118,3.0789907,3.1141384
0.5232309052231329,0.7610538766020376,0.6048379894395567,0.312287772860504,3.0928886,3.2409563
0.10060558735725834,0.7720673249263128,0.4891083518029235,0.10934143596116283,2.2071471,1.5404788
0.16411861435663277,0.0026548942906696738,0.4058959702701998,0.011817825731306162,1.9860224,3.3121862
0.2792154242167634,0.5246523608096108,0.5675437198012466,0.25179637212880124,4.717625,2.3910291
0.512636407799051,0.39657966911040754,0.5422744675092955,0.6862316907235275,3.1329157,3.8303504
0.6474628040125133,0.5246523608096108,0.5675437198012466,0.25179637212880124,4.8172636,3.8942754
0.6474628040125133,0.497639848095778,0.5675437198012466,0.25179637212880124,4.8172636,3.8942754
0.6474628040125133,0.497639848095778,0.09327424808929399,0.25179637212880124,2.5649369,6.1059675
0.6474628040125133,0.497639848095778,0.5675437198012466,0.30783996408126413,3.3876235,3.9292948
0.5421680179809824,0.8272642830098804,0.40010308299663006,0.5980116277148682,2.9192395,3.2338183
0.2914021270483159,0.5561652138641526,0.44907807749015877,0.2284495580283021,4.275289,2.4338448
0.15900503872507887,0.012860346229184305,0.39628190546683534,0.37437420505111163,-0.40777874,0.95411325
0.39460103725989326,0.6610763518847973,0.787473158099507,0.32907127776397616,1.4246402,2.9249375
0.18150345989712358,0.5561652138641526,0.44907807749015877,0.2284495580283021,4.338447,2.4907978
0.18150345989712358,0.6866056690927489,0.44907807749015877,0.2284495580283021,3.2318034,2.0712345
0.18150345989712358,0.5561652138641526,0.490642496307744,0.2284495580283021,4.4019465,2.5738356
0.18150345989712358,0.5561652138641526,0.490642496307744,0.6585014597748646,3.7393565,1.8515168
-0.02490668540602191,0.6195365553606949,0.36197923717109765,0.29954463335842973,2.016282,1.1702545
0.19143097544425014,0.04330698313982184,0.13875147125772527,0.019241690597279846,2.474605,4.0242906
0.014652555591045405,0.01718335194998266,0.7616292339706677,0.15670979523218873,0.98838085,0.78592086
0.10749858117805879,0.05469916609689918,0.025351431314767057,0.5024634893230093,0.09801499,1.1622146
0.004651519348968583,0.04330698313982184,0.13875147125772527,0.019241690597279846,2.2390347,3.8024216
0.19143097544425014,0.6096130898308507,0.13875147125772527,0.019241690597279846,3.0167644,4.861866
0.19143097544425014,0.6096130898308507,0.12030675269166427,0.019241690597279846,1.9684321,4.8636613
0.19143097544425014,0.6096130898308507,0.12030675269166427,0.32121869442798,2.3178291,2.0049522
0.38478646749208256,0.20884387870898102,0.8284735489335903,0.611735924904103,1.3477372,3.3100622
0.2973646883034936,0.3710087084858209,0.6889258084461368,0.06963649162842242,4.214026,3.1922314
0.3115215822478433,0.8732459518704352,0.6452001054210571,0.1006576031085906,2.3020327,2.0174677
0.26947970378006303,0.15871945216011207,0.7631058157523561,0.040031651192254686,2.68182,2.854009
0.43000407950549147,0.3710087084858209,0.6889258084461368,0.06963649162842242,4.3493466,4.3232617
0.43000407950549147,0.16791588436832683,0.6889258084461368,0.06963649162842242,3.2718148,4.1302614
0.43000407950549147,0.3710087084858209,0.5214924148957277,0.06963649162842242,4.244403,4.280912
0.43000407950549147,0.3710087084858209,0.5214924148957277,0.2104217279421334,4.188636,4.0645313
0.22969368550396452,0.9180179496329957,0.5777045157018453,0.11081430936264522,2.6023502,1.9844773
0.5972777467097107,0.05745865825251606,0.8219934769639597,0.4111491225400492,-0.28516367,3.4777591
-0.026215030305839368,0.5400324638694629,0.04281501389780377,0.40355440203155624,1.6658415,1.945304
0.5536181850311231,0.2773516449129887,0.4587959016428002,0.7250898843764944,3.2465081,3.7056324
0.23485880792681313,0.2773516449129887,0.4587959016428002,0.7250898843764944,3.4597878,1.8493259
0.23485880792681313,0.28790302658604183,0.4587959016428002,0.7250898843764944,3.4597878,1.8493259
0.23485880792681313,0.28790302658604183,0.479880458637202,0.7250898843764944,3.4597878,1.8704609
0.23485880792681313,0.28790302658604183,0.479880458637202,0.3759353762197932,2.9319763,1.8519557
0.6396346854612768,0.33003616403773783,0.49775118587295036,0.1777033111456738,4.4637756,3.983937
0.13278069274579074,0.5856550956763402,0.5652167842875547,0.14512186428477133,3.8424644,2.0610626
0.41020222372575066,0.5451834817834422,0.45406746370039247,0.6056969824678511,3.5963397,3.7553632
0.1700435257936893,0.14203000111952857,0.22953260531460354,0.6840275288956086,2.8436744,2.3380766
0.34160989225070126,0.5451834817834422,0.45406746370039247,0.6056969824678511,3.5997894,3.7413535
0.34160989225070126,0.2144737096330811,0.45406746370039247,0.6056969824678511,2.1896908,3.5530078
0.34160989225070126,0.5451834817834422,0.175754798427496,0.6056969824678511,3.3910046,4.3973527
0.34160989225070126,0.5451834817834422,0.175754798427496,0.6556414767756173,3.3605366,4.3973527
0.09067543199142149,0.6697393447807283,0.3644925732758581,0.5720472319806547,3.2634995,1.60538
0.10359878971843907,0.8749288154283836,0.7425296356324259,0.6495899203830113,1.4381818,1.2307715
-0.0021466754281779105,0.23314530266422517,0.13623051785400211,0.1079950798402933,3.3469071,2.9626634
0.3100831844856814,0.22203321704802503,0.06195690126518542,0.4032144071011352,1.322759,1.9336815
0.5070958090679766,0.23314530266422517,0.13623051785400211,0.1079950798402933,3.258906,4.4133863
0.5070958090679766,0.7165007614133914,0.13623051785400211,0.1079950798402933,2.8843145,3.7321153
0.5070958090679766,0.7165007614133914,0.14543178940452997,0.1079950798402933,2.8887982,3.6973457
0.5070958090679766,0.7165007614133914,0.14543178940452997,0.19007654203915078,2.8943167,3.665752
0.2425809404353355,0.1783686564902487,0.6364017728740844,0.4440513511664008,1.6450828,1.2573109
0.37062230794527895,0.12228108646713709,0.7532446846422708,0.6062506209690071,-0.39103758,3.3351
0.18258656440995324,0.7167020782965783,0.22922400663871426,0.3551457586453033,3.0205407,2.0760875
0.3005186462883235,0.3899418115401434,0.07150344406803102,0.6566045933236424,1.8244741,2.8652148
0.11761946718951934,0.7167020782965783,0.22922400663871426,0.3551457586453033,2.9410672,1.866084
0.11761946718951934,0.2619183274880319,0.22922400663871426,0.3551457586453033,3.1381624,2.6317084
0.11761946718951934,0.2619183274880319,0.7845798273299563,0.3551457586453033,2.12242,1.0223572
0.11761946718951934,0.2619183274880319,0.22922400663871426,0.5231354003382229,3.4131513,2.665724
0.3128759999594698,0.5189035107816267,0.501099696383604,0.13440213675498566,4.875913,2.7160378
0.3255066617560488,0.23689290364572502,0.2673810467943349,0.2919656463960898,1.9227207,2.3951807
-0.06366376000281236,0.5530845491354226,0.4431459492337137,0.2857854886818103,3.4563763,1.9719732
0.42991847985935927,0.835884159432283,0.47308913609577224,0.6305097487554683,2.982572,3.3568106
0.23981362538588324,0.5189035107816267,0.501099696383604,0.13440213675498566,4.875913,2.7160378
0.23981362538588324,0.3021161236177985,0.501099696383604,0.13440213675498566,4.363486,2.4843488
0.23981362538588324,0.3021161236177985,0.7308763569924718,0.13440213675498566,4.3782115,2.2012038
0.23981362538588324,0.3021161236177985,0.7308763569924718,0.07151630044891985,4.158394,2.9775739
0.31873389195480983,0.4252961794047527,0.806800059504145,0.23695045701518322,4.0101876,1.2767496
0.15270029860017498,0.16639182492335003,0.2262607877697577,0.5049901757275599,2.4607651,2.3110645
0.607396573809413,0.8640645152237965,0.575913099358566,0.0434243653766799,2.642417,3.1942635
0.29412057544397474,0.12166630008401036,0.7537778214069449,0.23234176829054218,0.7399646,0.9366621
0.5855989379398933,0.4252961794047527,0.806800059504145,0.23695045701518322,4.040538,3.7728415
0.5855989379398933,0.8507740973791025,0.806800059504145,0.23695045701518322,1.4795196,3.1439893
0.5855989379398933,0.4252961794047527,0.6370630356176789,0.23695045701518322,4.6538553,3.9276013
0.5855989379398933,0.4252961794047527,0.6370630356176789,0.07660444766690586,5.0427938,4.292137
0.01573545502154018,0.4128703945448686,0.7617640824082764,0.42455804176818646,1.9351022,0.50627136
0.6345619759060174,0.38074546393804853,0.4858152244963078,0.3608889636089856,2.869415,3.9960501
0.6331922574226704,0.659993260451476,0.4195264294333309,0.33156810328746644,3.3654017,3.2067642
-0.05173697615297722,0.6772221031107701,0.6391419847024101,0.7193242947194456,1.2348591,0.6528252
0.5524383648504022,0.4252961794047527,0.6370630356176789,0.07660444766690586,5.0427938,4.2747645
0.5524383648504022,0.771843569591697,0.6370630356176789,0.07660444766690586,2.929595,3.2596192
0.5524383648504022,0.4252961794047527,0.4105055773577701,0.07660444766690586,4.9668894,4.053589
0.5524383648504022,0.4252961794047527,0.4105055773577701,0.6936162739195666,3.8458958,3.9340909
0.09657207468624808,0.4769618072156274,0.0007991798028198814,0.5907691375522575,1.073435,0.29976106
-0.007954601169958372,0.0202783359055152,0.5601903242323475,0.251012743898702,2.0196834,1.708113
0.0054262680844011785,0.024215434206947606,0.17080872642442727,0.4946079425266241,0.7241479,1.2037594
0.6026252536264612,0.22209431256743484,0.34916550966637766,0.5038742596801136,2.2190115,3.7770267
0.5627491552380911,0.4252961794047527,0.4105055773577701,0.07660444766690586,4.9718633,4.0752354
0.5627491552380911,0.3387823772874916,0.4105055773577701,0.07660444766690586,4.246968,4.1048737
0.5627491552380911,0.4252961794047527,0.5913884990167978,0.07660444766690586,4.9491663,4.1648655
0.5627491552380911,0.4252961794047527,0.5913884990167978,0.5390554325447745,3.5750341,4.0013266
0.6545925418892559,0.36312870975148526,0.17463360843166456,0.4628746507546886,3.1691582,4.6407113
0.20644949217995567,0.653885343685507,0.14824420505928107,0.29959791196771945,3.0630171,1.9791408
0.5400092576601964,0.6287535929796091,0.45235675323640295,0.7142070856793232,3.5003133,3.0982535
0.1926404434804373,0.7540938930691365,0.4722366403675124,0.24794914252770536,3.291729,2.1017363
0.26819473846727704,0.4252961794047527,0.5913884990167978,0.07660444766690586,4.8292127,3.6386452
0.26819473846727704,0.7640681643067686,0.5913884990167978,0.07660444766690586,3.0393164,2.4875948
0.26819473846727704,0.4252961794047527,0.556179873559424,0.07660444766690586,4.99786,3.4648554
0.26819473846727704,0.4252961794047527,0.556179873559424,0.11599136282188025,5.2243443,2.5254478
0.26819473846727704,0.4252961794047527,0.556179873559424,0.11599136282188025,5.2243443,2.5254478
0.26819474846727703,0.4252961794047527,0.556179873559424,0.11599136282188025,5.2243443,2.5254478
0.26819473846727704,0.4252961894047527,0.556179873559424,0.11599136282188025,5.2243443,2.5254478
0.26819473846727704,0.4252961794047527,0.556179883559424,0.11599136282188025,5.2243443,2.5254478
0.26819473846727704,0.4252961794047527,0.556179873559424,0.11599137282188024,5.2243443,2.5254478
0.5857599551536704,0.41737058722338993,0.27789725310554786,0.10611095818760316,5.4437695,4.4332795
0.5011247878919444,0.2976785400384574,0.2544937825157278,0.7366307045242984,3.282724,4.55489
0.499219409649602,0.8322242769284554,0.7706557876201766,0.22646723300869806,1.9677613,3.176482
0.2181789423240238,0.17478830831452852,0.24033016175618052,0.11082533000401537,3.819237,2.8747773
0.6326116641541079,0.41737058722338993,0.27789725310554786,0.10611095818760316,5.4437695,4.4332795
0.6326116641541079,0.5169413763037425,0.27789725310554786,0.10611095818760316,5.30551,4.481359
0.6326116641541079,0.5169413763037425,0.38720000077081534,0.10611095818760316,4.9091105,3.9632218
0.6326116641541079,0.5169413763037425,0.38720000077081534,0.6279145952394423,3.6235876,3.856999
0.5857599551536704,0.41737058722338993,0.27789725310554786,0.10611095818760316,5.4437695,4.4332795
0.5857599651536705,0.41737058722338993,0.27789725310554786,0.10611095818760316,5.4437695,4.4332795
0.5857599551536704,0.4173705972233899,0.27789725310554786,0.10611095818760316,5.4437695,4.4332795
0.5857599551536704,0.41737058722338993,0.27789726310554785,0.10611095818760316,5.4437695,4.4332795
0.5857599551536704,0.41737058722338993,0.27789725310554786,0.10611096818760316,5.4437695,4.4332795
0.41637143850740255,0.06109250569863178,0.5565957728313146,0.6917606890172472,0.06807348,3.684683
-0.054707444479437414,0.13709511191734602,0.525235959522674,0.4655479151643185,2.8188577,0.94753176
-0.019615586281977224,0.907713658647058,0.15835915682627713,0.6967327443267628,0.6457252,1.2963805
0.5772034406991876,0.7159787811538125,0.02617772043711267,0.05153344144887481,0.86332726,6.5009627
0.47180211163925334,0.5169413763037425,0.38720000077081534,0.10611095818760316,4.9238753,3.9149742
0.47180211163925334,0.31576813985841135,0.38720000077081534,0.10611095818760316,4.459125,3.9072804
0.47180211163925334,0.31576813985841135,0.5124233253263081,0.10611095818760316,4.4900656,3.8986204
0.47180211163925334,0.31576813985841135,0.5124233253263081,0.25865148279879335,4.2518506,3.7189634
0.6646374985878035,0.7103606456712783,0.12869353682372556,0.11338583555746592,2.0716527,5.0101814
0.2735313908865912,0.33946670114551614,0.6197952018931162,0.6102050176298413,2.65255,1.7290998
0.31316953353051147,0.8607537681536868,0.20446292867817153,0.0013202800716811437,1.0181124,3.616873
0.4398118683279647,0.7608317991338378,0.4550594063219248,0.549292521908125,3.2131214,3.1743727
-0.013905909845166473,0.31576813985841135,0.5124233253263081,0.25865148279879335,4.526327,1.9083933
-0.013905909845166473,0.9083592760443646,0.5124233253263081,0.25865148279879335,0.28304705,1.3395729
-0.013905909845166473,0.31576813985841135,0.7925426634406171,0.25865148279879335,3.3974028,0.9142497
-0.013905909845166473,0.31576813985841135,0.5124233253263081,0.040745125905246454,4.647538,2.6447043
0.3262942667003065,0.5165593475188834,0.7851313557980014,0.5739127135380535,2.5628831,1.2389619
0.25013260083779454,0.2898480265458123,0.01929688133841304,0.7189707039014408,0.9842173,1.190695
0.2211486030468227,0.781672014459275,0.5292084477151765,0.03361338682786294,2.9030902,2.7306738
0.3478731165279506,0.28637776088514055,0.6762907959102223,0.673527029833636,2.4216113,3.4306302
0.22375282946697272,0.31576813985841135,0.5124233253263081,0.040745125905246454,4.2589507,3.3846338
0.22375282946697272,0.8891284823768575,0.5124233253263081,0.040745125905246454,2.3625863,2.7166476
0.22375282946697272,0.31576813985841135,0.8060808159413039,0.040745125905246454,3.798611,2.8969898
0.22375282946697272,0.31576813985841135,0.8060808159413039,0.2803704998000818,3.4410408,0.97195154
0.5617511410466346,0.329557023300032,0.5058869008073005,0.23025169506576756,4.175561,3.8314073
0.1150846858651259,0.3546895293046539,0.37882697961199646,0.47399939026543336,3.4997997,2.0232408
0.4743767652284633,0.5881795649278394,0.021672780213711027,0.7016104882199166,1.43255,5.937556
0.36990751834584856,0.1070423074476281,0.04869796456218315,0.4025789371018149,0.33956861,4.8695073
0.5412823703463369,0.329557023300032,0.5058869008073005,0.23025169506576756,4.175561,3.8314073
0.5412823703463369,0.682176341670377,0.5058869008073005,0.23025169506576756,3.7190545,3.215494
0.5412823703463369,0.329557023300032,0.48641903243449475,0.23025169506576756,4.2127857,3.8398948
0.5412823703463369,0.329557023300032,0.48641903243449475,0.6617587977114461,3.054807,3.730942
0.4355993082222881,0.3652848857454374,0.8194888783710138,0.5034995709952597,2.0722823,3.6464229
0.6044203870132249,0.603766076884777,0.4781959181530832,0.3234548553173049,3.5021715,3.2917244
0.4665078547643712,0.12172405860863478,0.5559333709613589,0.6981246201251174,0.09445271,3.8258135
0.6514859337450655,0.4892259812236772,0.6992947914685014,0.26139934714111845,4.3880286,3.771031
0.6297804351163375,0.4892259812236772,0.6992947914685014,0.26139934714111845,4.3880286,3.7464669
0.6297804351163375,0.5801656719619297,0.6992947914685014,0.26139934714111845,3.20385,3.1721027
0.6297804351163375,0.4892259812236772,0.774306797397576,0.26139934714111845,3.7489526,3.6667216
0.6297804351163375,0.4892259812236772,0.6992947914685014,0.09169544302879015,4.630603,4.045519
0.2977556741709816,0.14758743298150145,0.5182346485576591,0.6225438798591725,2.0204275,1.4655049
0.3696857885310091,0.42786130079536777,0.02291415935151112,0.025833048752723162,0.6051351,6.811055
0.030585592594866054,0.005171856216930948,0.6003756587555239,0.39231967207136975,0.58931047,0.61306036
0.582294960414187,0.5816420957320414,0.5713463794800643,0.06901232697169843,3.9882174,3.4943783
0.3444160855031345,0.4892259812236772,0.6992947914685014,0.09169544302879015,4.6807837,3.9812136
0.3444160855031345,0.5766332084791781,0.6992947914685014,0.09169544302879015,3.125737,3.3810933
0.3444160855031345,0.4892259812236772,0.18796479569862426,0.09169544302879015,5.151384,4.927319
0.3444160855031345,0.4892259812236772,0.18796479569862426,0.6785099382468367,3.6694603,4.6268983
0.02541910715002306,0.7085220398052088,0.44934324667969555,0.5944322910582649,2.5070844,0.684626
0.32971183443763386,0.6972576601395768,0.7865573633942197,0.5314097437724783,1.4252273,1.112736
0.2946404699880937,0.5845389420482427,0.4744653437695429,0.21764946760024625,3.8632762,2.2638838
0.4870962334101171,0.07194393422676981,0.4588509626020744,0.0968239425499284,1.2148714,3.8268194
0.5751055907337622,0.4892259812236772,0.18796479569862426,0.09169544302879015,5.1930304,4.843048
0.5751055907337622,0.10797148513926302,0.18796479569862426,0.09169544302879015,1.3342721,4.474163
0.5751055907337622,0.4892259812236772,0.7115006364166366,0.09169544302879015,4.630603,4.045519
0.5751055907337622,0.4892259812236772,0.18796479569862426,0.06858796851195234,5.1380386,5.4088006
0.08939485409215998,0.6137399894461155,0.2337712296266913,0.1831401712073237,3.300126,2.260091
0.5945754556357546,0.03094033508810412,0.8226564027325022,0.37953732331240886,-0.80107284,3.472544
0.5665938049422351,0.05325546443709328,0.47210656788899014,0.5123484999427852,-0.14776176,3.84271
0.45229547148905314,0.01640999508991836,0.7865675312523143,0.6215870482049439,-0.28650284,3.4654167
0.30738913661251843,0.4892259812236772,0.18796479569862426,0.06858796851195234,4.921101,4.278131
0.30738913661251843,0.6020941266079225,0.18796479569862426,0.06858796851195234,3.4759653,3.8114965
0.30738913661251843,0.4892259812236772,0.23815176178930422,0.06858796851195234,5.066197,4.2419734
0.30738913661251843,0.4892259812236772,0.23815176178930422,0.4175751841043507,3.6058106,2.6604035
0.578850494362989,0.07020676213492116,0.5859234980372049,0.5449229736709889,-0.28749683,3.909415
0.49538208965636155,0.7730045216484274,0.08642120339403628,0.6938769895136829,1.6362504,5.266983
0.25164276135103825,0.077821076433362,0.314781981109617,0.31516763894154565,-0.3536555,1.1159405
0.6432304310520721,0.2900958804043552,0.2450902581592506,0.7173869861688047,3.3146427,4.550393
0.1357579553637932,0.4892259812236772,0.23815176178930422,0.06858796851195234,5.0370803,4.20475
0.1357579553637932,0.5494140363973519,0.23815176178930422,0.06858796851195234,5.0589223,4.1779304
0.1357579553637932,0.5494140363973519,0.4784232162133177,0.06858796851195234,4.608793,3.7560198
0.1357579553637932,0.5494140363973519,0.4784232162133177,0.3454723270622857,3.4191806,1.744516
0.46669835780889823,0.03799040997436176,0.23045925418639693,0.735797967336616,0.52620065,4.3132825
0.05645599001825076,0.519362854079013,0.5511354683325939,0.019122636770283894,4.1276994,4.4046845
0.2622180540786251,0.37754556618364044,0.26193554075214726,0.2700863621274969,4.653552,3.3098154
0.1455283068587384,0.3246028330998554,0.11422527382450146,0.0652987645466929,2.450788,3.6305552
0.3994327172265989,0.37754556618364044,0.26193554075214726,0.2700863621274969,4.7974424,5.002833
0.3994327172265989,0.032820918947894295,0.26193554075214726,0.2700863621274969,1.1459516,4.6330786
0.3994327172265989,0.37754556618364044,0.3770685877120185,0.2700863621274969,4.344515,3.8701508
0.3994327172265989,0.37754556618364044,0.26193554075214726,0.18800126273973913,5.0564184,5.0569463
0.291674576469387,0.9083631722136194,0.7948572132849997,0.6720642272704005,1.2102537,1.058981
-0.045344680336436224,0.46531228317951934,0.47836190636967174,0.38629771654878553,3.1125813,1.2794204
-0.04906890711310484,0.22326716639053412,0.4859958728166775,0.6323202161656383,2.6542635,1.0513148
0.11265026333651375,0.8573693433964906,0.5627123274444704,0.739703296566212,2.3301308,1.4371963
0.29971429948733574,0.37754556618364044,0.26193554075214726,0.18800126273973913,4.9072022,3.4637306
0.29971429948733574,0.6653173658027578,0.26193554075214726,0.18800126273973913,3.493074,2.775569
0.29971429948733574,0.37754556618364044,0.05153703292941573,0.18800126273973913,1.6675845,3.2411044
0.29971429948733574,0.37754556618364044,0.26193554075214726,0.656454102225112,3.169316,3.0271797
0.11984484923512996,0.3057338559554075,0.048619965125694366,0.13997725074527165,1.4413991,2.9183543
0.1067434242019173,0.881755371869493,0.8264157946369187,0.22238466324361636,0.74795616,0.6572887
-0.07826075683038135,0.08470207421433562,0.7558475070146712,0.3064042629069448,0.77321035,0.20439243
-0.028871175494949428,0.7290369250019899,0.7177363064000083,0.5619644666984875,1.0021108,0.55229425
-0.04689654034261857,0.37754556618364044,0.26193554075214726,0.18800126273973913,4.9972563,3.4421787
-0.04689654034261857,0.8845068320167959,0.26193554075214726,0.18800126273973913,0.26497194,2.4890883
-0.04689654034261857,0.37754556618364044,0.4231766763581026,0.18800126273973913,4.7095733,2.5637538
-0.04689654034261857,0.37754556618364044,0.4231766763581026,0.15223574522649838,4.761265,2.4019978
-0.06984239264262913,0.4350527463567522,0.12119110682368853,0.3281233540267152,2.1590426,2.0599606
0.5203897989920471,0.9042489219367313,0.8131406016698647,0.49112187731461887,1.354431,3.115097
0.5372838552063531,0.6674131956922351,0.2262596387476105,0.5748934542657835,3.40815,3.715175
0.6673464741864216,0.13533770460187267,0.2554565238300212,0.3961537001671829,1.2889234,4.6133466
-0.03838550053711241,0.37754556618364044,0.4231766763581026,0.15223574522649838,4.761265,2.4019978
-0.03838550053711241,0.3740020489844209,0.4231766763581026,0.15223574522649838,4.761265,2.4019978
-0.03838550053711241,0.3740020489844209,0.4540879018099803,0.15223574522649838,4.7667513,2.394301
-0.03838550053711241,0.3740020489844209,0.4540879018099803,0.019439299159039056,4.5227766,3.0446653
0.18512098788403686,0.05446273694112769,0.3961224474705162,0.31477951837496576,-0.013180759,1.1919426
0.06114122415567115,0.4628233328564386,0.3863151960119517,0.19349072653547947,4.6488166,2.4962165
0.30236225425655083,0.41635596349399506,0.5291684710066592,0.44673260926871095,3.5314658,1.7342196
0.5068659978888509,0.7387606150181245,0.12168998518413368,0.134938779790275,1.7498902,4.929037
0.09981665718514766,0.4628233328564386,0.3863151960119517,0.19349072653547947,4.862119,2.5261846
0.09981665718514766,0.055313947188843304,0.3863151960119517,0.19349072653547947,1.4306118,1.9654318
0.09981665718514766,0.4628233328564386,0.09976760313115554,0.19349072653547947,2.3797112,3.048665
0.09981665718514766,0.4628233328564386,0.3863151960119517,0.5812802266299109,3.7229655,1.8874731
0.049437624910205216,0.522851161923743,0.3055684257201369,0.6753948111163552,3.7432935,1.8651254
0.6343431594857057,0.27437685569309034,0.008943306961508055,0.11186422599039145,1.0341157,5.7502623
0.28512260084523156,0.5400472301494275,0.4198425262364815,0.7319902840038246,3.6609035,1.9337918
0.1266822594906868,0.8414125316295142,0.3270296933924634,0.7276167977138783,2.4383183,1.9084357
0.005791379300087343,0.4628233328564386,0.3863151960119517,0.19349072653547947,4.6440697,2.4200861
0.005791379300087343,0.704673513155996,0.3863151960119517,0.19349072653547947,1.9313011,1.3633988
0.005791379300087343,0.4628233328564386,0.47356421574929447,0.19349072653547947,4.635487,2.3421566
0.005791379300087343,0.4628233328564386,0.47356421574929447,0.532970726461901,3.2068732,1.0479442
0.1390428787735779,0.3899307042823881,0.32561239853100993,0.17378266164624986,4.5103292,2.590266
0.39305692021548955,0.6566763040498014,0.4299538610298183,0.1293314778151213,3.4251213,3.0502088
0.5151997687579318,0.629847050831907,0.2644272189998124,0.5155600094295849,3.4670882,3.884102
0.24885050266646902,0.6284836043040571,0.1424264877800984,0.3189366758792467,2.910025,1.9284596
0.3373587090876583,0.3899307042823881,0.32561239853100993,0.17378266164624986,4.2429256,2.7713623
0.3373587090876583,0.48257310554446775,0.32561239853100993,0.17378266164624986,4.695674,2.867891
0.3373587090876583,0.48257310554446775,0.7892438013906012,0.17378266164624986,3.9664094,1.411107
0.3373587090876583,0.48257310554446775,0.32561239853100993,0.4414271865101824,3.610065,2.2390623
0.22192189211659186,0.45147937707506713,0.1237477738067713,0.15158870697676005,2.9673548,3.2143998
0.5684190522313327,0.14854845005620643,0.16314803964318517,0.0851829390781553,3.2679536,4.360868
0.17241455883775447,0.6514272412847832,0.3679294031335409,0.020854932598229656,2.9243267,4.4561033
0.6325554117266058,0.819037464887201,0.3901627905393465,0.16818795896674385,2.351578,3.1865973
0.6369863225079874,0.48257310554446775,0.32561239853100993,0.17378266164624986,4.8549953,4.0514784
0.6369863225079874,0.05325361967817788,0.32561239853100993,0.17378266164624986,1.149446,3.8847392
0.6369863225079874,0.48257310554446775,0.21192761432665055,0.17378266164624986,5.3931274,4.8277507
0.6369863225079874,0.48257310554446775,0.21192761432665055,0.5405714044397385,3.640299,4.5962834
-0.012397702067549962,0.9147851116087287,0.234953237341493,0.6342411498922829,0.6665699,1.4981382
-0.02447732540866042,0.1589112254468561,0.5646608877209774,0.6329918688109899,2.8951862,1.1197786
-0.0192774108749295,0.7538355128133132,0.44357727505907535,0.13733027825326613,1.6231042,1.5133002
0.12593947247706583,0.3309953497786857,0.3155783433119183,0.10915176149235603,4.62293,2.6597402
-0.0005997529990083711,0.48257310554446775,0.21192761432665055,0.17378266164624986,4.73711,3.4532728
0.6369863225079874,0.3830119848683622,0.21192761432665055,0.17378266164624986,5.059478,4.9711976
0.6369863225079874,0.48257310554446775,0.13534369069868638,0.17378266164624986,4.789056,4.5800414
0.6369863225079874,0.48257310554446775,0.21192761432665055,0.44623289494871443,3.670178,4.616996
-0.008600179545219175,0.22990340066552406,0.6391952220714704,0.24477961729711592,2.9999669,1.6722289
0.6148897210085807,0.1620979333007364,0.2718224901905865,0.0811257674732779,3.6748536,4.671175
0.27880335967134207,0.4299449350636606,0.21693880737238028,0.34420349988374,3.3397377,2.6282387
0.4293493569955006,0.24790127178124788,0.44365119312929874,0.3589935600596874,1.8694214,3.8098545
0.4754951318866184,0.48257310554446775,0.21192761432665055,0.17378266164624986,5.4003487,4.925367
0.4754951318866184,0.5888120347781385,0.21192761432665055,0.17378266164624986,4.081421,4.311289
0.4754951318866184,0.48257310554446775,0.4307810648459451,0.17378266164624986,4.8890157,3.9461484
0.4754951318866184,0.48257310554446775,0.21192761432665055,0.5074414263728215,3.6475203,4.6996837
0.6609670086280831,0.1659938244418777,0.47625167516263817,0.028587021317253634,3.6520557,4.448602
0.39859931047263764,0.5560242892872402,0.7438279715609565,0.5298891444046205,2.669609,3.4920745
0.6584290348299754,0.02570985831376582,0.4339809845196467,0.4578221146790682,-0.17868161,3.9073997
0.5783629270165976,0.2053264459527413,0.6003007333540745,0.35071079934435545,1.3375711,3.8871531
0.615087734672095,0.48257310554446775,0.21192761432665055,0.17378266164624986,5.3931274,4.828121
0.615087734672095,0.4364690167344625,0.21192761432665055,0.17378266164624986,5.5708203,5.1853247
0.615087734672095,0.4364690167344625,0.36202888769120184,0.17378266164624986,5.1065416,4.1437054
0.615087734672095,0.4364690167344625,0.21192761432665055,0.20148147178829487,5.3425946,5.1971025
0.615087734672095,0.4364690167344625,0.21192761432665055,0.17378266164624986,5.5708203,5.1853247
0.615087744672095,0.4364690167344625,0.21192761432665055,0.17378266164624986,5.5708203,5.1853247
0.615087734672095,0.4364690267344625,0.21192761432665055,0.17378266164624986,5.5708203,5.1853247
0.615087734672095,0.4364690167344625,0.21192762432665055,0.17378266164624986,5.5708203,5.1853247
0.615087734672095,0.4364690167344625,0.21192761432665055,0.17378267164624986,5.5708203,5.1853247
0.2155596540227619,0.02514914942342461,0.5675933362280422,0.4401572136683889,-0.06560986,0.9571562
0.06618086306881,0.7924688271460356,0.6329206349730477,0.4758655384528332,1.5880222,1.166215
0.20753109938916603,0.2151421173175434,0.4581774592882026,0.12687157060083007,3.3695638,2.4128394
-0.026730597858251368,0.24183908608044735,0.06982171680655372,0.35645061419722524,1.2344545,1.6622812
0.11106936932681911,0.4364690167344625,0.21192761432665055,0.20148147178829487,4.9892964,3.1814492
0.615087734672095,0.6100421159669249,0.21192761432665055,0.20148147178829487,3.924295,4.101904
0.615087734672095,0.4364690167344625,0.43129935075419373,0.20148147178829487,4.9714904,4.2130218
0.615087734672095,0.4364690167344625,0.21192761432665055,0.4629268079778299,3.7468061,4.9745693
0.44571127352846507,0.6442867890116672,0.0864585166268447,0.7182625160859111,2.1195366,5.3741984
-0.050291698849888586,0.4283221684174534,0.030800135690050388,0.3781528773213765,1.4789681,1.9813104
0.39522951173722076,0.11767576679706382,0.5298896364242974,0.5176521650251793,-0.49242923,3.6838462
0.02716889226242615,0.2586234492644035,0.4060945178860899,0.3124395465785845,2.8729641,1.277211
0.05632429810285568,0.4364690167344625,0.21192761432665055,0.20148147178829487,4.9002676,3.1655345
0.615087734672095,0.8726695220125,0.21192761432665055,0.20148147178829487,2.2828913,3.84949
0.615087734672095,0.4364690167344625,0.36630800954650805,0.20148147178829487,4.9547243,4.1847405
0.615087734672095,0.4364690167344625,0.21192761432665055,0.6348299710274077,3.7169273,4.953857
0.422972011730827,0.3145433039537209,0.1973177079628984,0.7188982265046704,3.2791653,4.447167
0.4893395135514823,0.03976149658177963,0.7298457752494655,0.6729519700211313,-0.28116608,3.556828
0.5890389796955485,0.817591771169039,0.5185030364121993,0.47266428545092154,3.0135977,3.3928277
0.5609055928996097,0.3050259891903635,0.7419337924212915,0.0902947737721291,4.2573223,3.9552288
0.26706051460254254,0.4364690167344625,0.21192761432665055,0.20148147178829487,5.2072105,3.4760318
0.26706051460254254,0.3207397030245165,0.21192761432665055,0.20148147178829487,4.730492,3.0745726
0.26706051460254254,0.4364690167344625,0.5190982718531777,0.20148147178829487,4.7705016,2.8257194
0.26706051460254254,0.4364690167344625,0.21192761432665055,0.6765578817401163,3.7761033,2.714558
0.622509197396217,0.8630761681008874,0.34952252284624036,0.03268696296518667,2.0754852,2.9165895
0.5764552382179241,0.571997599000543,0.3809112389757065,0.27160034210023554,4.04555,3.2292523
0.3026941066943297,0.15991979760622188,0.2271064097145116,0.3300773369047185,2.0189812,2.232298
0.4928452427648883,0.5624782032542117,0.49990272601825975,0.5636026927919069,3.8388343,3.8633451
0.5776306430124026,0.4364690167344625,0.21192761432665055,0.20148147178829487,5.3425946,5.1971025
0.5776306430124026,0.14942710628243594,0.21192761432665055,0.20148147178829487,3.5712512,4.5998144
0.5776306430124026,0.4364690167344625,0.5294605102448994,0.20148147178829487,4.897009,4.2232413
0.5776306430124026,0.4364690167344625,0.21192761432665055,0.3600180968657867,3.4806337,4.970538
-0.048795197988115255,0.1986647743988672,0.5004449798972413,0.28372120189203187,3.642097,1.8207499
0.03672378237546371,0.41833328066788944,0.23561980665907836,0.025408511726123326,5.612402,4.129784
0.11478625292108181,0.06757613707120846,0.15102278318229825,0.2906619473002614,1.0197841,1.9368792
0.21804801320192413,0.3931108848184053,0.7200095152999871,0.11429186577812797,4.510987,2.3442485
-0.07173296836525155,0.41833328066788944,0.23561980665907836,0.025408511726123326,5.4655538,3.8536067
-0.07173296836525155,0.32670999859850003,0.23561980665907836,0.025408511726123326,5.3221855,3.6388986
-0.07173296836525155,0.32670999859850003,0.6194908021462598,0.025408511726123326,4.386406,2.624291
-0.07173296836525155,0.32670999859850003,0.23561980665907836,0.45891050046198245,3.0849044,2.1535714
0.03672378237546371,0.41833328066788944,0.23561980665907836,0.025408511726123326,5.612402,4.129784
0.036723792375463714,0.41833328066788944,0.23561980665907836,0.025408511726123326,5.612402,4.129784
0.03672378237546371,0.41833329066788943,0.23561980665907836,0.025408511726123326,5.612402,4.129784
0.03672378237546371,0.41833328066788944,0.23561981665907836,0.025408511726123326,5.612402,4.129784
0.03672378237546371,0.41833328066788944,0.23561980665907836,0.025408521726123328,5.612402,4.129784
0.45080100327414707,0.5404282702226784,0.07551647219570592,0.20393376044638953,1.9621315,6.061315
0.6617873342857351,0.07655264455032418,0.2516106712528385,0.47236936587542644,0.16096587,4.530205
-0.07709009477131433,0.8450295595056407,0.33857366802101646,0.7023965984055032,0.6179175,1.2169011
0.3161697892921157,0.04248335913772294,0.02006124556760672,0.33836981841846026,-0.5793535,0.8522044
0.5741585057138753,0.32670999859850003,0.23561980665907836,0.025408511726123326,5.4017663,5.960237
0.5741585057138753,0.3566514229340072,0.23561980665907836,0.025408511726123326,5.4226427,6.1152077
0.5741585057138753,0.3566514229340072,0.655178052007085,0.025408511726123326,4.4588857,4.7291245
0.5741585057138753,0.3566514229340072,0.23561980665907836,0.24618340708200745,4.6749005,4.8882613
0.6011436999661767,0.6061085273477365,0.808132502913728,0.6518648162613729,1.3934574,3.0303543
0.3577288435570106,0.8436705481191002,0.10345786836816542,0.2913553671799569,1.5635732,4.926693
0.1483937896770634,0.7696555862565657,0.3898672200187318,0.22407427915786823,2.511396,2.201459
0.6109082795151438,0.09514856511376513,0.6642703800235527,0.5761364287940012,-0.47903794,3.5532155
0.6643720425579699,0.3566514229340072,0.23561980665907836,0.025408511726123326,5.4050436,6.127102
0.6643720425579699,0.1138634712600246,0.23561980665907836,0.025408511726123326,2.2245996,5.773962
0.6643720425579699,0.3566514229340072,0.3017260741634277,0.025408511726123326,4.440177,4.732412
0.6643720425579699,0.3566514229340072,0.23561980665907836,0.704909627386133,3.3361158,4.826314
0.6521574204832276,0.7164158850406741,0.47916549047887974,0.26533918330667916,3.4390385,3.1774516
0.42284516216421253,0.8578544781957294,0.7285725837731575,0.7397948260570821,1.9284121,3.2339487
0.621450510444839,0.3799923523268687,0.7491356126347924,0.05942202639059954,4.1783247,4.4333506
0.056890316313306,0.40485476459979974,0.21713155222808825,0.5421784183441147,3.5301952,2.6885648
0.28008554836729005,0.3566514229340072,0.23561980665907836,0.025408511726123326,5.2093344,4.4257646
0.28008554836729005,0.8131168280417116,0.23561980665907836,0.025408511726123326,1.9208055,3.2799966
0.28008554836729005,0.3566514229340072,0.48407199774852255,0.025408511726123326,4.218671,4.320349
0.28008554836729005,0.3566514229340072,0.23561980665907836,0.31813898859393674,2.9937546,2.997505
0.12392743162836618,0.735987541481419,0.4929975848823264,0.4760095977094494,3.280104,1.713802
0.16947053747342367,0.918656880685484,0.5091486364790895,0.01908903135061377,1.5659693,3.2216458
0.05604140492019506,0.6151857341226101,0.8143565788143697,0.10030097496235865,0.9564846,0.60417986
0.38185618399850607,0.16736441275955016,0.730123645596397,0.06798731620119011,3.2094724,3.9351108
-0.05528361891881227,0.3566514229340072,0.23561980665907836,0.025408511726123326,5.3368516,3.630111
-0.05528361891881227,0.6439918693258497,0.23561980665907836,0.025408511726123326,1.93465,4.0919724
-0.05528361891881227,0.3566514229340072,0.7770586722596077,0.025408511726123326,3.496593,2.6881459
-0.05528361891881227,0.3566514229340072,0.23561980665907836,0.04670417519004741,5.138558,3.513571
0.020461237712042238,0.5619693269924784,0.30389256571904694,0.24889178670117926,3.8083792,1.7827853
0.5215779789719645,0.11770536088838046,0.0039021821491259977,0.6755842499062403,0.35953236,5.194639
-0.010474083666076703,0.22862895348612655,0.1747136748983195,0.7201286661862909,2.289102,1.7480347
0.3477841795213338,0.1508968553668497,0.16421998788631056,0.5968820004699644,2.3058913,3.9243686
0.2673896976633515,0.3566514229340072,0.23561980665907836,0.04670417519004741,4.8603015,3.886379
-0.05528361891881227,0.5628283291572398,0.23561980665907836,0.04670417519004741,4.1973214,4.0050054
-0.05528361891881227,0.3566514229340072,0.2221246913540064,0.04670417519004741,5.138558,3.5185642
-0.05528361891881227,0.3566514229340072,0.2221246913540064,0.4747850795575168,3.0696952,2.2496114
0.3248837245931494,0.23107832752743862,0.3665564461114949,0.3146537384961654,1.80137,1.7873924
0.4442331041281734,0.04819923792828673,0.27102142646390787,0.3052982307290115,-0.0614567,4.236969
0.25517425344859357,0.8349279462698993,0.14361194449148132,0.21352378488248644,2.070717,2.4268148
0.16626755323779674,0.31128762038827373,0.5911392132554026,0.0033919420335237517,4.566576,4.841942
0.025328472097053148,0.3566514229340072,0.2221246913540064,0.04670417519004741,5.0420747,3.5004523
0.025328472097053148,0.8186656575271956,0.2221246913540064,0.04670417519004741,1.2059557,2.1399286
0.025328472097053148,0.3566514229340072,0.2830629705626721,0.04670417519004741,4.4995856,2.9679685
0.025328472097053148,0.3566514229340072,0.2221246913540064,0.6208246338817638,3.020627,2.3331938
0.45960071130512026,0.3168120644841368,0.2148498634584776,0.6392995944458626,3.1997614,4.42819
0.23901751287197104,0.28132530247399545,0.7739929714082162,0.14183449190834804,4.077059,1.7746205
0.42023714826499614,0.040495933807283,0.5307922128313697,0.3281392640316412,-0.61963534,3.8778558
0.48322423345796783,0.91173975048132,0.5756695505132602,0.288326360191558,2.7017758,3.3080492
0.10977874714372894,0.3566514229340072,0.2221246913540064,0.04670417519004741,5.106961,3.5739539
0.10977874714372894,0.33893831943742203,0.2221246913540064,0.04670417519004741,5.1190643,3.5273519
0.10977874714372894,0.33893831943742203,0.39793328210896867,0.04670417519004741,4.661888,3.1718068
0.10977874714372894,0.33893831943742203,0.2221246913540064,0.3894697240767613,3.4010038,2.6267557
0.5025116975681775,0.005640694907639521,0.4501022493373101,0.6190446730612642,-0.14776176,3.7876997
0.0625442329930347,0.6772526379340391,0.32008689702015797,0.2584588571467208,3.0616295,1.5274706
0.46411003862438516,0.7125944687676897,0.6827872881558567,0.29347776557439786,2.9274013,3.0775719
0.2568625653704283,0.9107395135121847,0.7815798438220652,0.5378328587625383,1.271862,1.3192906
0.14557074021211724,0.33893831943742203,0.2221246913540064,0.04670417519004741,5.0544105,3.6719549
0.10977874714372894,0.20552373668646684,0.2221246913540064,0.04670417519004741,3.675233,3.3772328
0.10977874714372894,0.33893831943742203,0.3533360883417042,0.04670417519004741,4.623368,3.1703405
0.10977874714372894,0.33893831943742203,0.2221246913540064,0.6561357549952973,3.5193038,2.6376092
0.3587167410614195,0.763092998886644,0.3697585578766071,0.19301589203227817,2.6970682,3.0288608
0.284602027665691,0.4020843326193724,0.27536040653634547,0.5088362973883491,3.305531,2.8935046
0.14382881447035978,0.7734745529704878,0.28992762024645463,0.5022297030666891,2.8262565,1.7806026
0.12698793508529949,0.5415982522837854,0.49372890193119184,0.4533285380186136,3.7624552,1.9653777
0.11832303800769396,0.33893831943742203,0.2221246913540064,0.04670417519004741,5.0786824,3.7176151
0.11832303800769396,0.5725053645680336,0.2221246913540064,0.04670417519004741,3.4064896,3.6813908
0.11832303800769396,0.33893831943742203,0.2451665063792249,0.04670417519004741,5.1015015,3.7138758
0.11832303800769396,0.33893831943742203,0.2451665063792249,0.7412882804156418,3.5985904,2.7075973
0.14872566523456088,0.6448103244902095,0.3285108764901871,0.29421366561124174,3.123473,1.6660827
0.2570750379925274,0.39547067554280657,0.29727604140671454,0.3020136162451976,2.8302999,2.2792954
0.12959653293107032,0.7056955824102022,0.23496705243440577,0.10400934448256646,2.8170552,2.3241603
0.6147310804614178,0.6510047445751588,0.37859519280852266,0.4044875898574034,3.5090854,3.1258826
0.500839627329125,0.33893831943742203,0.2451665063792249,0.04670417519004741,5.0892515,5.6164703
0.500839627329125,0.6466290781921913,0.2451665063792249,0.04670417519004741,3.4466772,4.1071963
0.500839627329125,0.33893831943742203,0.05854620222973709,0.04670417519004741,1.5502948,5.9911737
0.500839627329125,0.33893831943742203,0.2451665063792249,0.5684456204783466,3.2113895,4.5492396
0.5634343905098561,0.2759251313754678,0.029544824219594288,0.45248109175473417,1.0774107,5.41384
0.2576523236358691,0.8971424112597739,0.5165084061416517,0.03247723853907655,2.2151303,2.86198
0.5425834759833051,0.4720841952635624,0.3058260877051712,0.3793053117967311,3.465304,4.0359917
0.3311628333183846,0.13517857796381882,0.565053401751867,0.42962781897507085,1.0688558,1.5701003
-0.0604113007985788,0.33893831943742203,0.2451665063792249,0.04670417519004741,5.140574,3.4920018
-0.0604113007985788,0.5601620748275069,0.2451665063792249,0.04670417519004741,4.1667523,3.9962819
-0.0604113007985788,0.33893831943742203,0.39174891308065213,0.04670417519004741,4.660792,2.75275
-0.0604113007985788,0.33893831943742203,0.2451665063792249,0.701815264982681,3.189167,2.246378
0.11233345629842563,0.5255080727836514,0.04024367404498578,0.6102097746221347,1.6481359,2.3786423
0.3813605252488278,0.40926644674987367,0.2172180412900934,0.49429571732403943,3.6091273,4.7639546
0.31974130905970977,0.5826218344494598,0.33595551855651257,0.17707290051166066,3.7253358,2.2566686
0.6400291757308209,0.7402142174990844,0.1484472106652394,0.11401507905724981,2.8202994,3.5465183
0.1963887475433489,0.33893831943742203,0.2451665063792249,0.04670417519004741,5.008,3.7337632
0.1963887475433489,0.039622513252572045,0.2451665063792249,0.04670417519004741,1.6307449,3.337356
0.1963887475433489,0.33893831943742203,0.5866590458346649,0.04670417519004741,4.341879,3.5031161
0.1963887475433489,0.33893831943742203,0.2451665063792249,0.2195887892823087,4.7176766,3.1977713
0.5603426919459097,0.3600871729762334,0.5241921154380277,0.5807213360096881,2.9631994,3.8923647
0.07713159900090995,0.4726342872571725,0.33534902269039296,0.5654649857285072,3.7683432,1.8979069
0.4832353120634728,0.03951151624112281,0.7035728830825349,0.1961447006558998,0.9587139,3.7647958
0.49433781525579723,0.4424061703725406,0.6067145312586074,0.09637103599449046,5.017399,3.8913202
0.46189424529293344,0.4424061703725406,0.6067145312586074,0.09637103599449046,5.017399,3.8913202
0.46189424529293344,0.27948125746405017,0.6067145312586074,0.09637103599449046,4.394106,3.7754688
0.46189424529293344,0.4424061703725406,0.508302269480064,0.09637103599449046,5.059716,4.107638
0.46189424529293344,0.4424061703725406,0.508302269480064,0.2925790662805987,3.5587935,4.0614657
-0.011926745114021128,0.8185606860293326,0.6630664922894701,0.21311435110460406,0.34732035,1.6363373
0.5396943558688868,0.5241578668229518,0.4605252334724143,0.6868762600513243,3.7899394,3.8590236
0.27537369173517134,0.2692734674294419,0.6261398016221177,0.28343872873741205,3.7805536,1.8256748
0.0837392351921439,0.43230249948821076,0.2628419905967298,0.6459612393194014,3.793284,2.6632824
0.6408930229925361,0.4424061703725406,0.508302269480064,0.09637103599449046,5.0577583,4.155885
0.6408930229925361,0.779842529451984,0.508302269480064,0.09637103599449046,3.1269448,3.2172906
0.6408930229925361,0.4424061703725406,0.06028487313610135,0.09637103599449046,1.9342352,6.2113442
0.6408930229925361,0.4424061703725406,0.508302269480064,0.14975496212585068,5.1610045,4.163565
0.286568072160711,0.845633673539834,0.6963246635476302,0.37319026323908133,2.096612,1.5262742
0.3020549371869231,0.7906313972202259,0.04282007994304619,0.5975738315402097,0.61659193,2.0469773
0.42504393698386267,0.2469524106485772,0.08888281825533842,0.1807472455789991,2.0581493,5.386709
0.5952638697048832,0.4877605741141968,-0.0024365718134285686,0.29952520408020433,1.3129932,6.158045
0.20769207891829733,0.4424061703725406,0.508302269480064,0.14975496212585068,5.034595,2.6415868
0.20769207891829733,0.834218210768102,0.508302269480064,0.14975496212585068,2.574345,2.0376737
0.20769207891829733,0.4424061703725406,0.31753174904746334,0.14975496212585068,5.0131936,2.9185212
0.20769207891829733,0.4424061703725406,0.31753174904746334,0.6338750896369731,3.7811544,2.2573316
-0.06400991037492175,0.22217432433996498,0.0226116599487857,0.2609599990350553,1.1675397,2.7351995
0.06766000284019803,0.821534271309087,0.06472553982707333,0.48787124191066766,0.5728518,1.6412779
0.6291369736499451,0.2600689451274407,0.7839288174895266,0.562695577081282,2.0328238,3.4522045
0.364256180091067,0.4484069097687833,0.2035164833049671,0.7086556488258786,3.659363,5.004189
0.21522203384129945,0.4424061703725406,0.31753174904746334,0.14975496212585068,5.0131936,2.9185212
0.21522203384129945,0.20668068146513408,0.31753174904746334,0.14975496212585068,3.298928,2.5293992
0.21522203384129945,0.4424061703725406,0.048340044395543215,0.14975496212585068,1.8327925,3.2056947
0.21522203384129945,0.4424061703725406,0.31753174904746334,0.10126983465067238,4.900391,2.9033592
0.17587998039300895,0.46971579951753895,0.17868867759470036,0.6759891226128446,3.850015,2.544006
-0.022863181068782587,0.19936029803346722,0.5517441655538978,0.41160950888609804,2.8223374,0.84904194
0.42669827735246424,0.608432494114898,0.38656672271458875,0.5793207820988968,3.5388143,3.2685924
0.6409101100842142,0.8604975963662196,0.7983220151913989,0.1793108912839436,1.4814888,3.057495
0.04576224148573872,0.4198569334907041,0.025599886459172803,0.5812727151763184,1.2052302,2.372474
0.010360313087775089,0.4198569334907041,0.025599886459172803,0.5812727151763184,1.0637236,2.166594
0.010360313087775089,0.014867535936665455,0.025599886459172803,0.5812727151763184,-0.023885116,1.1814141
0.010360313087775089,0.014867535936665455,0.5564896348215197,0.5812727151763184,0.624447,0.34355542
0.010360313087775089,0.014867535936665455,0.5564896348215197,0.3444797611852728,-0.02410099,0.2693337
0.17587998039300895,0.46971579951753895,0.17868867759470036,0.6759891226128446,3.850015,2.544006
0.17587999039300894,0.46971579951753895,0.17868867759470036,0.6759891226128446,3.850015,2.544006
0.17587998039300895,0.46971580951753894,0.17868867759470036,0.6759891226128446,3.850015,2.544006
0.17587998039300895,0.46971579951753895,0.17868868759470036,0.6759891226128446,3.850015,2.544006
0.17587998039300895,0.46971579951753895,0.17868867759470036,0.6759891326128447,3.850015,2.544006
0.4090768260213714,0.4724719114431859,0.10213057882626222,0.7238643520181505,2.6075337,5.4885745
0.26001646329600303,0.6631779314166959,0.8185374715939043,0.6415884814245523,1.3410438,0.8388254
0.08266911176626714,0.15797209867567608,0.4975336824249878,0.1400665707508821,3.8710363,2.2069404
0.5634159282879218,0.06315465717862123,0.6552855599339814,0.22710007070824287,0.8897381,3.713657
0.06556853390553953,0.06315465717862123,0.6552855599339814,0.22710007070824287,1.0687859,1.3882779
0.06556853390553953,0.4930639371939711,0.6552855599339814,0.22710007070824287,3.9106174,1.8548726
0.06556853390553953,0.4930639371939711,0.7451540072280659,0.22710007070824287,3.6274123,1.4639275
0.06556853390553953,0.4930639371939711,0.7451540072280659,0.4506591786186753,2.7448642,1.1814924
0.06556853390553953,0.4930639371939711,0.6552855599339814,0.22710007070824287,3.9106174,1.8548726
0.06556854390553953,0.4930639371939711,0.6552855599339814,0.22710007070824287,3.9106174,1.8548726
0.06556853390553953,0.4930639471939711,0.6552855599339814,0.22710007070824287,3.9106174,1.8548726
0.06556853390553953,0.4930639371939711,0.6552855699339815,0.22710007070824287,3.9106174,1.8548726
0.06556853390553953,0.4930639371939711,0.6552855599339814,0.22710008070824286,3.9106174,1.8548726
0.2658875734576994,0.17915257601227452,0.5299759114823631,0.0795939329581827,3.018678,3.1008687
0.15405193743717638,0.7752441746614012,0.4775971386958621,0.24657793876824383,2.648984,2.00885
0.05728677576585252,0.4815795645702723,0.7533489202249503,0.5370980379181773,2.2137048,1.0040131
0.06143262926227923,0.5969717811814901,0.5493460459592686,0.4809323320134986,3.3815272,1.1579473
-0.0357868361859429,0.5969717811814901,0.5493460459592686,0.4809323320134986,2.1770818,0.8154181
-0.0357868361859429,0.1426637247316127,0.5493460459592686,0.4809323320134986,2.8156815,0.92900556
-0.0357868361859429,0.1426637247316127,0.7557835739273243,0.4809323320134986,1.7279086,0.53457284
-0.0357868361859429,0.1426637247316127,0.7557835739273243,0.43516099170932776,1.7328888,0.547074
0.06716209523084173,0.4366259208569905,0.028315464818984202,0.36167709394729286,1.148376,2.2990792
0.084237247147558,0.31879212135612134,0.6510948574614387,0.5138606303668141,2.835662,1.3233588
-0.06712725565906573,0.2996251653579849,0.46400110357403607,0.3352059864967387,3.0421221,1.1695586
0.03252280426139244,0.8580549182009625,0.1095326805776641,0.014931452823969214,0.3382798,2.7678578
-0.07033958993726373,0.8580549182009625,0.1095326805776641,0.014931452823969214,-0.26406977,2.744129
-0.07033958993726373,0.4317719905286559,0.1095326805776641,0.014931452823969214,2.7918334,4.829659
-0.07033958993726373,0.4317719905286559,0.5232508105420116,0.014931452823969214,4.29673,3.969688
-0.07033958993726373,0.4317719905286559,0.5232508105420116,0.09569293736776527,4.466228,2.486907
-0.07033958993726373,0.4317719905286559,0.5232508105420116,0.09569293736776527,4.466228,2.486907
-0.07033957993726374,0.4317719905286559,0.5232508105420116,0.09569293736776527,4.466228,2.486907
-0.07033958993726373,0.4317720005286559,0.5232508105420116,0.09569293736776527,4.466228,2.486907
-0.07033958993726373,0.4317719905286559,0.5232508205420117,0.09569293736776527,4.466228,2.486907
-0.07033958993726373,0.4317719905286559,0.5232508105420116,0.09569294736776526,4.466228,2.486907
0.36895489748433163,0.6252663241047527,0.5133467796772274,0.10607899297467324,3.7944734,3.0346682
0.5805131211060829,0.03982567596687003,0.189331769566539,-0.002312056113869001,1.319213,5.573166
0.2440293794337779,0.8129438268459741,0.7213517035347076,0.32305923840257833,2.232371,1.5272017
0.22487024200674,0.009750232280208326,0.1935163598938864,0.4088668766226071,0.45652708,1.3195071
0.09915198327473508,0.009750232280208326,0.1935163598938864,0.4088668766226071,0.59308517,1.3895692
0.09915198327473508,0.37780069375743963,0.1935163598938864,0.4088668766226071,3.4685779,2.932474
0.09915198327473508,0.37780069375743963,0.5012602363367232,0.4088668766226071,3.645059,1.7178105
0.09915198327473508,0.37780069375743963,0.5012602363367232,0.2829183853579522,4.361244,1.834537
-0.04141269951823566,0.4371768816780297,0.4549349369766111,0.2814110893086692,4.299068,2.2090359
0.43580994513816973,0.7167559737717117,0.17846881746531143,0.3358026519104378,2.8779464,3.5337408
0.6035967055862438,0.21562890894870135,0.06380879153650634,0.6623355648221363,1.3597025,5.187417
0.6095219018789003,0.29345613807840776,0.20378777157702413,0.33578817839041974,2.6931863,4.3344083
0.5980811512778507,0.29345613807840776,0.20378777157702413,0.33578817839041974,2.6931863,4.3344083
0.5980811512778507,0.4272510058240848,0.20378777157702413,0.33578817839041974,3.3918314,4.874392
0.5980811512778507,0.4272510058240848,0.5048959974614465,0.33578817839041974,3.33765,3.9741142
0.5980811512778507,0.4272510058240848,0.5048959974614465,0.32972739812670326,3.4846013,3.9935274
0.031982888559488734,0.40601385380282773,0.2047013044539633,0.5175092795807501,3.3008547,2.4378774
-0.08303042708614027,0.8548581093662606,0.8220342977257035,0.4716593177517048,-0.16171841,0.46178523
0.5980936297022567,0.9188290342907295,0.3685994128779368,0.2919323882877123,2.5031765,3.216194
0.5711418773622551,0.8840438788042175,0.06773907305168195,0.24707590027420775,0.82488525,5.643507
0.6028603831009735,0.8840438788042175,0.06773907305168195,0.24707590027420775,0.82488525,5.643507
0.6028603831009735,0.40418195000602797,0.06773907305168195,0.24707590027420775,1.848483,5.7952332
0.6028603831009735,0.40418195000602797,0.17406498350776403,0.24707590027420775,4.3223977,4.5613093
0.6028603831009735,0.40418195000602797,0.17406498350776403,0.020421656002071107,4.92245,6.0054197
0.6028603831009735,0.40418195000602797,0.17406498350776403,0.020421656002071107,4.92245,6.0054197
0.6028603931009735,0.40418195000602797,0.17406498350776403,0.020421656002071107,4.92245,6.0054197
0.6028603831009735,0.40418196000602796,0.17406498350776403,0.020421656002071107,4.92245,6.0054197
0.6028603831009735,0.40418195000602797,0.17406499350776403,0.020421656002071107,4.92245,6.0054197
0.6028603831009735,0.40418195000602797,0.17406498350776403,0.02042166600207111,4.92245,6.0054197
0.24744422904674213,0.612601067283217,0.21868212886373187,-0.0023412819351733803,2.054618,4.893846
0.020731463411520892,0.14873775054347949,0.7230090973720017,0.0441006791748286,3.090458,2.2341866
0.21333451529080583,0.4138245354517047,0.6849234240511798,0.49129597716847684,2.959143,1.6299351
-0.04688464638694044,0.366814777687976,0.7297458580119635,0.17629835909214361,4.3008204,1.9125559
0.6468568731164744,0.366814777687976,0.7297458580119635,0.17629835909214361,4.3992696,3.9803417
0.6468568731164744,0.5991832290021257,0.7297458580119635,0.17629835909214361,3.2534652,3.2768872
0.6468568731164744,0.5991832290021257,0.35691495214942254,0.17629835909214361,3.9067473,3.2661562
0.6468568731164744,0.5991832290021257,0.35691495214942254,0.3994335895208536,3.57798,3.2604911
0.6405337859259955,0.6595384414363541,0.49770586937550915,0.5387948115028323,3.6877398,3.2296712
0.5845945282817121,0.6486110013422963,0.14381132313542047,0.03576297298947037,3.066214,4.0132356
0.023001084851637224,0.4677587687068896,0.3115780197579729,0.299225118309419,3.1271067,1.3867427
0.447350905994892,0.46657099714114336,0.561869629174958,-0.003223398463273266,3.9688385,3.8315208
0.40047248027197513,0.46657099714114336,0.561869629174958,-0.003223398463273266,3.9559941,4.08748
0.40047248027197513,0.019681632472027477,0.561869629174958,-0.003223398463273266,1.312598,4.230725
0.40047248027197513,0.019681632472027477,0.5002723835167145,-0.003223398463273266,1.1796972,4.1937084
0.40047248027197513,0.019681632472027477,0.5002723835167145,0.03067259824516808,2.0309699,3.8866663
0.04537074427677913,0.9008660501808969,0.21946185687167832,0.16453460876674694,1.2248969,1.9688832
0.24923749164156217,0.3259348443339647,0.5109241944615265,0.3285081880339611,2.7746716,1.5866023
0.3357643347961504,0.8305555061653696,0.45933511259575516,0.17140224138135093,2.356915,1.8870679
0.15683257411536233,0.25987911518337325,0.7725950925369468,0.6950776472609341,2.0878396,1.041908
0.1385147313015932,0.25987911518337325,0.7725950925369468,0.6950776472609341,2.0878396,1.041908
0.1385147313015932,0.6294642840268141,0.7725950925369468,0.6950776472609341,1.8277744,0.92894953
0.1385147313015932,0.6294642840268141,-0.0002752492821046183,0.6950776472609341,0.69984007,-0.30317208
0.1385147313015932,0.6294642840268141,-0.0002752492821046183,0.2326419978599432,0.40946373,0.2521982
0.41209456208836326,0.8101401256472367,0.13833360507604944,0.6319187719547266,2.5137632,3.5869353
0.14544694195913077,0.5747358260284563,0.7387197371725044,0.05572050076204957,2.834446,3.3803954
-0.027304555592106414,0.6590096220429498,0.8278452846917949,0.4821830586340603,0.4236186,0.38684928
0.4447984492996352,0.44070645146348353,0.11298501323094481,0.324357084403907,2.551415,5.57068
0.030386068419322357,0.44070645146348353,0.11298501323094481,0.324357084403907,2.1460507,2.140737
0.030386068419322357,0.6638976962857495,0.11298501323094481,0.324357084403907,1.8648996,1.5505527
0.030386068419322357,0.6638976962857495,0.7677876056813923,0.324357084403907,1.6250056,0.6687485
0.030386068419322357,0.6638976962857495,0.7677876056813923,0.2930838113833083,1.6250056,0.6687485
0.429157372620124,0.43686172968500614,0.09014488268249324,0.17584418940856492,2.7148852,6.074222
0.44425135683519457,0.09740800553993667,0.18949582645464239,0.02799524342892565,2.2155492,5.8550878
0.23070786366325013,0.9028915041430565,0.7287188391164986,0.6687036939532547,1.898007,1.5442508
0.26572230380774753,0.14107136447501034,0.18057094686920996,0.2604185881747014,3.2955568,2.365667
0.5618226833943031,0.14107136447501034,0.18057094686920996,0.2604185881747014,3.375177,4.1639357
0.5618226833943031,0.816163865372376,0.18057094686920996,0.2604185881747014,2.4916,3.751394
0.5618226833943031,0.816163865372376,0.2048779087831182,0.2604185881747014,2.5363114,3.9528482
0.5618226833943031,0.816163865372376,0.2048779087831182,0.16530320534512552,2.3881562,3.9402225
0.2103083733756751,0.2680410288825228,0.78855908089489,0.7189201792481796,2.1043696,0.89471817
0.016162940661288996,0.5144481984768645,0.29913654865679623,0.4341417425048313,3.1250343,1.4281085
0.35107379813607464,0.025680266107932503,0.4298997228987637,0.48833037956948644,-0.19478033,3.6496959
0.6171062514827056,0.2798582829814551,0.3518279756533306,0.7387982980881489,3.2734504,3.7289822
-0.07367428659647089,0.2798582829814551,0.3518279756533306,0.7387982980881489,3.261208,1.5479978
-0.07367428659647089,0.04233396394612754,0.3518279756533306,0.7387982980881489,1.4313867,1.15332
-0.07367428659647089,0.04233396394612754,0.6479136890025025,0.7387982980881489,0.80442786,0.4017763
-0.07367428659647089,0.04233396394612754,0.6479136890025025,0.32374707396267866,0.76655626,0.3592755
0.14840936195003673,0.6506382530349439,0.7623184756625346,0.16952397274603112,2.1882076,1.2541356
0.4911862473146672,0.3097156811841404,0.004702436605466352,0.5511113571588808,1.3335359,5.393837
0.029348138244161062,0.6606645073006407,0.7567847000989899,0.31976510968889826,1.6476381,0.65948176
-0.011231134199543344,0.3055740925846444,0.5897425560009321,0.7097643666252296,3.3528273,1.2043364
0.1627084865037628,0.3055740925846444,0.5897425560009321,0.7097643666252296,3.3040202,1.6028088
0.1627084865037628,0.25339286668908656,0.5897425560009321,0.7097643666252296,3.3040202,1.6028088
0.1627084865037628,0.25339286668908656,0.2797421841279845,0.7097643666252296,3.359076,2.4903493
0.1627084865037628,0.25339286668908656,0.2797421841279845,0.5649444904777887,3.184975,2.4883833
-0.0453001445389659,0.5720381026451138,0.4769522269195327,0.16674470641722647,2.518928,1.8514056
0.4708847152517742,0.24113223652153737,0.5563176165506339,0.0962210525017397,3.2384079,3.9217272
0.19467316563553794,0.5917002549539903,0.45325477962688326,0.19571441721206992,3.865051,2.3278391
0.32838983545120926,0.35327506048337654,0.7938770253043254,0.6604244545781839,2.0256977,1.0262328
0.16783995183528988,0.35327506048337654,0.7938770253043254,0.6604244545781839,2.1454177,0.94757724
0.16783995183528988,0.07321063674895933,0.7938770253043254,0.6604244545781839,-0.1172533,0.0064253034
0.16783995183528988,0.07321063674895933,0.057666375912949354,0.6604244545781839,0.8137778,1.1222376
0.16783995183528988,0.07321063674895933,0.057666375912949354,0.5248733155784713,0.7701859,1.1186411
0.3096426955491255,0.45111045179806375,0.4844203511272895,0.0305902990032578,4.8027096,4.3701077
0.13689732029971158,0.33624773749510783,0.7216632946702325,0.47648637243479897,2.5861936,1.4085084
0.5538441016586261,0.224084695360514,0.16896056815968521,0.6726741430219505,2.683656,3.9988005
0.6207224467294944,0.3226473756469752,0.1644128929751462,0.1527168653202615,4.5495634,4.3064446
-0.07424199121559903,0.3226473756469752,0.1644128929751462,0.1527168653202615,4.499917,3.038645
-0.07424199121559903,0.3763881535196476,0.1644128929751462,0.1527168653202615,4.504179,3.2037437
-0.07424199121559903,0.3763881535196476,0.8006774704664504,0.1527168653202615,3.7032201,1.0916337
-0.07424199121559903,0.3763881535196476,0.8006774704664504,0.37617275208289414,2.0318432,0.45615098
0.3814146798786121,0.3049660916130632,0.17684459465361604,0.28586640817286124,3.753952,4.2144756
0.4135339281314431,0.5549482186701273,0.6908701495738553,0.07399691327213984,4.1305246,3.9537165
0.3270814744079992,0.7476421675541198,0.4206157273681845,0.7344339659643069,3.1226692,1.738261
0.3109537770862806,0.7953836588687451,0.1327694099524858,0.4837509209745825,2.3498156,2.0276659
0.6095640509066346,0.7953836588687451,0.1327694099524858,0.4837509209745825,2.5730166,3.4728143
0.6095640509066346,0.7547918341736111,0.1327694099524858,0.4837509209745825,2.918009,3.4246206
0.6095640509066346,0.7547918341736111,0.20237156404302184,0.4837509209745825,3.106629,3.619819
0.6095640509066346,0.7547918341736111,0.20237156404302184,0.08501601310435089,2.998717,3.778004
0.27921000615378977,0.02396120727446771,0.19226113801164005,0.015659614527827135,2.14075,3.9261956
0.2676876859163214,0.1491148901068029,0.041493848408559776,0.5996675971757668,1.2550523,1.8876071
0.606936468029808,0.21220279998851188,0.13476561614212149,0.4081764521809106,2.3204918,3.978248
0.3148478307006678,0.8715952527672717,0.6797126623583719,0.6520684340416878,2.2267845,1.5938249
0.5554016253348014,0.8715952527672717,0.6797126623583719,0.6520684340416878,2.2966232,3.18673
0.5554016253348014,0.02444536757929905,0.6797126623583719,0.6520684340416878,-0.47377777,3.5483181
0.5554016253348014,0.02444536757929905,0.5058686521063248,0.6520684340416878,-0.28750473,3.8434672
0.5554016253348014,0.02444536757929905,0.5058686521063248,0.4763701536145817,-0.33109683,3.8355262
0.1965729173807328,0.7840710244358178,0.22576097080519633,0.6736620126919952,3.0232086,2.2292166
0.6551389436826213,0.5699182304939714,0.4914644501744538,0.22317724101398892,4.142969,3.446845
0.24242086310512334,0.5312597120410634,0.15145027473595088,0.009121942794621394,4.3129478,5.1801643
0.5011018692320913,0.121477505538099,0.8109827452941339,0.1472039845796331,0.92788076,3.7112882
0.3559468952903232,0.121477505538099,0.8109827452941339,0.1472039845796331,0.92078286,3.5923817
0.3559468952903232,0.4894996318163485,0.8109827452941339,0.1472039845796331,4.057343,3.7600598
0.3559468952903232,0.4894996318163485,-0.0030189278406337018,0.1472039845796331,1.0067794,6.0198607
0.3559468952903232,0.4894996318163485,-0.0030189278406337018,0.3650932066872663,1.0857005,5.6441755
0.545676478546777,0.33133696768606535,0.5377143578650253,0.6630626061293867,2.9201183,3.6983838
0.6057949555471746,0.28263016169110156,0.10088355786330042,0.12477803624297931,2.2027893,5.441018
0.028908577611806444,0.38272677639534747,0.4799114425834902,0.7279084624627146,3.1507406,1.0168624
0.17738311585590283,0.6328366948659725,0.5604610739356061,0.1582754850130996,3.6276648,1.9481635
0.6192248628501497,0.6328366948659725,0.5604610739356061,0.1582754850130996,3.7478695,3.1571596
0.6192248628501497,0.8430832382334374,0.5604610739356061,0.1582754850130996,2.7271266,3.2503798
0.6192248628501497,0.8430832382334374,0.6141588547506361,0.1582754850130996,2.6237342,2.931756
0.6192248628501497,0.8430832382334374,0.6141588547506361,0.15896218555179684,2.6237342,2.931756
0.6485257837507211,0.2653577306811128,0.1819057998078785,0.12873329431039335,4.9208593,4.342386
0.47185707673727284,0.48235616468964837,0.22579755447078345,0.009370029661759791,5.230677,5.339477
-0.07773318823239937,0.3910754812889663,0.033936577250951595,0.46509997566242234,1.5431625,2.136643
-0.03564332136522262,0.3282743687416727,0.27305749347289415,0.29959201959073667,3.0581405,2.2691448
-0.05078956873075145,0.3282743687416727,0.27305749347289415,0.29959201959073667,3.0581405,2.2691448
-0.05078956873075145,0.05403168029327965,0.27305749347289415,0.29959201959073667,1.0559603,1.7081425
-0.05078956873075145,0.05403168029327965,0.5002966256140929,0.29959201959073667,1.2043356,0.74998564
-0.05078956873075145,0.05403168029327965,0.5002966256140929,0.020539232853540288,1.9392716,2.92499
0.47185707673727284,0.48235616468964837,0.22579755447078345,0.009370029661759791,5.230677,5.339477
0.47185708673727284,0.48235616468964837,0.22579755447078345,0.009370029661759791,5.230677,5.339477
0.47185707673727284,0.48235617468964836,0.22579755447078345,0.009370029661759791,5.230677,5.339477
0.47185707673727284,0.48235616468964837,0.22579756447078345,0.009370029661759791,5.230677,5.339477
0.47185707673727284,0.48235616468964837,0.22579755447078345,0.009370039661759791,5.230677,5.339477
0.28703702767840233,0.9087701253523872,0.6522433653392435,0.34539492957602747,2.1650093,1.5793438
0.39881111411586956,0.9171621215193779,0.3527558066531444,0.09511608129127677,2.0446837,2.909794
0.48906296799927096,0.5876900558313345,0.7373682383614447,0.5150655655018639,2.3940372,3.1278126
0.5601812846317836,0.00657622133510527,0.03351359185617523,0.5408603068016085,-0.032933537,5.2263746
0.6316176926553693,0.00657622133510527,0.03351359185617523,0.5408603068016085,0.001116719,5.1930494
0.6316176926553693,0.7892388580908976,0.03351359185617523,0.5408603068016085,0.68915373,5.7210917
0.6316176926553693,0.7892388580908976,0.7510701961927863,0.5408603068016085,1.8842922,3.1038892
0.6316176926553693,0.7892388580908976,0.7510701961927863,0.496734099769256,1.8842922,3.1038892
0.5566942371602016,0.91464922819585,0.28346786704714816,0.5275426777401506,2.7404788,3.3435953
0.6231509098862807,0.7360099375531641,0.19650577562120733,0.18130154011714336,3.0810928,3.719741
0.5936656867905689,0.4206799050779231,0.5418152671394129,0.6955503488825734,3.7011492,4.1278095
0.3034834488290824,0.8188953233720788,0.07462817165811089,0.37998246386751333,0.82488626,2.056802
-0.04949048286959888,0.8188953233720788,0.07462817165811089,0.37998246386751333,0.2241874,1.2510138
-0.04949048286959888,0.008318129423902754,0.07462817165811089,0.37998246386751333,0.8870728,1.2546269
-0.04949048286959888,0.008318129423902754,0.26047196414824997,0.37998246386751333,0.80116683,1.642074
-0.04949048286959888,0.008318129423902754,0.26047196414824997,0.11850684238018869,1.7690741,2.8818808
0.24403715740319665,0.8189098427413772,0.39452139313059925,0.16828910331898325,2.2771966,2.077806
0.22036238821819965,0.8939563305654863,0.7446897885337899,0.25635276015200503,2.0632522,1.6403004
0.04897555910905273,0.8782193600039268,0.6778799379324137,0.19542283808250002,1.3388723,1.4846759
0.5867739766091583,0.5683663629456346,0.42147726877146535,0.16422147992620137,4.039578,3.3705728
0.5639717791915412,0.5683663629456346,0.42147726877146535,0.16422147992620137,4.039578,3.3705728
0.5639717791915412,0.8628770725368566,0.42147726877146535,0.16422147992620137,2.4214056,3.1514664
0.5639717791915412,0.8628770725368566,0.30029942922754843,0.16422147992620137,2.3415823,3.3041618
0.5639717791915412,0.8628770725368566,0.30029942922754843,0.02716250364442627,1.9706075,3.3023028
0.14791450603851064,0.29466431255369097,0.04055307973773862,0.5766607382033051,1.5647047,2.36476
0.015551806137397498,0.8226521997002045,0.06132962517679889,0.11258342032414956,0.10748233,1.7530576
0.545676140207101,0.18774746359626793,0.6623152785409426,0.3994679339141669,1.6262283,3.560522
0.060852606976646975,0.1048811975116819,0.519524660397284,0.1564584870814549,1.3493882,1.4970655
0.16367646375909872,0.1048811975116819,0.519524660397284,0.1564584870814549,1.3026628,1.5867068
0.16367646375909872,0.49427299048236684,0.519524660397284,0.1564584870814549,4.638863,2.5384395
0.16367646375909872,0.49427299048236684,0.25156140099024465,0.1564584870814549,5.187414,3.442453
0.16367646375909872,0.49427299048236684,0.25156140099024465,0.24942238948557002,4.91886,3.3316786
0.04679790419585696,0.4574544042762394,0.27971961948627116,0.6091167933917383,3.6538439,2.3934739
0.5402400251764584,0.18138045135865832,0.6184001867324133,0.37909879406258185,1.2575288,3.3238916
-0.029403869830804882,0.35267315364598684,0.277636706816696,0.4866986702043832,3.1881049,2.2633379
0.23192874848045675,0.5505213361840688,0.2244805321586271,0.5393173624480738,3.6960225,2.54945
0.23350711616827902,0.5505213361840688,0.2244805321586271,0.5393173624480738,3.6960225,2.54945
0.23350711616827902,0.0687509838079321,0.2244805321586271,0.5393173624480738,0.4363744,1.4519489
0.23350711616827902,0.0687509838079321,0.025655305278850547,0.5393173624480738,0.0039803097,0.99397284
0.23350711616827902,0.0687509838079321,0.025655305278850547,0.018947034162465546,1.902736,3.9203498
0.6350510232269507,0.8041168361165241,0.4619410106441148,0.410505206330555,3.0030499,3.308983
0.34963838630842103,0.1603663635372663,0.7122790651584449,0.47858640927326945,1.6099665,3.405977
0.20174164510614057,0.7376125949358916,0.6890632402819147,0.01416745179973231,2.9438167,3.8418474
0.02029787997048617,0.842694666404499,0.5673529764802753,0.20643908175305722,1.6417142,1.43519
0.6534602502125134,0.842694666404499,0.5673529764802753,0.20643908175305722,2.7627187,3.4082253
0.6534602502125134,0.7388202967256232,0.5673529764802753,0.20643908175305722,3.5724373,3.3451507
0.6534602502125134,0.7388202967256232,0.5092311492127463,0.20643908175305722,3.4755416,3.355854
0.6534602502125134,0.7388202967256232,0.5092311492127463,0.4215825817877814,3.5321956,3.3112576
0.13768746784983377,0.3841796360008889,0.620016616712696,0.6348560147857611,3.0010746,1.9458915
-0.009031700039244903,0.7672777912820932,0.2775058728169086,0.3492321556088669,1.0178368,1.5882198
0.1721305608298026,0.013022299367746015,0.5937786565418816,0.0719150180515413,1.6068403,2.8826497
0.5563416206037052,0.7942181551477927,0.04220393519607494,0.2861257525101131,0.82754284,5.90685
0.6212257153596531,0.7942181551477927,0.04220393519607494,0.2861257525101131,0.82754284,5.805281
0.6212257153596531,0.17386178246466866,0.04220393519607494,0.2861257525101131,1.2324002,5.54365
0.6212257153596531,0.17386178246466866,0.5377248718352282,0.2861257525101131,2.5911288,3.8369956
0.6212257153596531,0.17386178246466866,0.5377248718352282,-0.0009638656832358337,2.893802,4.2220297
0.5150262691949546,0.5003098447778398,0.8198215610171465,0.7257036468811187,2.3508265,3.5696187
0.5725749954804594,0.5633278723279931,0.049460597930765994,0.23201870006065659,1.8258821,6.283762
0.2530558285422545,0.5269916823681084,0.7092011644955613,0.3032840609552885,3.0809176,1.6509608
0.2942083380500543,0.23623317726227677,0.13002364042301542,0.510165593044217,2.3034532,1.9739807
0.4055168867021187,0.23623317726227677,0.13002364042301542,0.510165593044217,2.2901087,3.9517903
0.4055168867021187,0.7783574958554853,0.13002364042301542,0.510165593044217,2.7897737,3.499893
0.4055168867021187,0.7783574958554853,0.04343579209697294,0.510165593044217,0.81984293,5.3431067
0.4055168867021187,0.7783574958554853,0.13002364042301542,0.22022206367489258,2.5400012,3.5948622
0.40462032588037744,0.5520979511640154,0.1482143849442167,0.36403727152563903,3.2632895,4.297301
0.3819086768979484,0.023998164118601117,0.0401911437521613,0.3968833215184411,0.29419723,4.8831153
0.2727967258484528,0.19396503021708345,0.27528634776915334,0.1894578072455033,3.5478337,3.0325708
0.5690346147782247,0.7764526615658429,0.8283840897790528,0.5148842738830517,1.5157304,3.0428488
0.15919241511591464,0.7764526615658429,0.8283840897790528,0.5148842738830517,1.241803,0.8444936
0.15919241511591464,0.48688983738076574,0.8283840897790528,0.5148842738830517,2.430043,0.8134404
0.15919241511591464,0.48688983738076574,0.5878894661956177,0.5148842738830517,3.5140345,1.757311
0.15919241511591464,0.48688983738076574,0.5878894661956177,0.12266778759395788,4.911176,2.6055279
0.4541880502482657,0.1625701187744184,0.46778489988801203,0.21209707738412217,3.22512,3.925881
0.33045687280248226,0.7471169008589058,0.6152206792598983,0.3389114251931993,2.7238967,1.3308245
0.01672093367772222,0.7179856856293747,0.050191765957565616,0.47892819821434074,1.3964016,1.2668021
0.6623801164245396,0.850041854204612,0.4481474991440803,0.1288414095401684,2.474091,3.1616893
0.007241939046934612,0.850041854204612,0.4481474991440803,0.1288414095401684,0.37857953,1.0530683
0.007241939046934612,0.9156080023057425,0.4481474991440803,0.1288414095401684,0.30091003,1.0528826
0.007241939046934612,0.9156080023057425,0.24855656790008132,0.1288414095401684,0.44907242,1.9649253
0.007241939046934612,0.9156080023057425,0.24855656790008132,0.5212098011378075,0.96276885,1.5963967
0.5085966253959303,0.029864969632388494,0.3059666370290905,0.6957076844657166,0.29116935,3.7967026
0.14076403964246798,0.8787516999798961,0.24597202027655687,0.21061899983322616,1.8587471,2.6879888
0.4955155524447853,0.28569518960746754,0.7640782795043884,0.22967762606429784,3.4221578,3.583698
0.04825957661927939,0.1949242961039821,0.07755512709470339,0.1720867173720073,2.1620028,2.6204185
-0.04061588413327742,0.1949242961039821,0.07755512709470339,0.1720867173720073,2.2557614,2.8847518
-0.04061588413327742,0.5514210596533222,0.07755512709470339,0.1720867173720073,2.313428,3.263364
-0.04061588413327742,0.5514210596533222,0.2743511346653377,0.1720867173720073,4.6507573,3.483807
-0.04061588413327742,0.5514210596533222,0.2743511346653377,0.03841115501786871,4.6735206,4.014364
0.6338856427768033,0.7052759713822745,0.47860497179161227,0.6475285142700855,3.3129432,3.191098
0.6435417713821937,0.4439165209429854,0.4475211643156722,0.4462248457095299,3.7422824,4.0990376
0.0026090711378840142,0.6373945888578896,0.7705529511533092,0.4111702482998467,1.0455656,0.35747242
0.045433335579878956,0.7011345348528981,0.26217392640443954,0.7283390623952286,2.8632793,1.858292
0.3307702756903229,0.7011345348528981,0.26217392640443954,0.7283390623952286,3.0242965,2.305616
0.3307702756903229,0.6330387866500469,0.26217392640443954,0.7283390623952286,3.2168305,2.2911534
0.3307702756903229,0.6330387866500469,0.3403604731281548,0.7283390623952286,3.2573743,1.8433231
0.3307702756903229,0.6330387866500469,0.3403604731281548,0.11671587369308864,3.2298691,2.0825617
-0.030447134398631323,0.6285447556601458,0.5687193593697967,0.6112365033288576,2.1837804,0.7527392
0.611602662351198,0.8907031672634353,0.8038580500292299,0.11293212398391714,1.4785564,3.2617898
0.15160939284675023,0.5279769326208288,0.32975499271144354,0.32612195261316046,3.4763827,2.016491
0.3171647158284031,0.8241802513262066,0.2063737879268154,0.1616440255207365,2.2518365,2.4420474
0.17386090115041564,0.8241802513262066,0.2063737879268154,0.1616440255207365,2.256524,2.5108147
0.17386090115041564,0.7558329588783668,0.2063737879268154,0.1616440255207365,3.0723443,2.5039175
0.17386090115041564,0.7558329588783668,0.8286396801159371,0.1616440255207365,1.7671816,1.0108383
0.17386090115041564,0.7558329588783668,0.8286396801159371,0.5121605637735946,1.475534,0.97411245
0.4815178862184094,0.5092214597343698,0.44142978475852596,0.013361641193483795,4.723872,3.7399993
0.2728939669774738,0.5496756410856811,0.7755825420552628,0.12592435396431154,4.1037,1.9798635
0.04643369232884277,0.768012846594412,0.4108696309405348,0.37451293933170504,2.5698984,1.3198252
0.3154256307665212,0.27530288687771387,0.19838547861616843,0.5276448744654019,3.0572095,2.4926574
0.0016089628555450292,0.27530288687771387,0.19838547861616843,0.5276448744654019,2.8841324,2.0690875
0.0016089628555450292,0.5519014443694252,0.19838547861616843,0.5276448744654019,3.2182994,1.992604
0.0016089628555450292,0.5519014443694252,0.8008241550849039,0.5276448744654019,1.9911071,0.3739433
0.0016089628555450292,0.5519014443694252,0.8008241550849039,0.09454601859606979,2.9490716,0.9899353
0.5500103486731264,0.7002073809163831,0.6028158588516214,0.7347587643045976,3.3063135,3.093785
-0.08199894678613982,0.8352169524820248,0.16716318197971428,0.1904227551322286,0.47772807,2.210114
0.5597470942915933,0.576504705201752,0.419102044089195,0.6956380628302412,3.6496332,3.2780788
0.5494104061233606,0.630386469805595,0.7137512640975946,0.21706844435006542,2.8023388,3.118138
0.1015433053733127,0.630386469805595,0.7137512640975946,0.21706844435006542,2.1926374,1.4405508
0.1015433053733127,0.5096556663881411,0.7137512640975946,0.21706844435006542,3.9465585,1.9348493
0.1015433053733127,0.5096556663881411,0.02620164086316504,0.21706844435006542,0.95483017,3.0515196
0.1015433053733127,0.5096556663881411,0.7137512640975946,0.4675513857512783,2.8493001,1.3633584
0.03758147705682825,0.10673708509338375,0.29316566702348273,0.24819220397083794,1.3537031,1.6163027
0.31045919375589415,0.3859061735520162,0.7436895268408893,0.26088674367519715,3.8613434,1.5925758
-0.028109558605806537,0.6238941724255516,0.45576290688270354,0.3500114254494875,1.8894587,0.85926104
0.3957473335787546,0.04217591628995265,0.626872061692166,0.6984078689121596,-0.09821438,3.5875077
0.5020079869762518,0.04217591628995265,0.626872061692166,0.6984078689121596,-0.09471575,3.7284873
0.5020079869762518,0.6188186899436272,0.626872061692166,0.6984078689121596,3.0221329,3.1146908
0.5020079869762518,0.6188186899436272,0.3692222125014219,0.6984078689121596,3.6088204,3.0566113
0.5020079869762518,0.6188186899436272,0.3692222125014219,0.5772701592195801,3.5336308,3.0566113
0.5840988506038668,0.8019999934794173,0.5457981952557639,0.2698551562325946,2.7786303,3.3373938
0.5986423902616943,0.2849334031252937,0.5135152224587703,0.11495761236384536,4.442292,3.91016
0.16620839106148722,0.6236623300851813,0.011288655179723248,0.09094640063117862,0.48521504,0.9757966
0.17041545168656358,0.3493313593503298,0.6098636897964472,0.27936787018601805,4.235634,1.6832416
0.012081592215902229,0.3493313593503298,0.6098636897964472,0.27936787018601805,4.1280513,1.2452576
0.012081592215902229,0.14444890736749771,0.6098636897964472,0.27936787018601805,3.2710006,1.1456664
0.012081592215902229,0.14444890736749771,0.10168032246900119,0.27936787018601805,2.029693,2.4138658
0.012081592215902229,0.14444890736749771,0.6098636897964472,0.10136464801930242,3.5294156,1.4905415
0.20823651825387712,0.764200570467918,0.03816283516987743,0.3438007386435302,0.39013898,1.9690859
0.5389530399170531,0.3431000497730752,0.016446722390606548,0.058144415997585214,0.87669736,6.2239985
-0.06795904460939482,0.2633188644035367,0.3022795027180036,0.300854992919934,3.0897737,1.5843883
0.5806019915584707,0.4646046290677317,0.6905669210790281,0.5771478900152154,3.0087187,3.8479743
0.5300875951827401,0.4646046290677317,0.6905669210790281,0.5771478900152154,3.0087187,3.836517
0.5300875951827401,0.5519911766900258,0.6905669210790281,0.5771478900152154,2.991519,3.65589
0.5300875951827401,0.5519911766900258,0.7844070165639495,0.5771478900152154,2.453263,3.545981
0.5300875951827401,0.5519911766900258,0.6905669210790281,0.5828749417865495,2.991519,3.65589
-0.028514978875722505,0.4379498632602594,0.8021768814625382,0.613526020453186,2.131809,0.57321674
0.413940722757982,0.12770714726923282,0.724442291036678,0.08492561865426038,1.2289523,3.7883568
0.05496071078557886,0.08380005908954047,0.04216056792455928,0.3809552693429197,0.41924095,1.1122898
0.38786803054250363,0.347161440194498,0.4064097900139844,0.11295342224165236,4.436548,3.842717
0.40250558049114515,0.347161440194498,0.4064097900139844,0.11295342224165236,4.436548,3.817335
0.40250558049114515,0.7142348456070451,0.4064097900139844,0.11295342224165236,3.018082,2.877075
0.40250558049114515,0.7142348456070451,0.236253976359201,0.11295342224165236,3.0013194,3.725102
0.40250558049114515,0.7142348456070451,0.236253976359201,0.06824653181626769,2.8156188,3.8966026
0.4539961755693448,0.5156489435781331,0.09199471889882407,0.08037026706356795,2.5038717,6.6432486
0.3795656072880723,0.18837641530100901,0.7517207279534642,0.30234490230724376,1.2627157,3.3825355
0.08009209015375464,0.21077811259175006,0.5562636021917887,0.23767439617404304,3.4761844,1.7592119
0.3808895667668054,0.404617084496973,0.4033055268484573,0.3683235387028887,3.0612457,3.9173343
0.25868806898887986,0.404617084496973,0.4033055268484573,0.3683235387028887,3.0857403,2.2283926
0.25868806898887986,0.8876823489058978,0.4033055268484573,0.3683235387028887,2.7327678,1.924124
0.25868806898887986,0.404617084496973,0.6202045191951834,0.3683235387028887,2.617239,1.9054161
0.25868806898887986,0.404617084496973,0.6202045191951834,0.08944426135001035,4.622562,2.4145925
0.011950473279775178,0.050989193763259166,0.6891373595998952,0.25504397542507107,1.0496945,0.8886914
0.3431097092354659,0.8204310089305218,0.6891936581937687,0.37365201779783774,2.3063483,3.1036623
0.24631859912988163,0.4866537871288794,0.5604742365014229,0.194807772915869,4.736064,2.907085
0.6395353281525763,0.7942317769856686,0.2933867336352706,0.606240674612291,2.843933,3.3509774
0.4166574040918384,0.4866537871288794,0.5604742365014229,0.194807772915869,4.8592143,3.9654605
0.4166574040918384,0.5003368735279561,0.5604742365014229,0.194807772915869,4.8682847,3.9663517
0.4166574040918384,0.5003368735279561,0.22258656595245388,0.194807772915869,5.2831116,4.9529853
0.4166574040918384,0.5003368735279561,0.22258656595245388,0.413762514224274,3.5995944,4.7057204
0.4166574040918384,0.5003368735279561,0.22258656595245388,0.194807772915869,5.2831116,4.9529853
0.4166574140918384,0.5003368735279561,0.22258656595245388,0.194807772915869,5.2831116,4.9529853
0.4166574040918384,0.5003368835279561,0.22258656595245388,0.194807772915869,5.2831116,4.9529853
0.4166574040918384,0.5003368735279561,0.22258657595245387,0.194807772915869,5.2831116,4.9529853
0.4166574040918384,0.5003368735279561,0.22258656595245388,0.194807782915869,5.2831116,4.9529853
0.19452186911447733,0.4824749287457135,0.8040868863486551,0.1680442572510614,4.0599375,1.419578
-0.040156990771426856,0.24555202399594478,0.4486049767050248,0.48143262956067545,2.7120342,1.2186171
0.302250348713789,0.40855004759921343,0.2789905348219061,0.35711537981163843,3.388102,2.7034054
0.6017585771319282,0.10557034464401704,0.04346741102589383,0.46849017417113004,0.4279114,5.216144
0.3187307305432704,0.40855004759921343,0.2789905348219061,0.35711537981163843,3.388102,2.7034054
0.3187307305432704,0.8121405052207358,0.2789905348219061,0.35711537981163843,2.754959,2.3274183
0.3187307305432704,0.8121405052207358,0.45849337255569184,0.35711537981163843,2.9063523,1.765543
0.3187307305432704,0.8121405052207358,0.45849337255569184,0.46245875623256794,2.9217298,1.8180083
-0.016795998622330374,0.8885797369436186,0.6568641846949438,0.4168859881495308,0.21764854,0.7270092
0.21521792091529324,0.1747332916936042,0.18360828585420777,0.5480214094825904,2.5195122,1.9749231
0.18180218228672784,0.22721294801591752,0.1883479690342357,0.5465382544047941,2.4637537,2.3102725
0.33753755636254523,0.06347179252573687,0.09042519588115674,0.6521700596059254,0.42789093,0.88761514
0.25861624469795685,0.22721294801591752,0.1883479690342357,0.5465382544047941,2.3114917,2.2422023
0.25861624469795685,0.22736091177752682,0.1883479690342357,0.5465382544047941,2.3114917,2.2422023
0.25861624469795685,0.22736091177752682,0.009959034548081034,0.5465382544047941,0.8811206,0.86300576
0.25861624469795685,0.22736091177752682,0.009959034548081034,0.006906301023267478,0.6241921,4.751105
0.20646124285247425,0.723087903285748,0.5367000022342457,0.34074059615586094,3.1462615,1.6426736
0.5762039495797754,0.41033973178781746,0.7651550726000841,0.5586082774287675,2.3849158,3.5907917
0.46713004522559587,0.20096557124932346,0.1094232769151712,0.5271174369682576,1.8008015,4.628784
0.177755368992912,0.5261375774055179,0.7447175296593634,0.4168024240235866,2.8492694,1.4047016
0.35050464019357885,0.5261375774055179,0.7447175296593634,0.4168024240235866,2.7717264,3.5722785
0.35050464019357885,0.17743711703202614,0.7447175296593634,0.4168024240235866,1.5301092,3.3869312
0.35050464019357885,0.17743711703202614,0.5735216696308915,0.4168024240235866,2.0959747,3.747268
0.35050464019357885,0.17743711703202614,0.5735216696308915,0.6502446808278712,2.1481726,3.7344964
0.5954705051445194,0.46399212130542855,0.6837944513907711,0.3148258939694344,3.1881146,3.9043567
0.4727801911517805,0.4096601804675668,0.309731014579162,0.07501161378298346,4.859521,4.1818123
0.6082868853642432,0.27197623012032235,0.49378680872053543,0.3825116134525892,2.7587566,3.7706656
0.49360089853346667,0.25458798671959526,0.10429974196663841,0.2349648506716235,2.4253094,4.9285808
0.23845276014553451,0.4096601804675668,0.309731014579162,0.07501161378298346,4.758555,3.4703069
0.23845276014553451,0.7721871156226237,0.309731014579162,0.07501161378298346,2.5194726,2.5119145
0.23845276014553451,0.4096601804675668,0.12899984629217523,0.07501161378298346,4.6026716,3.7486203
0.23845276014553451,0.4096601804675668,0.12899984629217523,-0.00068795091526044,4.1079116,5.0252266
0.521952347205222,0.3131371541425749,0.2010418714660819,0.43293135719092746,3.1967273,4.3549356
-0.029068740786362,0.8543968246310336,0.23121370705029767,0.09707638613998879,0.18886954,2.1478016
0.23196883168078586,0.8262367576720866,0.054433064945341426,0.1740737101789591,0.58797324,2.3164792
-0.07691963323114025,0.37331433031849626,0.7581866463163348,0.6414203938673921,2.0322754,0.641041
0.479093799328871,0.4096601804675668,0.12899984629217523,0.07501161378298346,4.803801,5.2730856
0.479093799328871,0.5562721158163102,0.12899984629217523,0.07501161378298346,4.3163257,5.2439985
0.479093799328871,0.5562721158163102,0.6950296029684532,0.07501161378298346,4.1988397,4.0719814
0.479093799328871,0.5562721158163102,0.6950296029684532,0.6014181089927746,2.9892023,3.6637928
0.6254540887645804,0.46133150278586577,0.6986778536395176,0.017751591670751996,5.0248003,4.4844093
-0.06741068810205007,0.05769024817394852,0.4289215536880268,0.016413932471333912,1.9002304,2.927138
0.011390828308716641,0.8403220632109751,0.18662520831143894,0.2880891680710427,0.8847125,1.7916943
0.1738323014485078,0.913603616799544,0.6656877942986038,0.3005240829276197,2.4363241,1.6089579
-0.023962703147448847,0.46133150278586577,0.6986778536395176,0.017751591670751996,4.1163254,3.8005128
-0.023962703147448847,0.5965326358998109,0.6986778536395176,0.017751591670751996,1.4538993,3.7871776
-0.023962703147448847,0.46133150278586577,0.18707370208876864,0.017751591670751996,5.182716,4.803067
-0.023962703147448847,0.46133150278586577,0.18707370208876864,0.08987389477912441,5.043077,3.4463108
0.29369995885464506,0.2522882182572004,0.6425942827078018,0.4951711445344884,2.33158,1.4487886
0.2865457323371564,0.03432781033842014,0.8279529595654521,0.35639523854671395,-0.7820042,0.005517106
0.1359287998184796,0.40687191490830754,0.1918967498701364,0.24035841852263215,4.701057,3.130839
0.3700412712986002,0.6913995046450334,0.6523014914504371,0.6386274548223945,2.5838983,2.9760354
-0.058490851398642504,0.40687191490830754,0.1918967498701364,0.24035841852263215,4.502827,3.0692556
-0.058490851398642504,0.21647144557588316,0.1918967498701364,0.24035841852263215,3.2727315,2.9526482
-0.058490851398642504,0.40687191490830754,0.7217374865438181,0.24035841852263215,3.9258103,1.6697893
-0.058490851398642504,0.40687191490830754,0.7217374865438181,0.007283322543525348,3.923707,2.813624
0.053387568630875695,0.6110532732921641,0.47532733918346,0.25926513401090645,3.464695,1.3828384
0.1739855560268876,0.5175062433097981,0.44796056665990086,0.5548571213205058,3.7016015,1.9821972
0.01221570635253845,0.4493428366508838,0.30364050399389336,0.21374663960634518,4.5086737,2.4623187
0.13837072953590612,0.41290701619211445,0.7517050417250041,0.2412481811510183,3.9057684,1.6254517
0.5533402753454507,0.41290701619211445,0.7517050417250041,0.2412481811510183,3.9219983,3.8465424
0.5533402753454507,0.12688506729986004,0.7517050417250041,0.2412481811510183,0.69142646,3.5589292
0.5533402753454507,0.41290701619211445,0.5883903633442097,0.2412481811510183,4.678887,4.130871
0.5533402753454507,0.41290701619211445,0.5883903633442097,0.6021136421008144,3.5001204,4.0894675
0.2872663805887786,0.7089235213006284,0.716219617563253,0.34511261580624364,2.0925748,1.3115007
0.01633454453094986,0.7311295107051334,0.70046468589195,0.20569428515961616,1.5919629,1.1219933
0.2217020787089402,0.7628983336422119,0.6525668078369272,0.3149701545277388,2.8531158,1.5250509
-0.07212683184122236,0.5782813345139237,0.8287397775195465,0.22526756227088282,1.0562638,0.6776698
0.31555233729958,0.41290701619211445,0.5883903633442097,0.2412481811510183,4.560773,2.4699347
0.31555233729958,0.50254024894693,0.5883903633442097,0.2412481811510183,4.5987463,2.52311
0.31555233729958,0.50254024894693,0.5408249134692381,0.2412481811510183,4.4361305,2.4515083
0.31555233729958,0.50254024894693,0.5883903633442097,0.2750367611277724,4.5929294,2.4453099
0.6279837145557768,0.48106319527873564,0.14465250209755567,0.26663346514420994,4.5056677,4.5239863
0.06052476588262569,0.3965250047235047,0.17040220579347257,0.5240996681779571,3.091096,2.7355413
0.5773959405951604,0.3948380738497508,0.658774332282602,0.33800986325356064,2.0507247,3.766478
0.15013094978873875,0.670241123175761,0.44696885345422505,0.5126236253780263,3.2140865,1.4928976
0.6456609284004612,0.48106319527873564,0.14465250209755567,0.26663346514420994,4.5056677,4.553546
0.6456609284004612,0.2842914712458362,0.14465250209755567,0.26663346514420994,4.1395845,4.2217655
0.6456609284004612,0.2842914712458362,0.05897202878118427,0.26663346514420994,1.5504524,5.422258
0.6456609284004612,0.2842914712458362,0.14465250209755567,0.3636455650023258,2.7934487,4.039856
0.3236965004025617,0.12247943979330245,0.5870820231424484,0.5612268618356602,-0.29916447,0.9199746
-0.018669113579701344,0.11891714220685445,0.47822548591108077,0.026186097360820757,1.9020022,2.8534386
0.3465703073208505,0.8237971024103095,0.03873009878846815,0.5989761173052486,0.8208989,5.464079
0.2710184100872203,0.15813653745360368,0.09398199654316333,0.12228902527532878,2.1455243,2.5706244
-0.00732403162698235,0.2842914712458362,0.14465250209755567,0.26663346514420994,3.97528,2.8864856
-0.00732403162698235,0.30220930487548925,0.14465250209755567,0.26663346514420994,3.97528,2.8864856
-0.00732403162698235,0.30220930487548925,0.624537898847865,0.26663346514420994,4.15725,1.8989462
-0.00732403162698235,0.30220930487548925,0.624537898847865,0.3409287194089181,2.6479049,1.0985438
0.44938536148095387,0.4776701823528926,0.6622259807796559,0.007902500372733077,4.45845,4.022929
0.016174542417820695,0.9020259903987173,0.12024915420876595,0.20269627120483943,0.33158675,1.8433325
0.10323190141342277,0.8866157657565465,0.5741219868296409,0.2586117978344582,2.0236669,1.5486869
0.16995830380790256,0.6275128325675521,0.8266676076086855,0.1614714553485221,1.6041362,0.9641924
0.15605305000002623,0.4776701823528926,0.6622259807796559,0.007902500372733077,4.464901,4.55967
0.15605305000002623,0.3379936665600436,0.6622259807796559,0.007902500372733077,4.4701233,3.8933215
0.15605305000002623,0.3379936665600436,0.38507166463624637,0.007902500372733077,4.419928,4.6356378
0.15605305000002623,0.3379936665600436,0.38507166463624637,0.6822218448127444,3.5404336,1.8837854
0.383394099908127,0.30518811903211374,0.68562982436771,0.11770652946254853,4.53261,3.872736
-0.02485704397710818,0.05045563765143646,0.6516574828526157,0.21648821518985525,1.4930367,1.7450632
0.08983984460204487,0.11961578596266298,0.5225766001481066,0.1358517899735254,1.3986596,1.5079786
-0.001439983805138531,0.35832225313168076,0.45247808392228656,0.1869180449647629,4.701081,2.5592701
0.127841243567559,0.35832225313168076,0.45247808392228656,0.1869180449647629,4.512185,2.7039444
0.127841243567559,0.4611846470818688,0.45247808392228656,0.1869180449647629,4.885568,2.966
0.127841243567559,0.4611846470818688,0.5517662521630603,0.1869180449647629,4.8375506,2.9485035
0.127841243567559,0.4611846470818688,0.5517662521630603,0.6010413237513816,3.7075572,1.7966236
-0.055783613968105925,0.23216879357486642,0.47086538794309346,0.3486056456153648,2.1811268,0.9815201
0.5988171520364766,0.6801696790827063,0.2295906927588577,0.43349566016792096,3.3535087,3.6409554
0.2689976849949166,0.7605939675483468,0.21647328862013407,0.17182838751292093,2.7120006,2.3786707
0.09899899499218247,0.5736591941705718,0.37215480135410534,0.16564119900482763,3.3423607,1.7362062
0.1108678909602815,0.4611846470818688,0.5517662521630603,0.1869180449647629,4.7806463,2.3315086
0.1108678909602815,0.684343304348765,0.5517662521630603,0.1869180449647629,2.7378013,1.6593611
0.1108678909602815,0.4611846470818688,0.7886308627331448,0.1869180449647629,4.0259376,0.832157
0.1108678909602815,0.4611846470818688,0.7886308627331448,0.36417459767146454,2.446578,0.62590694
0.28824437966670013,0.05864588373385349,0.12811963850612554,0.012488343211167294,2.1880121,3.693006
0.2559432101004958,0.29891056913313463,0.07358737797215423,0.26100557589263573,1.5385226,2.5931635
0.14745053751188808,0.45393362347388244,0.06899418703776031,0.6162120408861718,1.9343466,2.4332716
0.16044081606031624,0.4647975247629561,0.03467218539304088,0.7056351707102593,1.2906153,2.3963592
0.016308874328542347,0.4611846470818688,0.7886308627331448,0.1869180449647629,3.5875194,0.66442156
0.016308874328542347,0.30302140741938155,0.7886308627331448,0.1869180449647629,3.3213787,0.67136556
0.016308874328542347,0.30302140741938155,0.24868631478647787,0.1869180449647629,4.853871,3.0385258
0.016308874328542347,0.30302140741938155,0.24868631478647787,0.2044058922419438,4.4773393,2.9676726
0.3969060311893874,0.3973805710240317,0.11831933079214921,0.259991020122726,2.5828843,5.4271746
0.5669037594198295,0.3023822545292454,0.5721684623124638,0.19559411804045365,4.421203,4.035749
0.2143927354536982,0.8309921839435055,0.2208452181014601,0.45786623379355973,2.7842,2.2724435
0.538803857345619,0.5704760087871041,0.3580357016193804,0.2836923061515506,3.989989,3.250657
-0.05504537310336298,0.5704760087871041,0.3580357016193804,0.2836923061515506,2.6478782,1.8543295
0.538803857345619,0.5302363550830838,0.3580357016193804,0.2836923061515506,4.5873213,3.8694415
0.538803857345619,0.5302363550830838,0.30447367852114565,0.2836923061515506,4.5851297,3.967511
0.538803857345619,0.5302363550830838,0.30447367852114565,0.14358109450934362,4.910635,4.035312
0.5517354319123812,0.3492760862756876,0.4012411210363042,0.5652126037871952,3.1079721,3.7219596
0.22558529686167172,0.774158480652499,0.7535638349876098,0.3592910166329908,2.149263,1.2501023
0.2509901282279342,0.6133554156358696,0.0820641433337558,0.2370990334000531,1.9208491,2.2813742
0.4615553411492105,0.8613975604506554,0.22717800635309607,0.3395664570240555,2.7421365,3.8976552
0.29513090975496803,0.5302363550830838,0.30447367852114565,0.14358109450934362,4.7560053,2.8732314
0.29513090975496803,0.0673652032751848,0.30447367852114565,0.14358109450934362,1.1499511,2.037348
0.29513090975496803,0.5302363550830838,0.7962400839470484,0.14358109450934362,4.096489,1.6257695
0.29513090975496803,0.5302363550830838,0.7962400839470484,0.47037914008885195,2.5011172,0.9690074
0.2709245809907629,0.21991961521980263,0.11486973478298826,0.26450661738565984,1.8992455,2.40544
0.2811599205562568,0.09040619586152054,0.5769523844216721,0.04412858780177939,1.380411,2.9050655
0.22484557230123825,0.4292856086365058,0.3601461431669097,0.43075455693297826,3.7951515,2.1508272
0.22488110196486188,0.523315776932261,0.20144228500993613,0.5860463881792519,3.6460464,2.6581438
0.3013097875865066,0.523315776932261,0.20144228500993613,0.5860463881792519,3.5693214,2.6339827
0.3013097875865066,0.7189779848518087,0.20144228500993613,0.5860463881792519,3.00138,2.0230296
0.3013097875865066,0.7189779848518087,0.3472689052183883,0.5860463881792519,3.0992966,1.8583014
0.3013097875865066,0.7189779848518087,0.3472689052183883,0.0034261778655526355,2.2388952,4.6237316
0.23714833511778954,0.04809361828087155,0.7146872921528943,0.3747685096741904,-0.718309,0.47929347
0.5433073132415854,0.45832639752986637,0.4034124418049693,0.6600469555611106,3.681496,4.0098085
0.049429386972689296,0.8800602929653674,0.3118282611479803,0.317922422158162,1.8356975,1.4016408
0.6392025276075596,0.10125876554589786,0.6193234402059792,0.6564579761353428,-0.39338914,3.8148818
0.11419521398001077,0.45832639752986637,0.4034124418049693,0.6600469555611106,3.7000132,1.9619819
0.11419521398001077,0.47585254330756577,0.4034124418049693,0.6600469555611106,3.5979455,1.9692627
0.11419521398001077,0.47585254330756577,0.3782283933464527,0.6600469555611106,3.5702653,1.9679002
0.11419521398001077,0.47585254330756577,0.3782283933464527,0.0410148775339145,4.38603,3.4025326
0.3478857025737364,0.5143627119551457,0.3984853681822797,0.40428296267379693,3.626002,3.7996554
0.6446123159061269,0.5592657188906549,0.2860002454153094,0.6251832129040551,3.780055,3.9190853
-0.0795564642357197,0.44407864529819463,0.8201487852725048,0.08896493975317196,3.5710306,1.229607
0.20818690342017077,0.3155477143632939,0.3337748778899478,0.5231619530245446,3.3399177,2.1243467
0.5440589877629741,0.3155477143632939,0.3337748778899478,0.5231619530245446,3.1146984,3.720699
0.5440589877629741,0.4625828738727962,0.3337748778899478,0.5231619530245446,3.694585,4.0193105
0.5440589877629741,0.4625828738727962,0.4068845392681854,0.5231619530245446,3.7167094,4.0098085
0.5440589877629741,0.4625828738727962,0.4068845392681854,0.6955053679337766,3.8671958,4.0098085
0.6351243090261945,0.16185289600169206,0.41222891187797955,0.533633532446629,2.2579231,3.8370128
0.581203649281525,0.05448322043546705,0.09830339803858737,0.7249667350039424,0.77348596,4.969352
0.4624177426089263,0.07263247215129676,0.4573869437803117,0.057257625444140786,1.1912364,4.017613
0.34077633412137553,0.49853121936578537,0.5285234903534913,0.437185285985656,3.542003,3.7373855
0.64955116590784,0.49853121936578537,0.5285234903534913,0.437185285985656,3.5663717,3.896453
0.64955116590784,0.3637703408762376,0.5285234903534913,0.437185285985656,3.0045977,3.9640198
0.64955116590784,0.3637703408762376,0.010037269374568867,0.437185285985656,1.5163052,5.9951925
0.64955116590784,0.3637703408762376,0.5285234903534913,0.21187351077355385,4.15877,4.110631
0.45700646740453876,0.38792594484588205,0.602818061209652,0.5550741850196772,3.0574794,3.960092
0.20566242377442212,0.6587892356999245,0.809537064552372,0.04764404945324327,1.6184487,3.0976338
0.4600816021247528,0.5005946475976062,0.7109874147987932,0.4335691775413082,2.9859896,3.718376
0.2885535280666841,0.11403582994399564,0.2717643816745187,0.7021493762644155,0.50614166,1.5817088
0.21017031352117932,0.3637703408762376,0.5285234903534913,0.21187351077355385,4.194282,2.6164937
0.21017031352117932,0.6118110901565905,0.5285234903534913,0.21187351077355385,3.9390786,2.1488743
0.21017031352117932,0.6118110901565905,0.582150283149283,0.21187351077355385,4.1352687,2.1567428
0.21017031352117932,0.6118110901565905,0.582150283149283,0.7051055426875301,3.5540676,1.61223
0.1705478950302447,0.8061331805829886,0.1041988105810007,0.3420463056885694,1.2176594,2.0290027
0.2779420713575259,0.12918548933433183,0.12705856467258006,0.34771372206764894,-0.089533925,0.91275835
0.396755191500744,0.0050217940446364295,0.8255230752049728,0.370590566416773,-0.80457145,3.3029153
0.5707730974993678,0.8755880992108374,0.5814128381064688,0.2757630551418053,2.7573552,3.3156807
0.29183878425644216,0.6118110901565905,0.582150283149283,0.21187351077355385,4.043204,2.1069167
0.29183878425644216,0.03464504030191762,0.582150283149283,0.21187351077355385,1.0143713,2.0320153
0.29183878425644216,0.6118110901565905,0.503764590214632,0.21187351077355385,3.909621,2.0955274
0.29183878425644216,0.6118110901565905,0.503764590214632,0.5758028240657893,3.5522063,1.5234777
-0.0025299817206333314,0.7267254426690042,0.14163004677060656,0.1467439525720344,1.6903576,2.101332
-0.07920200182574764,0.10594016776330806,0.2423736163935523,0.14948391926483848,1.7507148,2.8820305
0.597596950381991,0.4706191075048811,0.2125489116901175,0.7328938303027321,3.7276213,4.8593373
0.23971279552352376,0.6237371336883677,0.1801459234776658,0.6389259563703185,3.1919556,1.8900813
0.041706075049673066,0.4706191075048811,0.2125489116901175,0.7328938303027321,3.6997035,2.383864
0.041706075049673066,0.2671911854365878,0.2125489116901175,0.7328938303027321,3.58487,2.3770568
0.041706075049673066,0.2671911854365878,0.3741743752771742,0.7328938303027321,3.6963477,1.6483196
0.041706075049673066,0.2671911854365878,0.3741743752771742,0.10429498771455667,4.651034,2.2907739
0.13595067051960996,0.1911777237788117,0.4229404194979293,0.698334169079434,3.0986168,1.5594366
0.0880179211669342,0.8701198790868268,0.40360900056327725,0.5452321008271142,2.4162571,1.6430124
0.5016826040944932,0.9183909484872679,0.634961788225762,0.14793966526214317,2.4232173,3.231221
0.1478703286563966,0.633272888143416,0.22808124742559724,0.27300001640238847,3.4900522,2.3069975
0.043237463285890634,0.2671911854365878,0.3741743752771742,0.10429498771455667,4.651034,2.2907739
0.043237463285890634,0.26328393932382,0.3741743752771742,0.10429498771455667,4.651034,2.2907739
0.043237463285890634,0.26328393932382,0.7820039336339043,0.10429498771455667,3.5788157,1.3458867
0.043237463285890634,0.26328393932382,0.3741743752771742,0.5839839300620007,3.5390072,1.6467522
0.3621094969013591,0.7445139779958505,0.005790521690234228,0.05436707425588236,0.08859675,5.810734
0.27441941932745195,0.3730132371242325,0.5856849511705894,0.2013174695647457,4.1345577,2.694188
0.6051912746730551,0.44054630300979136,0.7017651076337573,0.7240506422664978,2.8961878,3.8765655
0.3509740646106213,0.8105137247213876,0.20005885908802093,0.6008394513678823,2.661016,3.8073153
0.3861109418680656,0.26328393932382,0.3741743752771742,0.10429498771455667,4.4013867,3.8300092
0.3861109418680656,0.18684459713690504,0.3741743752771742,0.10429498771455667,3.3030732,3.8232462
0.3861109418680656,0.26328393932382,0.7458409595306862,0.10429498771455667,4.405553,3.8605645
0.3861109418680656,0.26328393932382,0.7458409595306862,0.2923726334431116,2.316905,3.447351
0.1752690565938514,0.5576263583595389,0.6861680434218934,0.2790672363933453,4.2668443,1.8884975
0.36644837879419623,0.30760544542570845,0.6710831037127737,0.2568762187979594,4.0621886,3.51868
0.6025293006408771,0.03970300898418788,0.6693029301214101,0.28831413716009635,0.20212589,3.6454012
0.02008388519559924,0.13065902119145711,0.7885435789015011,0.3029406757923958,0.17427108,-0.16319871
0.5510312505981122,0.30760544542570845,0.6710831037127737,0.2568762187979594,4.028091,3.6134632
0.5510312505981122,0.8200363374791051,0.6710831037127737,0.2568762187979594,2.5655181,3.1720383
0.5510312505981122,0.30760544542570845,0.46862805954737613,0.2568762187979594,4.2839346,3.766645
0.5510312505981122,0.30760544542570845,0.46862805954737613,0.6377995963158902,3.069775,3.704702
0.44301305370267785,0.3004240396652249,0.15016320724722335,0.5208745838152318,3.0357964,4.0016994
0.03626882992497106,0.6820900813234689,0.4624714782832479,0.3368915365879488,2.728224,1.0047232
0.32209919968754763,0.3369382002015482,0.416188216097026,0.031260190765681956,4.125388,4.008943
0.2446050482181309,0.15978763454692047,0.76563784091012,0.0966326371283692,2.7036543,1.7692237
0.3811919189372265,0.3369382002015482,0.416188216097026,0.031260190765681956,4.2924643,4.232986
0.3811919189372265,0.3593000506730184,0.416188216097026,0.031260190765681956,4.28057,4.370378
0.3811919189372265,0.3593000506730184,0.42996513550196797,0.031260190765681956,4.28057,4.370378
0.3811919189372265,0.3593000506730184,0.42996513550196797,0.6711556551687536,3.316303,3.9060707
0.18645976177668533,0.6914756302719076,0.6663210256835342,0.5059790176313932,2.6773949,1.4418033
0.08215764575593378,0.731911239509988,0.5075085503998497,0.6553421086969564,3.1588624,1.3045696
0.5088136298667246,0.7514003318686329,0.2322295198193495,0.7290535551908022,3.0756567,3.807897
0.30343628885001717,0.8188378821406461,0.38547140241564953,0.06440765400787993,2.1264415,2.5977793
0.19177788844271293,0.3593000506730184,0.42996513550196797,0.031260190765681956,4.261211,4.1741557
0.19177788844271293,0.2579739066092954,0.42996513550196797,0.031260190765681956,4.3580875,4.046019
0.19177788844271293,0.2579739066092954,0.7392209850418582,0.031260190765681956,4.467749,3.4320464
0.19177788844271293,0.2579739066092954,0.7392209850418582,0.6600035027143392,2.4292228,1.4062786
0.10398937622929773,0.8318865119617698,0.7547725829761117,0.6808803678932982,1.4036279,1.029383
-0.03691134430079766,0.5400513055023137,0.1843829939099905,0.4147002721518227,3.079355,1.9677002
-0.022884113407874426,0.4520450313280664,0.3870385906190598,0.4087978472991587,3.2728145,1.6242527
0.38807100216069534,0.36927800731640126,0.3532546154869651,0.3215864727895301,2.8757782,3.9004986
0.41723407287463765,0.2579739066092954,0.7392209850418582,0.031260190765681956,4.407171,4.082318
0.41723407287463765,0.3610996419296706,0.7392209850418582,0.031260190765681956,4.376195,4.228149
0.41723407287463765,0.3610996419296706,0.5613220605740937,0.031260190765681956,4.434609,4.3786087
0.41723407287463765,0.3610996419296706,0.5613220605740937,0.005739184431114073,4.3738346,4.3563027
0.3522042579583967,0.6918011833019659,0.21665611945473132,0.07852948736366369,2.8547747,3.9490082
-0.06122354302747067,0.04656505819645629,0.25365026747638403,0.1677376894241611,1.754921,2.875554
-0.025358026487728322,0.2613684463559256,0.27545543771523645,0.5803441745378031,3.1045809,2.2359369
0.5248569000077036,0.19086835702495675,0.6822978232681914,0.25029725696231253,2.9090598,3.6094449
0.31227730479246285,0.3610996419296706,0.5613220605740937,0.005739184431114073,4.185426,5.2666726
0.31227730479246285,0.09387290499365841,0.5613220605740937,0.005739184431114073,1.9806174,4.0991316
0.31227730479246285,0.3610996419296706,0.1408729482527419,0.005739184431114073,4.2429147,5.0749884
0.31227730479246285,0.3610996419296706,0.1408729482527419,0.3191829319024464,2.8546774,2.8781874
0.4829146093397224,0.15731279078276295,0.04398294548334684,0.5304643659573927,1.4079657,5.169309
0.506164304584216,0.8042285224370933,0.10588508325071891,0.2058222572204826,1.5068549,5.0573463
0.18280547197131136,0.8974992049448387,0.80295229039476,0.27181658362901473,1.4712367,1.1322284
0.4617693665869932,0.6570852122247373,0.47812971276708177,0.34256034211504627,3.3204956,3.1840687
-0.0032487495023921648,0.3610996419296706,0.1408729482527419,0.005739184431114073,4.4056134,3.8429313
-0.0032487495023921648,0.3660336374877109,0.1408729482527419,0.005739184431114073,4.4056134,3.8429313
-0.0032487495023921648,0.3660336374877109,0.49395580364313924,0.005739184431114073,4.2071075,3.180423
-0.0032487495023921648,0.3660336374877109,0.49395580364313924,0.1930060227351724,4.74275,2.6011496
0.21020530005076388,0.36428668915271656,0.6654143936755855,0.6950121569550021,2.653221,1.6135015
-0.06365898904088595,0.9079330347580377,0.10761779629835991,0.40222752889102864,0.36361173,1.2586857
0.05042753228139864,0.683280486659116,0.16720159192203035,0.455118532694911,2.8960378,1.6360601
0.3634266246068002,0.6564076196670405,0.4502812863001244,0.32685615175423166,3.2581854,3.094783
0.6178739319644081,0.3660336374877109,0.49395580364313924,0.1930060227351724,4.390787,4.1656165
0.6178739319644081,0.45437305174300313,0.49395580364313924,0.1930060227351724,5.115524,4.2607355
0.6178739319644081,0.45437305174300313,0.4731962778388667,0.1930060227351724,5.087078,4.195492
0.6178739319644081,0.45437305174300313,0.4731962778388667,0.1517817784772326,5.166046,4.1364236
0.2570271146533051,0.541984557498453,0.8201758793083135,0.5975326456235805,2.5011172,0.94315255
0.2709944703390418,0.4812933954023304,0.15432925651675236,0.010894554081719552,4.327109,5.1439824
-0.04606424515127992,0.16194064964117016,0.1428230867333732,0.49344109004402625,2.2030709,1.7470697
0.33186818273544405,0.7430770771232225,0.2687361933140577,0.46750925378349706,3.059793,2.3496287
0.27503079836920474,0.45437305174300313,0.4731962778388667,0.1517817784772326,5.007588,2.675137
0.27503079836920474,0.8588980543976357,0.4731962778388667,0.1517817784772326,2.446989,1.9768969
0.27503079836920474,0.45437305174300313,0.47913821657708494,0.1517817784772326,5.007588,2.675137
0.27503079836920474,0.45437305174300313,0.47913821657708494,0.6114044659867979,3.6812558,1.965977
0.22082393127217703,0.6061981027934906,0.12872549761448085,0.7033433622512568,2.5165758,1.9668179
0.5765573931485483,0.5918331457715458,0.1515800509927451,0.03572545814127179,3.521543,4.6369276
0.5677182133643109,0.09583704562175965,0.03449384802587999,0.4712883358570501,0.0823828,5.1930494
0.3769320785551812,0.6380897400538776,0.4878858038543376,0.5195777797853616,3.5246649,3.1330106
0.47895921899034477,0.45437305174300313,0.47913821657708494,0.1517817784772326,5.172978,4.0962257
0.47895921899034477,0.8907533485019057,0.47913821657708494,0.1517817784772326,2.3965256,3.1682632
0.47895921899034477,0.45437305174300313,0.022583717934625023,0.1517817784772326,1.3105801,6.2408648
0.47895921899034477,0.45437305174300313,0.47913821657708494,0.023252730641591033,5.0556536,4.373135
-0.04492505986647487,0.07866025744867677,0.16989652119594503,0.35048087442330456,0.6411006,1.266683
0.5836292751390041,0.08808226803255348,0.07547085641836918,0.3787586496211297,0.27903107,5.0716047
0.4677487394733818,0.11381981050813339,0.03404255131772508,0.39269106773922857,-0.05863209,5.0506573
-0.025326837404773136,0.593818188626976,0.17563688301423755,0.19019078492880223,2.3653598,2.5391634
0.2609990604002098,0.45437305174300313,0.47913821657708494,0.1517817784772326,5.007588,2.675137
0.2609990604002098,0.8898298906921922,0.47913821657708494,0.1517817784772326,2.302953,1.9767112
0.2609990604002098,0.45437305174300313,0.6853366835225495,0.1517817784772326,5.1598225,2.412017
0.2609990604002098,0.45437305174300313,0.6853366835225495,0.5497617054712762,3.0156612,1.5963953
-0.06837586301955088,0.5481765308295348,0.6833010455872078,0.1309525775017448,4.0726767,2.1561701
0.34283687922077843,0.5764960837985367,0.39824273620510636,0.10705050354138021,3.791883,3.2360551
0.6007798204733207,0.5125616795943042,0.18215256007151873,0.2934751756469538,3.4956298,4.3980546
0.4678786962713978,0.8958456831253478,0.6502879573817711,0.5804699496699257,2.2427123,3.2217622
0.2813448784381497,0.45437305174300313,0.6853366835225495,0.1517817784772326,5.1598225,2.412017
0.2813448784381497,0.7842121102141446,0.6853366835225495,0.1517817784772326,2.754784,1.7963148
0.2813448784381497,0.45437305174300313,0.7322954051955882,0.1517817784772326,5.055424,2.3788598
0.2813448784381497,0.45437305174300313,0.7322954051955882,0.17918994580164235,4.9257646,2.4423084
0.3422405156252556,0.5070556826640731,0.3918748717063129,0.5202944830581657,3.5862896,3.7776697
0.29877297884117227,0.4823918573515682,0.6154482745129045,0.016597404297250738,4.701829,3.8300765
0.030926872679094677,0.08633389320576912,0.7613309204112472,0.4100511883819742,0.095778294,0.038486224
0.6496120206280717,0.5064254765558349,0.0845079722052188,0.10409223113430241,2.6288753,6.284963
0.01408532687917842,0.4823918573515682,0.6154482745129045,0.016597404297250738,3.9973574,3.4343743
0.29877297884117227,0.6262282741462073,0.6154482745129045,0.016597404297250738,3.3409333,3.6337163
0.29877297884117227,0.4823918573515682,0.14639477557718364,0.016597404297250738,4.504386,5.10824
0.29877297884117227,0.4823918573515682,0.14639477557718364,0.4846534684547237,3.3874912,2.5225518
0.5832411087634582,0.6794911816397424,0.7360914059038118,0.08846790968037863,2.784587,3.3006852
0.4235258603977944,0.17752673501417027,0.561633892771538,0.6884077634745935,2.527233,3.8635335
0.3880702994655808,0.7794732887682323,0.5478327803005428,0.624329478549825,3.2314186,3.2363718
-0.06022978628393459,0.8527460288478514,0.19037530774537928,0.5416441448372638,0.7661391,1.433145
0.0719121304261129,0.4823918573515682,0.14639477557718364,0.016597404297250738,4.46139,5.144279
0.0719121304261129,0.3692041333281062,0.14639477557718364,0.016597404297250738,4.674276,4.489284
0.0719121304261129,0.3692041333281062,0.6385591802518266,0.016597404297250738,4.373276,3.6091347
0.0719121304261129,0.3692041333281062,0.6385591802518266,0.4214490754596909,2.8134344,1.4858006
0.5581762841375401,0.4134900914485531,0.10982372380739572,0.07832574630459985,2.9175644,6.137706
0.21002333114996607,0.5012134369663017,0.6712406288273208,0.5455694465904486,3.0291183,1.6474658
0.4834802060162168,0.20401331505072395,0.2441781417451269,0.4033243762056351,2.343399,4.57549
0.48409003571849396,0.30570033092017024,0.40005736392055485,0.6095382331449564,3.0452998,3.6941946
0.4861023877855143,0.3692041333281062,0.6385591802518266,0.016597404297250738,4.466473,4.5873504
0.4861023877855143,0.7539010294111765,0.6385591802518266,0.016597404297250738,3.0252893,3.3376477
0.4861023877855143,0.3692041333281062,0.08110653713502361,0.016597404297250738,2.2257478,6.5014887
0.4861023877855143,0.3692041333281062,0.6385591802518266,0.09385462512787865,4.326914,4.1255975
0.34897173900012446,0.4797536858850382,0.6934130029239779,0.7263659220949066,2.8054025,3.5914507
0.1090124085184331,0.4551453256496898,0.5286231597337115,0.47734276791069163,3.6931896,1.5181812
0.24038612140989135,0.7492941798794126,0.6841259919273689,0.4780369803073121,2.6068,1.5095773
-0.015857029118622953,0.6693757830666089,0.40605147642286527,0.23722276689737495,2.1493132,1.6724668
0.31170552642684923,0.3692041333281062,0.6385591802518266,0.09385462512787865,4.227588,2.4173357
0.31170552642684923,0.5838093564272429,0.6385591802518266,0.09385462512787865,3.7358828,2.0955033
0.31170552642684923,0.3692041333281062,0.3147743209483104,0.09385462512787865,4.0800543,2.7923214
0.31170552642684923,0.3692041333281062,0.3147743209483104,0.7259880578401372,3.3024826,2.3238494
0.41922924009204776,0.8614170417376701,0.37600315094446474,0.22413018148132832,2.4176466,3.0386653
0.2706841722402963,0.24680892628185314,0.6035298644804356,0.12216983519846278,3.4283483,2.4691076
0.3542070706364021,0.3561949318276212,0.5091811397695473,0.09405147141032796,4.2776275,3.9591582
0.36536913138844673,0.7419359688040137,0.279214273406525,0.4334321987055709,3.043937,3.4522495
-0.043265507263145916,0.3561949318276212,0.5091811397695473,0.09405147141032796,4.6715846,2.3160677
-0.043265507263145916,0.8024395261276505,0.5091811397695473,0.09405147141032796,-0.111717075,1.4636519
-0.043265507263145916,0.3561949318276212,0.16472825394010152,0.09405147141032796,4.4961276,3.2537267
-0.043265507263145916,0.3561949318276212,0.16472825394010152,0.016501414848512728,4.739317,3.705117
0.3998447178688148,0.5513275606139691,0.25917991926829437,0.3609235604935037,3.4326072,4.711455
0.22762967597974015,0.6112005232625757,0.748210961792782,0.18651999730637311,2.9239774,1.6673497
0.007199964473499368,0.1769056825948545,0.8277499219241763,0.0855971373900459,2.4734445,1.9570222
0.6057056021538286,0.34969931752580763,0.4200615981690445,0.1985457261098986,4.338918,3.9595795
0.21574059807737112,0.3561949318276212,0.16472825394010152,0.016501414848512728,4.590872,4.550914
0.21574059807737112,0.7695734462471924,0.16472825394010152,0.016501414848512728,1.9777533,3.2182863
0.21574059807737112,0.3561949318276212,0.05041501339871505,0.016501414848512728,1.5081838,4.5433035
0.21574059807737112,0.3561949318276212,0.16472825394010152,0.6358517485335291,3.2127962,2.908219
0.44385381714511063,0.6238449932003278,0.5111398699137845,0.28500523246015064,4.0596056,3.1147165
0.6030674181822705,0.3452412792859003,0.08135487417083845,0.387283372307639,2.0684435,5.1410522
0.5069517180885691,0.6084451761876237,0.07709940914174843,0.286827246346288,2.3528273,5.9308786
0.5478242241236829,0.19165367378142362,0.6260324907625535,0.6389692372052167,1.7887753,3.7512934
0.37461915282355174,0.3561949318276212,0.16472825394010152,0.016501414848512728,4.6388297,5.881751
0.37461915282355174,0.3010950437391906,0.16472825394010152,0.016501414848512728,4.6554904,5.6358647
0.37461915282355174,0.3010950437391906,0.7372021341146672,0.016501414848512728,4.441088,4.3696656
0.37461915282355174,0.3010950437391906,0.7372021341146672,0.3986296004095742,2.2915463,3.4490135
0.21959025837951518,0.08470257166432082,0.7140666614133261,0.5864086448709962,-0.16891822,0.5405825
0.48451038920623646,0.6371152280375916,0.49031116143504055,0.4816056418164507,3.6928422,3.1648903
0.14669696794983855,0.31244891432352384,0.5879476501720039,0.14247243173375776,4.7045236,2.3562467
0.049099372425741264,0.9008257339196444,0.6907407884351889,0.57049970553566,1.3182966,1.2092189
0.46149302775982404,0.31244891432352384,0.5879476501720039,0.14247243173375776,4.5542893,4.003775
0.46149302775982404,0.7731047622755942,0.5879476501720039,0.14247243173375776,3.3760738,3.1595685
0.46149302775982404,0.31244891432352384,0.6430802407004305,0.14247243173375776,4.5274167,4.0030565
0.46149302775982404,0.31244891432352384,0.6430802407004305,0.10603707793029568,4.509354,4.017619
0.42134207378255295,0.028505132613242612,0.3210146072628865,0.55186903781998,-0.15955585,3.8204205
-0.049492999819448755,0.7186755565077454,0.6814948578786287,0.2427396740302896,1.8986336,1.1978643
0.6073230881727679,0.8099957729061318,0.47303412662492533,0.24074815539479386,2.548036,3.2924733
0.16289449826883684,0.09435608432936604,0.05275658856961033,0.5674008724799933,0.7645949,1.0960058
-0.029197251165042334,0.31244891432352384,0.6430802407004305,0.10603707793029568,4.345225,2.0683148
-0.029197251165042334,0.6654319751107542,0.6430802407004305,0.10603707793029568,1.8724797,1.5050044
-0.029197251165042334,0.31244891432352384,0.7900838537640466,0.10603707793029568,3.7142663,1.1876125
-0.029197251165042334,0.31244891432352384,0.6430802407004305,0.21056325864947564,4.0716367,2.0672736
-0.007975387103725681,0.15825251916334215,0.3586158131050671,0.363960957670983,2.3151045,1.4007454
-0.0358705057173213,0.8788152511233482,0.5595746934155653,0.3668787481765392,0.4417791,0.74160033
0.5321306565804583,0.2584702627357496,0.6488978950418675,0.4110277108316325,2.3634558,3.5622432
0.31848815432515376,0.7684784674198877,0.7266844353703247,0.4707114882239942,2.2523158,1.4736474
0.6071922576342227,0.31244891432352384,0.6430802407004305,0.10603707793029568,4.5065413,4.033038
0.6071922576342227,0.15324029720333954,0.6430802407004305,0.10603707793029568,3.4365125,4.030489
0.6071922576342227,0.31244891432352384,-0.0021009113965285387,0.10603707793029568,1.1059393,6.1058493
0.6071922576342227,0.31244891432352384,0.6430802407004305,0.07720203347927776,4.294475,4.1536407
0.46022892623139977,0.8743659041362948,0.3246109748745489,0.5510012327377218,2.7499943,3.3222032
0.5180466017320996,0.43308623870730756,0.6873988712949392,0.06630800495812036,4.98826,4.3925867
0.4282276948131415,0.17077209579446917,0.6379770161851351,0.32509952506402584,1.5057229,3.6250446
0.515918252669355,0.6528519474206305,0.7781394589866023,0.17482043271984435,2.5607605,3.0537677
0.4615844958947456,0.43308623870730756,0.6873988712949392,0.06630800495812036,4.98826,4.3925867
0.4615844958947456,0.36617567555507513,0.6873988712949392,0.06630800495812036,4.3199415,4.3495755
0.4615844958947456,0.43308623870730756,0.42562768982919413,0.06630800495812036,4.939285,4.313662
0.4615844958947456,0.43308623870730756,0.42562768982919413,0.2849393947908787,4.766668,4.069412
0.4552612735161182,0.08259042658967619,0.6336405627561134,0.6310997208395506,-0.48885337,3.5763488
0.5918047205254257,0.138377830631784,0.6742942244605244,0.6740346522325318,1.7906883,3.5363097
0.1930931731852804,0.14252641765175333,0.6838716846599929,0.5484415086046717,1.8548609,1.2355577
0.3251297881289402,0.35275430278800624,0.5144720326280926,0.35662303045769406,2.8043258,1.7712481
0.6307217418335355,0.43308623870730756,0.42562768982919413,0.2849393947908787,4.759736,4.111745
0.6307217418335355,0.4837875530438054,0.42562768982919413,0.2849393947908787,4.5959554,3.9261043
0.6307217418335355,0.43308623870730756,0.011936746564765875,0.2849393947908787,1.3749378,6.1765647
0.6307217418335355,0.43308623870730756,0.42562768982919413,0.716133891585109,3.7628543,4.083401
0.5780751672634851,0.2712750691621202,0.5672683841577805,0.4118746129156676,2.948324,3.7934115
-0.022763717736865682,0.22875165567688915,0.5809798321430159,0.01856699188883579,3.5902524,3.271968
0.610592592592602,0.30192091661253295,0.7363605905057117,0.7096064553974344,2.2586908,3.5439172
0.3603194589860724,0.4915893055082252,0.10316367979013022,0.21091775273551147,2.7818189,5.7170496
0.1821331026766254,0.43308623870730756,0.42562768982919413,0.2849393947908787,4.706055,2.433158
0.1821331026766254,0.23459239533800913,0.42562768982919413,0.2849393947908787,3.0831,1.9723226
0.1821331026766254,0.43308623870730756,0.075732886700587,0.2849393947908787,1.9811871,3.1629806
0.1821331026766254,0.43308623870730756,0.42562768982919413,0.5581586926991626,3.7791271,2.0080168
0.6054717974089038,0.24941960113260198,0.530080440495765,0.33228538007811537,1.7993386,3.7936444
0.04291970176704431,0.4226608827605882,0.1534302718811417,0.31945026254224373,3.2356522,2.3323839
0.3937449295509615,0.07355761716319487,0.29016450961924173,0.5137082722472748,-0.20511623,3.6465907
0.4212044611581863,0.27248563496403033,0.514466840188616,0.5314453262426504,2.9394124,3.7169669
0.43880160628247655,0.43308623870730756,0.42562768982919413,0.2849393947908787,4.824141,4.1034427
0.43880160628247655,0.2613939053847054,0.42562768982919413,0.2849393947908787,4.010674,3.8150644
0.43880160628247655,0.43308623870730756,0.3054206678636961,0.2849393947908787,4.8164935,4.1371717
0.43880160628247655,0.43308623870730756,0.3054206678636961,0.33158457854893086,3.53491,4.146819
0.4129002444083455,0.8069615097004772,0.4028765435601879,0.7340219433369555,2.7672248,3.149013
0.013312026274484037,0.5988936535928984,0.4593323037117098,0.662755021991746,2.2068362,0.7190933
-0.08337996335102692,0.8832061430012841,0.22228219267240537,0.4417397893663022,0.691965,1.50365
0.4832300958172503,0.881360738375462,0.10204841140377577,0.11557110936565704,1.3535721,4.9481797
0.2613682077426204,0.43308623870730756,0.3054206678636961,0.2849393947908787,4.6144614,2.6957066
0.43880160628247655,0.643953648693063,0.3054206678636961,0.2849393947908787,3.6831272,3.2619646
0.43880160628247655,0.43308623870730756,0.7665101509311499,0.2849393947908787,4.0452185,3.8774679
0.43880160628247655,0.43308623870730756,0.3054206678636961,0.411518295034611,3.7310674,4.0902076
0.4840801099529043,0.22272588638493307,0.48172140703405025,0.5959852443129314,2.2445982,3.7575138
0.281896100455188,0.8366502802399722,0.5356490399901696,0.7373875006819581,2.8311715,1.7704158
0.32682641294648385,0.6692777300182762,0.2618973743014274,0.1390922290723466,3.3980348,2.697553
-0.04266592151150915,0.2626469037642529,0.4732687002213964,0.6327420976450568,3.235445,1.1893265
0.06469348267698595,0.43308623870730756,0.3054206678636961,0.2849393947908787,4.435742,2.2732806
0.43880160628247655,0.7948028752348542,0.3054206678636961,0.2849393947908787,2.5188346,3.3511686
0.43880160628247655,0.43308623870730756,0.07880921371348162,0.2849393947908787,2.6607497,6.066976
0.43880160628247655,0.43308623870730756,0.3054206678636961,0.5659445476553238,3.7081478,4.069495
-0.05268561285331429,0.9000811575254639,0.6100386684361848,0.5643839385246388,0.35516974,0.8113807
0.6204585668194113,0.4504243001422985,0.12368054780217622,0.3641862752291516,2.5462084,5.4932814
-0.08223634895317021,0.6052257624608846,0.7099418526246611,0.03316457442971196,1.4719502,3.4036388
-0.063982017531634,0.633616546868323,0.4491304178082775,0.19087714496826533,2.2553134,1.840538
0.22043548923604261,0.43308623870730756,0.3054206678636961,0.2849393947908787,4.7096,2.7314408
0.22043548923604261,0.4820941192356809,0.3054206678636961,0.2849393947908787,4.541224,2.7150455
0.22043548923604261,0.43308623870730756,0.23968292030952779,0.2849393947908787,4.912838,3.3152242
0.22043548923604261,0.43308623870730756,0.23968292030952779,0.28494147091991806,4.912838,3.3152242
0.6259883070939832,0.3249306023025187,0.6524487960815438,0.5555759788251713,2.3745816,3.5690389
0.12952663155627298,0.08317765144408629,0.2136779053577106,0.4137907051551153,0.66754,1.4454063
-0.005565305007840679,0.22433409533026039,0.07694178466403204,0.4033013255045397,1.5688801,1.7154713
0.17073988144719732,0.17418352680797744,0.46176053156000746,0.2647645604729547,3.387618,1.9604098
0.647189459530959,0.43308623870730756,0.23968292030952779,0.28494147091991806,5.025181,5.0514784
0.647189459530959,0.09742722099757284,0.23968292030952779,0.28494147091991806,1.0085849,4.4203377
0.647189459530959,0.43308623870730756,0.32893429314869976,0.28494147091991806,4.778511,4.1728387
0.647189459530959,0.43308623870730756,0.23968292030952779,0.0032930423966241774,5.481447,5.741898
0.647189459530959,0.43308623870730756,0.23968292030952779,0.0032930423966241774,5.481447,5.741898
0.647189469530959,0.43308623870730756,0.23968292030952779,0.0032930423966241774,5.481447,5.741898
0.647189459530959,0.43308624870730755,0.23968292030952779,0.0032930423966241774,5.481447,5.741898
0.647189459530959,0.43308623870730756,0.23968293030952778,0.0032930423966241774,5.481447,5.741898
0.647189459530959,0.43308623870730756,0.23968292030952779,0.0032930523966241774,5.481447,5.741898
0.5585027802648411,0.6739110894786982,0.4432657753021471,0.6236453544288381,3.4374921,3.140925
0.395702189408888,0.3436249049744142,0.2048331921062098,0.012850985078500774,5.233871,5.632954
-0.037827954872937095,0.4288027216898893,0.22897604777720285,0.2744390794507048,4.6457653,3.4650562
0.2540597007993569,0.7422275508469318,0.12354743128198811,0.1605362976725537,1.352069,2.3038902
0.5289238680742211,0.43308623870730756,0.23968292030952779,0.0032930423966241774,5.495692,5.81297
0.5289238680742211,0.636200304488717,0.23968292030952779,0.0032930423966241774,3.1738389,3.8342793
0.5289238680742211,0.43308623870730756,0.6456734278011419,0.0032930423966241774,4.6755285,4.2500086
0.5289238680742211,0.43308623870730756,0.23968292030952779,0.5260262214790004,3.7480767,4.962453
0.5289238680742211,0.43308623870730756,0.23968292030952779,0.0032930423966241774,5.495692,5.81297
0.5289238780742211,0.43308623870730756,0.23968292030952779,0.0032930423966241774,5.495692,5.81297
0.5289238680742211,0.43308624870730755,0.23968292030952779,0.0032930423966241774,5.495692,5.81297
0.5289238680742211,0.43308623870730756,0.23968293030952778,0.0032930423966241774,5.495692,5.81297
0.5289238680742211,0.43308623870730756,0.23968292030952779,0.0032930523966241774,5.495692,5.81297
0.5260626682202559,0.6403189693505351,0.23650932468598054,0.025932518215611797,3.3507123,4.2736335
0.4026466027701189,0.28387662303465033,0.7218172416563483,0.4029509963804614,2.2915463,3.4375606
0.111800286010609,0.1738055281141624,0.2453994458980441,0.27316198000904635,3.6169868,2.7665296
0.31194581504123453,0.8847823004828297,0.8005280383460857,0.12025600660807709,1.4233032,1.2229395
0.0654704982282145,0.43308623870730756,0.23968292030952779,0.0032930423966241774,5.1903224,5.1453233
0.5289238680742211,0.6778387947303295,0.23968292030952779,0.0032930423966241774,3.0771606,3.8781443
0.5289238680742211,0.43308623870730756,0.22646113555097705,0.0032930423966241774,5.5216584,6.049273
0.5289238680742211,0.43308623870730756,0.22646113555097705,0.09774516603806302,5.520196,5.3696856
0.5289238680742211,0.43308623870730756,0.22646113555097705,0.0032930423966241774,5.5216584,6.049273
0.5289238780742211,0.43308623870730756,0.22646113555097705,0.0032930423966241774,5.5216584,6.049273
0.5289238680742211,0.43308624870730755,0.22646113555097705,0.0032930423966241774,5.5216584,6.049273
0.5289238680742211,0.43308623870730756,0.22646114555097704,0.0032930423966241774,5.5216584,6.049273
0.5289238680742211,0.43308623870730756,0.22646113555097705,0.0032930523966241774,5.5216584,6.049273
0.42840233382337545,0.6900978327940281,0.5967513066785649,0.7200566090539731,3.3027565,3.2158852
0.5363262905848335,0.6311837934480926,0.679044165626283,-0.0004560694543940501,1.8669751,3.1080534
0.5444983299207603,0.24188716664076138,0.16625685985560149,0.13779599898775527,3.310983,4.3140364
0.03842512054222892,0.6041578905641765,0.47389210135100773,0.3685603352602449,3.0071018,1.0496755
0.2320859820889699,0.43308623870730756,0.22646113555097705,0.09774516603806302,5.3445573,3.4002247
0.5289238680742211,0.9021436227063169,0.22646113555097705,0.09774516603806302,2.241195,3.942773
0.5289238680742211,0.43308623870730756,0.26878743561033097,0.09774516603806302,5.6021934,5.5060124
0.5289238680742211,0.43308623870730756,0.26878743561033097,0.731858861871789,3.780466,5.1438255
0.5289238680742211,0.43308623870730756,0.26878743561033097,0.09774516603806302,5.6021934,5.5060124
0.5289238780742211,0.43308623870730756,0.26878743561033097,0.09774516603806302,5.6021934,5.5060124
0.5289238680742211,0.43308624870730755,0.26878743561033097,0.09774516603806302,5.6021934,5.5060124
0.5289238680742211,0.43308623870730756,0.26878744561033097,0.09774516603806302,5.6021934,5.5060124
0.5289238680742211,0.43308623870730756,0.26878743561033097,0.09774517603806301,5.6021934,5.5060124
0.5525290042243518,0.03062257603976667,0.4830371439054569,0.6088363216905965,-0.14776176,3.8255975
0.4279210510469137,0.32351621040816747,0.4420675727591447,0.4797975641712249,3.0663128,3.747787
0.06025081132050082,0.29700431621652124,0.1742632459685657,0.12235000404912807,4.442699,2.8157742
0.014232736832951023,0.835542256051502,0.5896704814916428,0.24798210264190598,1.0544657,0.8910057
0.5946789285010835,0.845091397076744,0.5111354051258522,0.24497286563600437,2.70232,3.3035574
0.405300364109208,0.845091397076744,0.5111354051258522,0.24497286563600437,2.6736887,3.1739633
0.405300364109208,0.106108789587954,0.5111354051258522,0.24497286563600437,0.7267137,3.6571152
0.405300364109208,0.106108789587954,0.7042469535414518,0.24497286563600437,0.81209123,3.4752002
0.405300364109208,0.106108789587954,0.7042469535414518,0.4139039987915716,-0.48253655,3.408272
0.06025081132050082,0.29700431621652124,0.1742632459685657,0.12235000404912807,4.442699,2.8157742
0.06025082132050082,0.29700431621652124,0.1742632459685657,0.12235000404912807,4.442699,2.8157742
0.06025081132050082,0.29700432621652123,0.1742632459685657,0.12235000404912807,4.442699,2.8157742
0.06025081132050082,0.29700431621652124,0.1742632559685657,0.12235000404912807,4.442699,2.8157742
0.06025081132050082,0.29700431621652124,0.1742632459685657,0.12235001404912807,4.442699,2.8157742
0.3833501968586662,0.5277228756747245,0.16670670921520028,0.1831462159777821,4.6812215,4.715257
0.46956022701973665,0.18637118724591417,0.24654582472958256,0.567820393163533,2.3738432,4.5547776
0.37043984784494277,0.19802189625113797,0.15989731782665864,0.10338089431507666,3.2717881,4.306219
0.04700345806849872,0.6582612244455794,0.5513283083395554,0.507599623132247,3.2959447,1.2020706
-0.057645280702627186,0.6582612244455794,0.5513283083395554,0.507599623132247,2.030632,0.80566657
-0.057645280702627186,0.5883972439562384,0.5513283083395554,0.507599623132247,2.235284,0.81961447
-0.057645280702627186,0.5883972439562384,0.473460760438471,0.507599623132247,2.227684,0.98575634
-0.057645280702627186,0.5883972439562384,0.473460760438471,0.38907501971126024,2.1626737,0.9513774
0.3833501968586662,0.5277228756747245,0.16670670921520028,0.1831462159777821,4.6812215,4.715257
0.3833502068586662,0.5277228756747245,0.16670670921520028,0.1831462159777821,4.6812215,4.715257
0.3833501968586662,0.5277228856747246,0.16670670921520028,0.1831462159777821,4.6812215,4.715257
0.3833501968586662,0.5277228756747245,0.16670671921520028,0.1831462159777821,4.6812215,4.715257
0.3833501968586662,0.5277228756747245,0.16670670921520028,0.1831462259777821,4.6812215,4.715257
0.13719201821453642,0.07360103242530958,0.42426621561378125,0.6150688884615079,0.40470046,0.83481157
0.0995922428260997,0.7360698477211338,0.5085726573763599,0.4214137539577578,3.231649,1.2917088
0.07121195304067086,0.17626978411152416,0.3257439989997421,0.056378181197477034,3.550724,3.1269643
-0.012646591726967013,0.5401733314605535,0.3300915689994354,0.3620905535738075,2.9982004,1.6457598
0.5310961315168025,0.5401733314605535,0.3300915689994354,0.3620905535738075,3.389473,3.885483
0.5310961315168025,0.6113184545946009,0.3300915689994354,0.3620905535738075,3.350995,3.3314118
0.5310961315168025,0.6113184545946009,0.1429464581476906,0.3620905535738075,3.206028,3.710926
0.5310961315168025,0.6113184545946009,0.1429464581476906,0.1575365661327552,3.4096777,3.89251
0.08307960943237704,0.5006650799938788,0.5312695114936526,0.6706612013874249,3.7866611,1.5316341
0.27413676430307066,0.2698550867428202,0.593686409696846,0.4128678375355683,2.9439602,1.8093609
0.504538160357234,0.20061908539549833,0.031498832614332097,0.43164344301996493,0.9949759,5.1414285
0.5319004116766942,0.3351466635505309,0.402247407560909,0.35740364905290534,2.8531275,3.735487
0.5011353600737777,0.3351466635505309,0.402247407560909,0.35740364905290534,2.8600593,3.7170177
0.5011353600737777,0.33371146556550313,0.402247407560909,0.35740364905290534,2.8600593,3.7170177
0.5011353600737777,0.33371146556550313,0.6557411294190704,0.35740364905290534,2.1214979,3.5586138
0.5011353600737777,0.33371146556550313,0.6557411294190704,0.1568261643998383,4.4279695,3.888066
0.4260559306474486,0.10777374874800794,0.5936805361760683,0.03182290586392608,2.1974208,3.9808116
0.21032396386747532,0.5280388501341489,0.5881581364290195,0.0661182042183732,4.7568035,3.8292146
0.5037858902374744,0.17391649259149178,0.049804206656417195,0.5896951225332963,1.4780672,5.124853
0.18816028076608615,0.117956596128026,0.34453399724727957,0.3001466864698443,-0.027141226,1.1870795
0.6015689981313764,0.117956596128026,0.34453399724727957,0.3001466864698443,-0.34274364,3.8430762
0.6015689981313764,0.0958231854091589,0.34453399724727957,0.3001466864698443,-0.34274364,3.8430762
0.6015689981313764,0.0958231854091589,0.6021348222225672,0.3001466864698443,-0.45072767,3.8920043
0.6015689981313764,0.0958231854091589,0.6021348222225672,0.667228796177465,-0.24036428,3.8796687
0.21032396386747532,0.5280388501341489,0.5881581364290195,0.0661182042183732,4.7568035,3.8292146
0.2103239738674753,0.5280388501341489,0.5881581364290195,0.0661182042183732,4.7568035,3.8292146
0.21032396386747532,0.5280388601341489,0.5881581364290195,0.0661182042183732,4.7568035,3.8292146
0.21032396386747532,0.5280388501341489,0.5881581464290195,0.0661182042183732,4.7568035,3.8292146
0.21032396386747532,0.5280388501341489,0.5881581364290195,0.06611821421837319,4.7568035,3.8292146
0.21449110346373013,0.8132659717538733,0.6483385707918069,0.548802933830455,2.3473065,1.6840647
-0.010548101594136536,0.166733839447883,0.7724411318044434,0.5057682965161021,1.7365121,0.53480995
0.5749030027300109,0.38846154661439103,0.7805583379857629,0.35440094084752616,1.7417657,3.6490965
-0.07205701967564991,0.23943215236512616,0.7309912285406085,0.31654779348481554,1.801951,0.6485626
0.023857938706519546,0.23943215236512616,0.7309912285406085,0.31654779348481554,1.4401845,0.43314993
0.023857938706519546,0.5521420228389475,0.7309912285406085,0.31654779348481554,2.6116054,0.7646286
0.023857938706519546,0.5521420228389475,0.7483357246835117,0.31654779348481554,2.562256,0.6306844
0.023857938706519546,0.5521420228389475,0.7483357246835117,0.5192711258279843,2.4043143,0.64904535
0.5211663971544155,0.6856351090682784,0.026606861862385953,0.28048481867487496,1.0265191,5.989977
0.2804771028546261,0.46451905352891965,0.47047750356967594,0.7274238679314387,3.7367892,1.9398156
0.5774552463644381,0.5953354649469702,0.7226144605185038,0.5139563190214496,2.4004986,3.1219642
-0.015399824283276783,0.4963707950782732,0.24654908321101035,0.6841012980379979,3.1380208,2.3483684
-0.05699590297697786,0.4963707950782732,0.24654908321101035,0.6841012980379979,3.1380208,2.3483684
-0.05699590297697786,0.20226763184336738,0.24654908321101035,0.6841012980379979,2.692759,2.0756283
-0.05699590297697786,0.20226763184336738,0.7593629109263124,0.6841012980379979,1.7700514,0.5318491
-0.05699590297697786,0.20226763184336738,0.7593629109263124,0.3647613181502116,1.3586663,0.44297597
0.11696586728246373,0.3119124555217443,0.7893712917869603,0.23858213687192983,3.5567226,0.75887173
0.15018943965811704,0.13203992264775932,0.41364399916659117,0.63871033882711,0.15330076,0.7625661
0.0071576921717261405,0.0006723680098916773,0.027396543322033038,0.1570843453264423,0.1710231,2.1719923
0.21425319576835344,0.06887309307375178,0.7954762988078644,0.0490775041166209,1.2368422,2.6807003
0.15473057203030238,0.06887309307375178,0.7954762988078644,0.0490775041166209,1.1725943,2.6345208
0.15473057203030238,0.711853881901936,0.7954762988078644,0.0490775041166209,1.3264642,2.9453473
0.15473057203030238,0.711853881901936,0.24772508244178484,0.0490775041166209,2.6101384,3.2915156
0.15473057203030238,0.711853881901936,0.24772508244178484,0.5929146404944596,2.9507625,2.0667083
0.39914739108976927,0.8602188191265334,0.35665158243918066,0.2998079244604881,2.6605399,3.0668118
0.05013778166909057,0.7961217073690672,0.7458802477188143,0.2836272185165605,1.3113686,0.99397725
0.6122290331913823,0.46872722065697303,0.626494522306085,0.10568438285230639,5.360152,4.1888456
0.6171088137692676,0.022269636784492786,0.6268289856374459,0.07741166273769903,1.3292202,3.9777014
0.30931664798628156,0.022269636784492786,0.6268289856374459,0.07741166273769903,1.3104547,2.7316246
0.30931664798628156,0.1799728227407238,0.6268289856374459,0.07741166273769903,3.2670891,2.7729893
0.30931664798628156,0.1799728227407238,0.4411782599311355,0.07741166273769903,3.0394063,3.1398041
0.30931664798628156,0.1799728227407238,0.4411782599311355,0.7255698773561825,2.6417646,1.6012596
0.6122290331913823,0.46872722065697303,0.626494522306085,0.10568438285230639,5.360152,4.1888456
0.6122290431913824,0.46872722065697303,0.626494522306085,0.10568438285230639,5.360152,4.1888456
0.6122290331913823,0.468727230656973,0.626494522306085,0.10568438285230639,5.360152,4.1888456
0.6122290331913823,0.46872722065697303,0.6264945323060851,0.10568438285230639,5.360152,4.1888456
0.6122290331913823,0.46872722065697303,0.626494522306085,0.10568439285230638,5.360152,4.1888456
0.09115727928838759,0.28157930960155,0.3805012369885152,0.4277579423501443,3.5934932,1.931025
0.5313612638501904,0.817916970688993,0.2782857524991415,0.7401887044671653,2.706269,3.6533835
0.02640103530249517,0.47218038627431236,0.21446955768302614,0.374563795520757,3.088511,2.0824842
0.4756665870281601,0.17289965217133485,0.3138372472879611,0.621491711903996,2.2757106,3.7504706
0.6568541501775736,0.17289965217133485,0.3138372472879611,0.621491711903996,2.2659733,3.8375025
0.6568541501775736,0.2133998874535381,0.3138372472879611,0.621491711903996,2.221491,3.835951
0.6568541501775736,0.2133998874535381,0.4468405914668216,0.621491711903996,2.2376664,3.8262465
0.6568541501775736,0.2133998874535381,0.4468405914668216,0.6448043060504141,2.2376664,3.8262465
0.23879915838788668,0.2783690949870179,0.0587407859509285,0.6777256730773722,1.9787414,2.314727
0.3057803862227325,0.5593962330271687,0.591548100623647,0.12091590854562281,4.7254953,2.4091814
0.54191320200585,0.39001248034912095,0.7687717542138802,0.6177553817771226,1.9965057,3.6325605
0.31486441694865086,0.5223306067969911,0.013684586003355124,0.7094684032695646,1.1361833,0.8267361
0.08912974918660556,0.5223306067969911,0.013684586003355124,0.7094684032695646,1.1859528,0.6882336
0.08912974918660556,0.6393662866633627,0.013684586003355124,0.7094684032695646,0.9346173,0.020571707
0.08912974918660556,0.6393662866633627,0.528875187114095,0.7094684032695646,3.3945034,1.2897516
0.08912974918660556,0.6393662866633627,0.528875187114095,0.7415632325659267,3.3945034,1.2897516
0.4119912092945833,0.3210968529615412,0.06815878137844403,0.2799655014026534,1.6300869,5.2007933
0.10730846747735935,0.9133940339290634,0.6176692151310753,0.7257489160424022,1.812646,1.2265636
0.15816888695083786,0.8219271748365737,0.6700298803942845,0.5166055605787712,1.9374675,1.4785353
-0.025085088601042846,0.7485976418273421,0.25960797549973064,0.439853572390124,1.7056086,1.6880735
0.2227778086216584,0.7485976418273421,0.25960797549973064,0.439853572390124,3.1729527,2.4492857
0.2227778086216584,0.47186552803701565,0.25960797549973064,0.439853572390124,3.7959414,2.9254932
0.2227778086216584,0.47186552803701565,0.2768523954072423,0.439853572390124,3.7631104,2.7514193
0.2227778086216584,0.47186552803701565,0.2768523954072423,0.6314286001567169,3.7304685,2.7307067
0.6302583587866172,0.8516599413688799,0.5036197407215742,0.2797848874931361,2.8443165,3.3156328
0.5635309379196246,0.432906281188671,0.12379465275457627,0.06958774221375916,2.9403255,6.5182304
0.12177203082965828,0.7370949323672011,-0.0046041149806100535,0.3151246426782457,-1.146163,-0.3652739
0.3812687992226317,0.5614959692382504,0.40593660975164075,0.05825538549831319,4.336261,3.9363215
0.6046526088679257,0.5614959692382504,0.40593660975164075,0.05825538549831319,4.502432,4.0311885
0.6046526088679257,0.6086105911775936,0.40593660975164075,0.05825538549831319,3.7384639,3.3475773
0.6046526088679257,0.6086105911775936,0.05432931969537417,0.05825538549831319,1.5635136,6.596453
0.6046526088679257,0.6086105911775936,0.05432931969537417,0.6309084203116946,1.9244797,5.7925463
0.16913502746118325,0.5905100714882714,0.8111693541707984,0.2592955153299812,1.8305837,0.8653633
-0.02710888846196978,0.6366130642972649,0.11679485936465986,0.617565050273182,1.5030241,1.3439846
0.1890950973803479,0.49868132917297947,0.41867381905534,0.7409617490259599,3.7533317,1.9954921
0.1868102792595011,0.7254987558116182,0.39661960393265566,0.5312425564270633,3.17547,1.8966367
0.4731392931892401,0.7254987558116182,0.39661960393265566,0.5312425564270633,3.2239127,3.1132114
0.4731392931892401,0.0908592712593328,0.39661960393265566,0.5312425564270633,-0.14342222,3.7918668
0.4731392931892401,0.0908592712593328,0.47669694895985243,0.5312425564270633,-0.14776176,3.81005
0.4731392931892401,0.0908592712593328,0.47669694895985243,0.28548160419438773,0.6935753,3.8557577
0.10945684637013255,0.18396503250329,0.5723872738679886,0.6489390203536658,2.8186326,1.4549271
0.07446695993449727,0.10008677911415065,0.6136491999725647,0.7058879731590153,0.55405474,0.42210528
0.20835151617868275,0.10506827958257725,0.06225022175301823,0.43215468013986325,0.7947982,1.0772344
0.08015851837782563,0.3158399387509334,0.2505088867741327,0.3200920255228965,3.34923,2.6319857
0.11693539059169979,0.3158399387509334,0.2505088867741327,0.3200920255228965,3.2725258,2.6640482
0.11693539059169979,0.44879667082279884,0.2505088867741327,0.3200920255228965,3.4615698,2.7255201
0.11693539059169979,0.44879667082279884,0.09990826131366806,0.3200920255228965,2.2273662,2.4669516
0.11693539059169979,0.44879667082279884,0.09990826131366806,0.030414933472254522,2.3258069,4.7584906
0.29836530352822643,0.3673889280282414,0.03913165215568385,0.1889768784119283,1.425799,3.2362137
-0.06777999369960362,0.35597570029174186,0.036190231154353304,0.2806425776406698,1.6319861,3.0722141
0.4926905844794319,0.2580695747058308,0.22713732983061866,0.39849267779136,3.116723,4.439607
0.209700967000931,0.19076711309383176,0.7165393089681505,0.7032717205513777,1.9635314,1.1982763
0.20495644015636183,0.19076711309383176,0.7165393089681505,0.7032717205513777,1.9635314,1.1982763
0.20495644015636183,0.8853819679552397,0.7165393089681505,0.7032717205513777,1.904605,1.5891005
0.20495644015636183,0.8853819679552397,0.019792852960585448,0.7032717205513777,0.4018186,2.1009712
0.20495644015636183,0.8853819679552397,0.019792852960585448,0.60817512942943,0.40528518,2.1009712
0.5665461974340137,0.08067654520047896,0.43347975271158695,0.2990614122107793,-0.33288452,3.8530145
0.00952646491046906,0.6427647657331272,0.5687758473177998,0.09913463415566778,2.0276446,1.1198021
-0.07036671222176359,0.02817858642728277,0.6303708773127464,0.7123895897426706,1.0697949,0.5567792
0.04538798954441882,0.1973002590751185,0.7069252606375754,0.740666324393068,2.0600045,0.9251327
0.5466465585720418,0.1973002590751185,0.7069252606375754,0.740666324393068,1.699088,3.5169005
0.5466465585720418,0.3373421778890724,0.7069252606375754,0.740666324393068,2.342575,3.5250802
0.5466465585720418,0.3373421778890724,0.0740997515750185,0.740666324393068,1.8886553,5.2506695
0.5466465585720418,0.3373421778890724,0.0740997515750185,0.03737072147286466,1.5549018,6.207025
0.09123185058926032,0.08336412490171297,0.7459856234574301,0.10503108865380281,1.3886344,1.3528711
0.02102107420707834,0.8096423357565414,0.058277007300051066,0.20840244263697014,0.41153142,1.9745206
0.5847012052242907,0.8252433551843583,0.3408416890163681,0.22315392281594978,2.384481,3.3989165
0.6068015638675669,0.8329223759283306,0.0673115514972035,0.33839066795680495,1.0365443,5.5240755
0.09273345289619263,0.8329223759283306,0.0673115514972035,0.33839066795680495,0.56252193,1.7521222
0.09273345289619263,0.8287462890760211,0.0673115514972035,0.33839066795680495,0.5567898,1.7601303
0.09273345289619263,0.8287462890760211,0.4792018402064881,0.33839066795680495,2.362157,1.4799421
0.09273345289619263,0.8287462890760211,0.4792018402064881,0.11485166844777336,1.4726398,1.5815839
0.16282511453510418,0.2954542796070241,0.45938008815555426,0.22157476450563604,4.2935014,2.4314117
0.11570591795437747,0.47301660014720737,0.6041652763814634,0.5784664976505347,3.6679935,1.7165377
0.36332911000974255,0.6474876521980568,0.3979227690551745,0.1036144202449236,3.3495939,2.9807346
0.04161937204046863,0.8709826657345991,0.08195971862564724,0.19622074623939054,0.6895297,2.0040333
0.39599253289454917,0.8709826657345991,0.08195971862564724,0.19622074623939054,1.2213277,5.229714
0.39599253289454917,0.8244916922144427,0.08195971862564724,0.19622074623939054,1.213367,5.258271
0.39599253289454917,0.8244916922144427,0.289123543622451,0.19622074623939054,2.2649899,3.2594264
0.39599253289454917,0.8244916922144427,0.289123543622451,0.31160752636060707,2.649615,3.2834365
0.5627520815361323,0.6466761232994376,0.7504381630167004,0.18039712089218793,2.3972864,3.0221095
0.29565090501311453,0.3748673953087387,0.6431443228118149,0.6450789069969112,2.3954203,1.6364154
0.555400571458836,0.08907032832972384,0.4320856137240687,0.32961341991449444,-0.33288452,3.835902
0.022781273459133403,0.38000415061631365,0.7999397157578051,0.46234718107632844,1.8776034,0.3722609
0.13820470321233536,0.38000415061631365,0.7999397157578051,0.46234718107632844,2.1874921,0.91977364
0.13820470321233536,0.22499918100369953,0.7999397157578051,0.46234718107632844,1.4468368,0.63958204
0.13820470321233536,0.22499918100369953,0.6162973011084886,0.46234718107632844,1.973255,0.9838993
0.13820470321233536,0.22499918100369953,0.6162973011084886,0.6578455929186582,1.9500692,0.97499406
0.5650177929121646,0.6919634030756812,0.0181380030352826,0.6087641530453958,1.1686031,5.825198
0.5414680778141573,0.41250761642356704,0.19300114168296237,0.12507967350095225,5.4386005,5.01273
0.17055822005106747,0.4408360195928296,0.1970708962650413,0.09032234159405658,5.216923,3.3214786
0.03678777199128737,0.7582864992718328,0.520930845275905,0.5917922486266356,2.8081608,1.0559006
-0.038336661078801945,0.7582864992718328,0.520930845275905,0.5917922486266356,1.6653047,0.7729595
-0.038336661078801945,0.4606239996517152,0.520930845275905,0.5917922486266356,3.22629,1.1447359
-0.038336661078801945,0.4606239996517152,0.3637303222560661,0.5917922486266356,3.2432287,1.6491749
-0.038336661078801945,0.4606239996517152,0.3637303222560661,0.16629925501505835,4.7130513,2.7368052
0.5414680778141573,0.41250761642356704,0.19300114168296237,0.12507967350095225,5.4386005,5.01273
0.5414680878141573,0.41250761642356704,0.19300114168296237,0.12507967350095225,5.4386005,5.01273
0.5414680778141573,0.41250762642356703,0.19300114168296237,0.12507967350095225,5.4386005,5.01273
0.5414680778141573,0.41250761642356704,0.19300115168296236,0.12507967350095225,5.4386005,5.01273
0.5414680778141573,0.41250761642356704,0.19300114168296237,0.12507968350095225,5.4386005,5.01273
0.33327260819692206,0.3463060588143354,0.5961250846295506,0.5440198970366765,3.0071461,1.7870669
0.13788983687321432,0.2053523796764578,0.11857977582057969,0.34491121946259895,1.3767518,2.0453687
0.30575742341536827,0.7459793392564302,0.458943213382561,0.24416439422066813,3.187044,1.9649438
0.12445784178638632,0.6901539588595234,0.1081349808969633,0.40906541001534436,1.9993296,1.8065356
0.6236152646841114,0.6901539588595234,0.1081349808969633,0.40906541001534436,2.2804701,4.8351994
0.6236152646841114,0.6029959204915039,0.1081349808969633,0.40906541001534436,2.4879398,5.1413836
0.6236152646841114,0.6029959204915039,0.3210098579557545,0.40906541001534436,3.551511,3.3841827
0.6236152646841114,0.6029959204915039,0.3210098579557545,0.05299612773580262,3.6846757,3.5265841
0.4293251566030415,0.6232005084561059,0.8000176765072856,0.22279176846077317,1.7488543,3.046361
0.6421196380219615,0.44779302790929476,0.45013450634507274,0.6914041430432931,3.8624113,4.065398
0.07916513104272184,0.21899396072588706,0.06986900825445766,0.17681301701687244,1.4374142,2.7085416
-0.04403900001251847,0.565703711706929,0.45779695273984794,0.5806900488490037,2.2851443,1.0171032
0.23162306331868232,0.565703711706929,0.45779695273984794,0.5806900488490037,3.4831324,1.6711575
0.23162306331868232,0.052709557801469575,0.45779695273984794,0.5806900488490037,0.16395059,0.9847744
0.23162306331868232,0.052709557801469575,0.824296133053516,0.5806900488490037,-0.025587184,0.098643176
0.23162306331868232,0.052709557801469575,0.824296133053516,0.6089388372989859,-0.025587184,0.098643176
0.2967029977141188,0.17610123133832456,0.5471350453720712,0.32128942606006206,1.6640499,1.3621904
0.05057271200807313,0.25317989900199533,0.7537888390332593,0.27627946135218195,3.1236265,0.9778718
0.16870927714873452,0.06293269837898041,0.008833958700844944,0.0780290100367402,0.09268699,2.8452544
0.6486096873276509,0.19353750516664814,0.09627398778906607,0.20382994971043186,1.9571849,5.341775
0.4197567031644204,0.19353750516664814,0.09627398778906607,0.20382994971043186,1.9603455,5.183929
0.4197567031644204,0.640956148271572,0.09627398778906607,0.20382994971043186,1.9670652,5.3785033
0.4197567031644204,0.640956148271572,0.45251335249983743,0.20382994971043186,3.6621385,3.0256143
0.4197567031644204,0.640956148271572,0.45251335249983743,0.0752399953710707,3.4214084,2.9002533
0.10769815393805228,0.5619614595803912,0.37725556418024503,0.29914835051386035,3.4768462,1.6679446
0.4496905344241696,0.1358900403938863,0.3980879345266372,0.6625812875837553,2.278599,3.8093717
0.6384027323435094,0.8921790856157141,0.5855233256751723,0.3468603996776629,2.8306801,3.3918743
0.1151542094484518,0.27357906753427885,0.03133572577241354,0.6305964991719613,1.044944,2.4359572
0.008386920970099646,0.27357906753427885,0.03133572577241354,0.6305964991719613,0.7890266,1.9216425
0.008386920970099646,0.11750344726232864,0.03133572577241354,0.6305964991719613,-0.023885116,1.1814141
0.008386920970099646,0.11750344726232864,0.5286425042710724,0.6305964991719613,0.5239391,0.32829234
0.008386920970099646,0.11750344726232864,0.5286425042710724,0.5890871136875973,0.5239391,0.32829234
0.6358303404309734,0.14910628951607308,0.7303682465301246,0.5647629334077209,1.5617696,3.5421937
0.3833772667674412,0.12432251950938156,0.3647247643533253,0.5395067739383208,-0.20511623,3.6397576
0.15889481311424725,0.4189717983337822,0.8220841074672037,0.11937795932596981,4.60055,1.8921441
0.008306870822338733,0.7942350177958084,0.6948104219142482,0.0832018969728345,0.10355319,1.5085366
-0.06509613581374617,0.4189717983337822,0.8220841074672037,0.11937795932596981,3.9298575,1.485999
-0.06509613581374617,0.10310839755412315,0.8220841074672037,0.11937795932596981,1.2613657,0.87681246
-0.06509613581374617,0.10310839755412315,0.7014365759067068,0.11937795932596981,1.4978281,1.7476354
-0.06509613581374617,0.10310839755412315,0.7014365759067068,0.6749139412556957,0.8872517,0.38786528
-0.06711737275044626,0.22443956628889206,0.6922792495900131,0.4422506148413632,1.9763266,0.731367
0.6569724090077819,0.6314840270609858,0.6176429058245748,0.3166484111276908,3.1836088,2.866917
0.6632722777105239,0.8771832907268218,0.21717029975258387,0.15738433363300783,2.2888525,3.8298197
-0.06217652035589426,0.48651723871074903,0.4134184136086891,0.08663724498764222,4.084368,3.2343285
0.30566718687196215,0.48651723871074903,0.4134184136086891,0.08663724498764222,4.5504136,3.5885592
0.30566718687196215,0.01455142446784663,0.4134184136086891,0.08663724498764222,1.1709374,2.9127421
0.30566718687196215,0.01455142446784663,0.20145041811972178,0.08663724498764222,1.2608342,3.1121075
0.30566718687196215,0.01455142446784663,0.20145041811972178,0.4900151359088092,0.1100284,1.2595447
0.25022991072395084,0.6645418469312032,0.6489577607120424,0.3402084677203874,2.5750234,1.4164689
0.28218660259947737,0.3290460088854661,0.5370275782145199,0.5797104435214635,2.9170763,1.5939425
0.3401074272526069,0.42438143444142407,0.4393968395273475,0.7140282927059403,3.7200413,3.8514807
0.11429960097525606,0.8786160748650182,0.7336723829691717,0.07643785205992867,1.315664,2.2698805
0.6190573384251122,0.8786160748650182,0.7336723829691717,0.07643785205992867,1.9863845,3.3123658
0.6190573384251122,0.6288572927919418,0.7336723829691717,0.07643785205992867,2.9278429,3.3181853
0.6190573384251122,0.6288572927919418,0.0525130430481621,0.07643785205992867,1.3593258,6.1014457
0.6190573384251122,0.6288572927919418,0.0525130430481621,0.36421954068335793,1.6641121,5.571613
0.13603525198116861,0.7736902130256822,0.07337956833522732,0.3997281123717009,0.6784955,1.8939096
0.34619996985309676,0.5591667089132515,0.14300315843315384,0.00814126825383352,3.8259757,5.7693076
0.1624301338148989,0.5972977464564173,0.381619723249146,0.6861105360642661,3.4216626,1.6197808
-0.08102079290480134,0.29257784747026383,0.08703756425140066,0.5267652505265552,1.7608769,1.94241
-0.040177000686309236,0.29257784747026383,0.08703756425140066,0.5267652505265552,1.7608769,1.94241
-0.040177000686309236,0.4084322150274371,0.08703756425140066,0.5267652505265552,2.068257,2.0600996
-0.040177000686309236,0.4084322150274371,0.03686290016877828,0.5267652505265552,1.6841606,2.0411484
-0.040177000686309236,0.4084322150274371,0.03686290016877828,0.08128849778129774,1.7733508,3.4752412
0.3917386835341089,0.4301828921909898,0.5880770272166712,0.14109092154302869,5.259856,4.1148205
0.2725273191430603,0.0700001876896823,0.1819831155062678,0.17116798160843058,1.3493879,2.076689
0.5224565436504264,0.48562207119707335,0.17925497548175776,0.4602874222974336,3.6290774,4.4108067
0.46060396976548235,0.35699267220619557,0.12339902985813903,0.43224224089849983,2.3875916,5.337677
0.32459534693999836,0.35699267220619557,0.12339902985813903,0.43224224089849983,2.31786,2.886708
0.32459534693999836,0.8562298889804083,0.12339902985813903,0.43224224089849983,1.4737194,2.0452461
0.32459534693999836,0.8562298889804083,0.3485728958655691,0.43224224089849983,2.8198228,1.9701483
0.32459534693999836,0.8562298889804083,0.3485728958655691,0.24705906409860387,2.3226237,2.110614
0.23720753733770816,0.2592657619817351,0.2898311093883023,0.1683675922544907,4.377409,2.6469643
0.618485248614229,0.7401474533900947,0.7828996593243359,0.23079719407207475,1.6312577,3.0645638
0.12443823892996377,0.28761616086929465,0.08582691120129696,0.6308640650317301,2.0876575,2.5086312
0.5716080418721657,0.0649764812249023,0.7618341290958152,0.6591909245900993,-0.3822788,3.4974756
0.4841813233868809,0.0649764812249023,0.7618341290958152,0.6591909245900993,-0.3822788,3.4846373
0.4841813233868809,0.2509392555094698,0.7618341290958152,0.6591909245900993,1.8735425,3.4568682
0.4841813233868809,0.2509392555094698,0.24287224336007532,0.6591909245900993,3.106807,4.515403
0.4841813233868809,0.2509392555094698,0.24287224336007532,0.5195404448654344,3.1180947,4.507462
0.09847949899788823,0.4827650226436311,0.05184663936826387,0.06177897298219645,1.7108611,3.8044217
-0.05264130783727704,0.7152685837629149,0.21675260032852464,0.15274440599072744,1.7891393,2.223725
0.4998133464565181,0.2642352235179075,0.769935846112355,-0.0015234175101355406,3.501018,4.201445
0.48498458836299696,0.5122588173957423,0.5454308477244999,0.5796097407807537,3.5420852,3.8262646
0.270137182773155,0.5122588173957423,0.5454308477244999,0.5796097407807537,3.5115318,1.7968702
0.270137182773155,0.02535351476115144,0.5454308477244999,0.5796097407807537,-0.4767282,0.80487967
0.270137182773155,0.5122588173957423,0.15761405978770063,0.5796097407807537,3.3878832,2.5211065
0.270137182773155,0.5122588173957423,0.15761405978770063,0.47936675099168724,3.3878832,2.5211065
0.4093938506083751,0.18738507400403437,0.0048284614633517286,0.41739649311866245,1.1091098,5.132306
0.6613627804336543,0.7274868628814355,0.5882110973408946,0.722597349658411,3.282494,3.2598605
0.43595108782064773,0.6514409950950508,0.07555020716219865,0.7333387885751321,1.7529374,5.512711
0.5491382973676814,0.007931875766423513,0.010110821043935934,0.004018908280837483,1.9602684,5.9893003
0.5226712099854621,0.007931875766423513,0.010110821043935934,0.004018908280837483,1.9602684,5.9105325
0.5226712099854621,0.3162560521524722,0.010110821043935934,0.004018908280837483,1.0068867,5.972568
0.5226712099854621,0.3162560521524722,0.008712838235417495,0.004018908280837483,1.0068867,5.972568
0.5226712099854621,0.3162560521524722,0.008712838235417495,0.013982882558359198,0.845675,6.264055
0.009879170163778941,0.7331950411532127,0.4788294876581331,0.5094703030158065,1.8493669,0.6256106
0.3510730855323415,0.009746888941442489,0.5970060781627703,0.47419748320806576,-0.31033537,3.779623
0.15171168984879901,0.32052142155274854,0.23916384387205084,0.45226508881894745,3.321786,2.5766704
0.4495071854698084,0.8766128158495539,0.37580983013081853,0.551537536344604,2.7474399,3.1902924
-0.05805451094723445,0.8766128158495539,0.37580983013081853,0.551537536344604,0.5474012,1.184541
-0.05805451094723445,0.8355686434148231,0.37580983013081853,0.551537536344604,0.56020284,1.1883832
-0.05805451094723445,0.8355686434148231,0.7450394160117478,0.551537536344604,0.05998304,0.679055
-0.05805451094723445,0.8355686434148231,0.7450394160117478,0.3495449692909567,0.024775205,0.6134135
0.008678866129358101,0.691691089994896,0.7239077295147917,0.13847526675723285,1.3274256,0.93111515
-0.03316198842503436,0.28480135577727816,0.21721447276435937,0.5326416644539762,2.9861712,2.144188
0.08649465990598539,0.650607348613716,0.42517329598325476,0.5966374860922485,3.3894374,1.3778193
0.09208083308542382,0.9123264815135803,0.5641518819918935,0.3553464841372218,2.4266224,1.3713906
0.23751725530001033,0.9123264815135803,0.5641518819918935,0.3553464841372218,2.8669045,1.755827
0.23751725530001033,0.8919899396248381,0.5641518819918935,0.3553464841372218,2.8669045,1.755827
0.23751725530001033,0.8919899396248381,0.822327002076867,0.3553464841372218,1.3599877,1.0049031
0.23751725530001033,0.8919899396248381,0.822327002076867,0.20960066805933406,1.3586377,1.1472306
0.2864515486026512,0.3965330021572959,0.7912976689839696,0.2693038669978378,3.4658053,1.079299
0.29313969609265256,0.6393435996517831,0.6099040365455392,0.3268378500087259,3.0610266,1.4055111
0.5855584184825825,0.41322538377629003,0.4958478764656497,0.6031065435381286,3.687804,4.087103
0.5886541522138417,0.18452643209192132,0.7140394499978185,0.3447284158914954,0.9108036,3.5384634
0.41422194244033206,0.18452643209192132,0.7140394499978185,0.3447284158914954,0.9055762,3.3811827
0.41422194244033206,0.5437159876410695,0.7140394499978185,0.3447284158914954,2.5783787,3.6080778
0.41422194244033206,0.5437159876410695,0.48786361243328663,0.3447284158914954,3.3357403,3.8305302
0.41422194244033206,0.5437159876410695,0.48786361243328663,0.09377538580985598,4.8612976,3.8677878
0.6240403933536905,0.4109225584685836,0.12571961435511705,0.33641524646280274,2.4034507,5.297023
0.43651108641061,0.6679115486252956,0.34380289728959607,0.04775089443347011,3.2339697,3.1293104
0.2999453321818918,0.4386103797664087,0.38724496338601927,0.5564813207481656,3.6666484,2.1917772
0.44005626027166767,0.023428686131977017,0.3265283688176694,0.07447046888407269,1.1542577,3.9215417
-0.0733497967395099,0.023428686131977017,0.3265283688176694,0.07447046888407269,1.6135305,2.7970438
-0.0733497967395099,0.8579634221099592,0.3265283688176694,0.07447046888407269,-0.028226022,1.8349835
-0.0733497967395099,0.8579634221099592,0.4618643471139227,0.07447046888407269,-0.07308376,1.7279929
-0.0733497967395099,0.8579634221099592,0.4618643471139227,0.07705275045618973,-0.07308376,1.7279929
0.581734510627422,0.26467381228756315,0.012256380963115463,0.42357737830883835,1.2352973,5.3238792
0.596529033512675,0.4170797679884606,0.7935116009809663,0.5749862894463291,2.454682,3.3825254
0.09594187594185234,0.297022931534491,0.33954000246624355,0.02671618653829808,4.742113,4.00639
0.27260192714688014,0.6918700064874646,0.0776319412671426,0.287311671714491,2.0002232,2.2904572
0.5213269349403303,0.297022931534491,0.33954000246624355,0.02671618653829808,4.465719,4.5107083
0.5213269349403303,0.0582179554120259,0.33954000246624355,0.02671618653829808,1.9504329,4.271048
0.5213269349403303,0.297022931534491,0.7273846469350479,0.02671618653829808,4.4039965,4.5750046
0.5213269349403303,0.297022931534491,0.7273846469350479,0.7109570986786586,2.2586908,3.5310788
0.6631911026441014,0.12846763495263547,0.000377690891529091,0.15808990139715104,0.4355247,6.0294523
0.1482669674397773,0.017638165944983353,0.44332466738464577,0.18383812862424517,1.3900092,1.9252514
0.29541840224514193,0.8836237151029298,0.6193601026801255,0.1773826159799334,2.4693027,1.8643504
0.00655124725985691,0.5802832880064366,0.6483803619075682,0.4964896942378445,1.774694,0.6453526
0.36480449834526374,0.5802832880064366,0.6483803619075682,0.4964896942378445,2.6946583,3.06538
0.36480449834526374,0.36793476993425456,0.6483803619075682,0.4964896942378445,2.395783,3.6654563
0.36480449834526374,0.36793476993425456,0.4039730377234631,0.4964896942378445,3.113267,3.9060707
0.36480449834526374,0.36793476993425456,0.4039730377234631,0.14635133100468775,4.455585,4.0105696
0.37261949418487894,0.3003043291680312,0.07482781277052855,0.7019524960498806,1.8644361,5.019774
0.6231630216411689,0.5733702128565543,0.61896430264688,0.5187452169194486,3.0668373,2.9313426
0.2330355269699248,0.3710294691662894,0.6938051055325108,0.533595138899777,2.563116,1.6148688
0.5081458159800408,0.01523893081558736,0.07965275294318133,0.323552747487323,0.39293426,4.9720736
0.1971816770031315,0.3710294691662894,0.6938051055325108,0.533595138899777,2.5686855,1.6148688
0.1971816770031315,0.42340435862316195,0.6938051055325108,0.533595138899777,3.016617,1.7726394
0.1971816770031315,0.42340435862316195,0.4761654169105189,0.533595138899777,3.7745514,2.112736
0.1971816770031315,0.42340435862316195,0.4761654169105189,0.3126699920902922,3.5684972,2.0908718
0.21671346751730625,0.8901729717334081,0.8261911198425448,0.5376086635621071,1.3423051,1.1051205
0.6367682030211593,0.9004655467759664,0.4957090275728024,0.46201308794679363,3.0143266,3.3801558
0.10070967706040891,0.5795156416542904,0.511391569500287,0.4599951574234531,3.5748575,1.2755398
0.4862172313199965,0.7537979649207629,0.2826137152235017,0.35788751894495263,3.016948,3.3646286
-0.05917682241241572,0.7537979649207629,0.2826137152235017,0.35788751894495263,1.6209344,1.6269176
-0.05917682241241572,0.6893465916865216,0.2826137152235017,0.35788751894495263,1.6640052,1.6182172
-0.05917682241241572,0.6893465916865216,0.7975804385505832,0.35788751894495263,0.42334452,0.23742051
-0.05917682241241572,0.6893465916865216,0.7975804385505832,0.6547083151214466,0.332261,0.30000773
0.19276918167544188,0.5592798894424367,0.2505978915067763,0.7172715812149626,3.6964207,2.622928
0.564840686888198,0.4636537483969221,0.26194118720862875,0.41582117960088283,3.7423944,5.0669804
0.12218451954057698,0.09371868191923349,0.15869342713042336,0.7325975539714165,1.0876927,1.1766546
0.21371692127907627,0.20998274577326503,0.15006927448794585,0.42876173407845997,2.3618708,1.9944245
0.6131221264632866,0.20998274577326503,0.15006927448794585,0.42876173407845997,2.2642148,3.9325502
0.6131221264632866,0.6973716886883161,0.15006927448794585,0.42876173407845997,3.0540738,3.3442132
0.6131221264632866,0.6973716886883161,0.2792742619646153,0.42876173407845997,3.1913822,3.5043151
0.6131221264632866,0.6973716886883161,0.2792742619646153,0.147644466592844,3.1515594,3.6064434
0.31606144854947227,0.4533297811765573,0.5070425301050915,0.03748607493014686,4.8353443,3.6081622
0.14264931713363127,0.3409681508158191,0.6952736193499217,0.5846316919883456,2.46984,1.3470175
0.13336341962955112,0.10727314343303807,0.2857611602566332,0.255179628233158,1.2217444,1.8202741
0.18498143660787802,0.6886053557109744,0.03182751737663817,0.2615745558939686,0.8269949,2.344021
0.20021010928819571,0.4533297811765573,0.5070425301050915,0.03748607493014686,4.885839,3.6659615
0.20021010928819571,0.7793003845372142,0.5070425301050915,0.03748607493014686,2.9239671,2.5551045
0.20021010928819571,0.4533297811765573,0.25751931942156586,0.03748607493014686,5.428132,4.243911
0.20021010928819571,0.4533297811765573,0.25751931942156586,0.22744193036078283,5.1244435,3.630073
0.06579869022758324,0.8861123228802388,0.42483756146362855,0.10032071870075751,0.98562604,1.2415311
0.5138275724708673,0.5822044583156938,0.16310293798071865,0.3445696257370052,3.156073,3.8915021
0.07132175700086875,0.5819002954516477,0.23633221939221363,0.3261774278930254,3.1977112,1.9648454
0.5250518444402205,0.18776570521286473,0.4417277466076603,0.3233992370767709,1.8791604,3.787569
0.045436110189292514,0.4533297811765573,0.25751931942156586,0.22744193036078283,4.807876,3.1601841
0.045436110189292514,0.6262777181150074,0.25751931942156586,0.22744193036078283,3.2395897,2.1857524
0.045436110189292514,0.4533297811765573,0.11043665281370788,0.22744193036078283,2.6410205,2.9202769
0.045436110189292514,0.4533297811765573,0.25751931942156586,0.28034824026850913,4.658204,3.1569195
0.16293257353880486,0.3609051551992679,0.0469654416170994,0.35456056590479434,1.7694632,2.8216853
0.4480801502112294,0.2786572339076363,0.25283208378248284,0.39614366770529585,3.1153862,4.562278
0.5550583894428079,0.6135703159669541,0.7322217736563615,0.5870046051799456,2.4302857,3.0018106
0.5016012152095671,0.9109944362399465,0.3561128592842899,0.5642333969203968,2.7474399,3.1902924
0.19091912512947828,0.4533297811765573,0.25751931942156586,0.28034824026850913,4.9520135,3.5453029
0.19091912512947828,0.19796037954986634,0.25751931942156586,0.28034824026850913,3.4917371,2.914233
0.19091912512947828,0.19796037954986634,0.3937472983108647,0.28034824026850913,3.2120965,2.240976
0.19091912512947828,0.19796037954986634,0.3937472983108647,0.4845483357026694,2.5183034,1.9305543
-0.013033698955725911,0.8885798230939752,0.5453370492260871,0.5997744354112164,0.43684635,0.80625045
0.23263275408092599,0.8643074648973541,0.36326797239922554,0.6727809927796677,2.833699,1.9698576
0.08204381802958717,0.5037242460754494,0.2698461283593105,0.7050891928625873,3.590472,2.5267284
0.6202789630184095,0.6496154005267951,0.402450980326527,0.6850879151472391,3.5899858,3.1154876
0.01115996620863026,0.6496154005267951,0.402450980326527,0.6850879151472391,2.2364397,0.979852
0.01115996620863026,0.38232086698458145,0.402450980326527,0.6850879151472391,3.2270784,1.3738983
0.01115996620863026,0.38232086698458145,0.7923289220241111,0.6850879151472391,1.8119799,0.34905988
0.01115996620863026,0.38232086698458145,0.7923289220241111,0.3469788701319487,1.599292,0.2992489
0.04511715936066309,0.3290383505225365,0.6170226636233361,0.45685386004343087,3.2223969,1.0499833
0.4407047789513915,0.641937962634826,0.5621830988281816,0.5218634968066951,3.558555,3.1530774
0.5551993184465661,0.2958702768952395,0.2065541180731331,0.12670993082769397,5.0050387,4.683157
0.14769547869990796,0.7701379037706024,0.5863569754341275,0.5410626726250136,2.9551609,1.642572
-0.01678638884170401,0.2958702768952395,0.2065541180731331,0.12670993082769397,4.9653544,3.21545
-0.01678638884170401,0.3826736598451106,0.2065541180731331,0.12670993082769397,5.0274873,3.3109303
-0.01678638884170401,0.3826736598451106,0.3240607477211634,0.12670993082769397,4.744828,2.612125
-0.01678638884170401,0.3826736598451106,0.3240607477211634,0.07793350008430974,4.6056833,2.7830012
0.5413463758147393,0.7661057450998938,0.504690641018627,0.6320690928342856,3.3946066,3.3088763
0.22126078991033327,0.9060328583927437,0.7486403317846361,0.20273519231415446,1.9459707,1.893089
0.5603197920282711,0.004437886988306161,0.5697657837715607,0.058689384769152725,1.4285098,4.093384
0.2700695409655002,0.8658189266732328,0.48029894456904415,0.370294207307321,2.9397087,1.8031179
0.5821354045775963,0.8658189266732328,0.48029894456904415,0.370294207307321,3.0036192,3.3483431
0.5821354045775963,0.10686208786613527,0.48029894456904415,0.370294207307321,-0.7150478,3.8611104
0.5821354045775963,0.8658189266732328,0.6824145358684305,0.370294207307321,2.392856,3.194612
0.5821354045775963,0.8658189266732328,0.6824145358684305,0.37943741460313163,2.392856,3.194612
0.4810956758015664,0.16063048435754723,0.21078743570365202,0.36275540874247625,1.7471596,4.4211674
0.4055206291329495,0.6219545895312089,0.6825118070023336,0.7259684376202387,2.6058083,2.8966956
0.3863255007901286,0.05227854422061373,0.7932656425315686,0.48258580728324674,-0.2886623,3.3114402
0.055257212998786845,0.8977388700099609,0.20116184789880345,0.7363827101593934,1.9224312,1.7102104
-0.04389284007921744,0.8977388700099609,0.20116184789880345,0.7363827101593934,0.62897265,1.4293028
0.055257212998786845,0.2591651942217794,0.20116184789880345,0.7363827101593934,3.4822268,2.5402696
0.055257212998786845,0.2591651942217794,0.014322042573829661,0.7363827101593934,1.1022135,1.389163
0.055257212998786845,0.2591651942217794,0.20116184789880345,0.34632198363864575,3.0236733,2.5003498
0.4777628742901897,0.39659557354802866,0.5083803807550783,0.6785395897635809,3.250459,3.8303504
0.5609384421413123,0.06454251574916547,0.6258716501667475,0.5939383062714114,-0.4423259,3.7818315
0.43696300936682386,0.40425352938686254,0.014526320429819526,0.19909914067851273,1.2468,5.855407
0.042923157413576565,0.8358811025173987,0.40462483286611745,0.22689367737199004,1.5702664,1.6559591
0.3399590429098259,0.39659557354802866,0.5083803807550783,0.6785395897635809,3.2146018,3.6873398
0.3399590429098259,0.7563370697206699,0.5083803807550783,0.6785395897635809,3.4569216,3.1501346
0.3399590429098259,0.7563370697206699,0.6731386948779682,0.6785395897635809,2.5644355,2.9661715
0.3399590429098259,0.7563370697206699,0.5083803807550783,0.1556873822583462,3.399029,3.005209
0.4195096705481095,0.7207403438655167,0.4876246067978806,0.19034372261224772,3.310906,3.0966876
0.06767378751853549,0.44036514553218087,0.6231976516706682,0.20361873491451019,4.354592,2.1783423
0.15030546469841732,0.36225049407362864,0.3248430032484379,0.6789459179040094,3.5178635,2.0385044
0.3261966983551342,0.39571536175261635,0.637201499385092,0.30292708481144004,2.4336789,1.6717886
0.48249622323043206,0.36225049407362864,0.3248430032484379,0.6789459179040094,3.4061117,3.9763484
0.48249622323043206,0.6656264299283494,0.3248430032484379,0.6789459179040094,3.5299106,3.2210479
0.48249622323043206,0.6656264299283494,0.47299843019937254,0.6789459179040094,3.6443238,3.154116
0.48249622323043206,0.6656264299283494,0.47299843019937254,0.33483362685888807,3.3204956,3.1840687
0.3892451334392818,0.3752298211137606,0.20978407610354646,0.228319215672613,4.653828,5.02851
0.14857585044628652,0.644024788952863,0.7737809342102605,0.6641082974295749,1.779889,0.93824
0.36133750312710833,0.2800123009439712,0.6730503251172019,0.30553151791762545,2.3853924,3.4716113
0.6490881121344537,0.1980152313414063,0.2322889157348528,0.3710139064995417,1.7487583,4.39041
0.31772808397892793,0.3752298211137606,0.20978407610354646,0.228319215672613,4.5216804,3.3318508
0.31772808397892793,0.8876606242076575,0.20978407610354646,0.228319215672613,2.2048275,2.5199006
0.31772808397892793,0.3752298211137606,0.36793303371804414,0.228319215672613,4.1027594,2.6846492
0.31772808397892793,0.3752298211137606,0.36793303371804414,0.3018107521928819,2.8978925,2.2703617
0.47989551513630035,0.017415916396568587,0.5106672104766025,0.03223996188960851,2.030765,3.9215703
0.551865298497214,0.06411338498261321,0.33770205762641087,0.4044679865907703,-0.18854049,3.8250217
0.5443536472073897,0.2991383470779936,0.5365048646641725,0.47418816057809465,2.8368518,3.6872292
0.5456323170937437,0.2792997064572149,0.5995643925045496,0.6015545063419694,2.9432402,3.8216705
-0.07050008844627685,0.3752298211137606,0.36793303371804414,0.228319215672613,4.499901,2.478629
-0.07050008844627685,0.05999104446667625,0.36793303371804414,0.228319215672613,1.6861272,2.1408365
-0.07050008844627685,0.3752298211137606,0.36487342725025135,0.228319215672613,4.499901,2.478629
-0.07050008844627685,0.3752298211137606,0.36487342725025135,0.07715735078627614,4.6056833,2.7057452
0.46145567739332083,0.2688328732718741,0.6349467779282655,0.5945295064981551,2.3323054,3.549742
0.42427768808769295,0.3405354852409208,0.6793227992466647,0.6710028231556926,2.4520705,3.5432646
0.1714335271237052,0.7345890430059949,0.24915566994704622,0.5657320391628069,2.9784994,2.2332323
0.08228586178453114,0.575694003852004,0.7669261824466574,0.3063828459549036,2.3561673,0.86025524
0.437292474781274,0.3752298211137606,0.36487342725025135,0.07715735078627614,4.2973127,4.2385793
0.437292474781274,0.30539665656754966,0.36487342725025135,0.07715735078627614,4.274659,4.029054
0.437292474781274,0.30539665656754966,0.716537287953752,0.07715735078627614,4.2904634,4.091557
0.437292474781274,0.30539665656754966,0.716537287953752,0.29658306172316173,2.321044,3.6332662
-0.029839398749013854,0.8352688018331578,0.6117504847402938,0.49053441411025034,0.38112387,0.5898728
0.4464829984896076,0.4444189720843381,0.06625953742293325,0.6949187680902149,2.1334171,5.7472944
0.37455924553720676,0.4940263690410074,0.33270308475217675,0.5967733603641925,3.5737686,3.8399158
0.4718130712547436,0.23348403294746278,0.1209316967842459,0.3455786142409991,1.3596221,4.692114
0.49675766297789103,0.4940263690410074,0.33270308475217675,0.5967733603641925,3.628283,3.8788419
0.49675766297789103,0.5890370260468427,0.33270308475217675,0.5967733603641925,3.5527234,3.3547401
0.49675766297789103,0.5890370260468427,0.7134661873945228,0.5967733603641925,2.3940372,3.1278126
0.49675766297789103,0.5890370260468427,0.33270308475217675,0.49174810178767103,3.5527234,3.3547401
0.3694558554518451,0.5971199107780634,0.4828318114709113,0.3719539451090945,3.2624955,3.1931574
0.45538939931626377,0.9066607622971703,0.0038323329137485472,0.34416553276562567,-0.5767018,5.617654
0.6242305239028839,0.8430231806528208,0.17326029586627403,0.31828915917532896,2.584018,3.5333686
0.5765029698149143,0.7433463205457511,0.760502169682962,0.72606623921099,1.8160052,3.0645196
-0.06024938970531034,0.7433463205457511,0.760502169682962,0.72606623921099,0.5909151,0.4815192
0.5765029698149143,0.4905733399722729,0.760502169682962,0.72606623921099,2.3056777,3.5990286
0.5765029698149143,0.4905733399722729,0.611098905883248,0.72606623921099,3.2232766,3.4858587
0.5765029698149143,0.4905733399722729,0.611098905883248,0.6882513433184521,3.358391,3.4858587
0.22060288093010072,0.6498151002174262,0.0986606641563145,0.6832327647707856,2.1778393,1.9349935
0.42585246134889443,0.610505211282212,0.6274980024458648,0.6771364162007742,3.0125744,3.2461638
0.471472052857033,0.47238879764756847,0.27537124388922946,0.3533472384330629,3.465149,4.47787
-0.06818142815554872,0.40326176455637563,0.8039581188966419,0.7081888795677358,1.9554493,0.5173905
-0.02879635850583627,0.47238879764756847,0.27537124388922946,0.3533472384330629,3.0953543,2.263007
-0.02879635850583627,0.4277644390317463,0.27537124388922946,0.3533472384330629,3.1433423,2.3178575
-0.02879635850583627,0.4277644390317463,0.41624963377019414,0.3533472384330629,3.1139543,1.3153284
-0.02879635850583627,0.4277644390317463,0.41624963377019414,0.4268811738886207,3.2529664,1.3412395
0.2200590640912402,0.6951488316442056,0.3139108744531373,0.39641618136761636,3.2426722,1.8714573
0.5174047456195475,0.6952695770376023,0.7012170995017181,0.6699796612175071,2.3314161,3.0203083
-0.0109999836837643,0.46195148922773654,0.7891074895071507,0.6152167785682892,2.131809,0.57321674
0.3042426494303475,0.8799744878772575,0.357344265208471,0.5955365640659984,2.640187,1.9580948
0.04093319566392996,0.6951488316442056,0.3139108744531373,0.39641618136761636,2.8221445,1.251667
0.04093319566392996,0.17024535740872748,0.3139108744531373,0.39641618136761636,2.65078,1.4941016
0.04093319566392996,0.17024535740872748,0.39569512200911866,0.39641618136761636,2.6912878,1.4771402
0.04093319566392996,0.17024535740872748,0.39569512200911866,0.44080396235801445,2.7058856,1.5276651
0.5905845676280205,0.4854827460349238,0.3683743530465828,0.04205539608617312,4.7040586,4.059478
0.490051810407674,0.09089280644800501,0.7684436895515153,0.7308833684150571,-0.2649509,3.4846373
0.26507257580831156,0.6761810288343315,0.051259769290231384,0.3673982934424487,1.5436367,1.9106798
0.2727875263970715,0.1447384300922656,0.36094266034492145,0.08624065424696067,3.171244,3.264366
0.32189578300466504,0.4854827460349238,0.3683743530465828,0.04205539608617312,4.541483,3.6785333
0.32189578300466504,0.2119155708531557,0.3683743530465828,0.04205539608617312,2.9318435,3.2747905
0.32189578300466504,0.4854827460349238,0.32957395794360295,0.04205539608617312,4.537497,3.726298
0.32189578300466504,0.4854827460349238,0.32957395794360295,0.03988766420192033,4.537497,3.726298
0.6383616543469396,0.21007792932329528,0.2772519735487901,0.4349964098484307,2.2417727,4.1681447
0.3453766259382106,0.26704360874488264,0.4168815806094481,0.4962470295299184,2.9613218,3.6470747
-0.010679489856142074,0.6760570137331521,0.04214290409124547,0.4980874938547153,1.3529193,1.2891091
0.057109345030182404,0.7104238496348536,0.45058794939501595,0.6567920315071838,2.8666523,1.1838347
0.4340047505688659,0.4854827460349238,0.32957395794360295,0.03988766420192033,4.7349105,4.125577
0.4340047505688659,0.01834178777444162,0.32957395794360295,0.03988766420192033,1.1437349,4.0712695
0.4340047505688659,0.4854827460349238,0.7326670862698744,0.03988766420192033,4.489598,4.246597
0.4340047505688659,0.4854827460349238,0.7326670862698744,-0.003215229999455029,3.6159785,3.930549
-0.07613791074235397,0.4264668601317756,0.16623145269175446,0.41164641830982873,3.067671,2.0344996
0.38526131049160084,0.8343892051588839,0.27281812504345376,0.19505677583688194,2.3136673,3.6008487
0.1070501800641971,0.7036688829436484,0.7388833003217438,0.3344861544010378,1.9436878,0.9807942
0.2735777296470211,0.4389707206675837,0.788349509141176,0.015342518279798132,4.255371,4.487103
0.031779682834773074,0.4389707206675837,0.788349509141176,0.015342518279798132,3.6652188,4.165549
0.031779682834773074,0.2569263409084588,0.788349509141176,0.015342518279798132,3.4392047,3.271136
0.031779682834773074,0.2569263409084588,0.6774014469976736,0.015342518279798132,4.169873,3.305175
0.031779682834773074,0.2569263409084588,0.6774014469976736,0.5257085704866142,2.4199252,1.0161941
-0.05622327722656838,0.5747162628460645,0.1794439149423858,0.17400164248193303,2.59412,2.5559916
0.6486348127935638,0.1967034084037489,0.6781210223020867,0.3936548134440976,1.6360438,3.5824378
0.41257532191962853,0.5097437673671474,0.32763531069437896,-0.001525278215812189,3.7019637,3.7852085
0.4124115641253555,0.7914737398459262,0.09844263358389363,0.13621239966544604,1.134328,5.147973
-0.0034103828910824058,0.5097437673671474,0.32763531069437896,-0.001525278215812189,3.1032321,3.8765187
0.41257532191962853,0.07529425770756681,0.32763531069437896,-0.001525278215812189,1.1080796,3.906299
0.41257532191962853,0.5097437673671474,0.7863279925178118,-0.001525278215812189,3.387671,4.0274997
0.41257532191962853,0.5097437673671474,0.32763531069437896,0.44223353025195067,3.6043348,3.8392363
0.27589029857648495,0.23956170653182696,0.5507009703758298,0.6621323892454889,2.0144455,1.4113743
-0.02266330707206686,0.35817520512347034,0.42390223927578047,0.4208182167030401,3.352355,1.219022
0.5819862001077624,0.03980706512324783,0.21092030131180187,0.25711777434370475,1.1873616,4.4413676
0.38613515476461757,0.6407566192148422,0.5632915170343112,0.7243724548645574,3.3729053,3.1012049
0.13161251545190755,0.6407566192148422,0.5632915170343112,0.7243724548645574,3.4312625,1.544556
0.13161251545190755,0.7686451294746663,0.5632915170343112,0.7243724548645574,2.9958367,1.6900505
0.13161251545190755,0.7686451294746663,0.5449800031954356,0.7243724548645574,2.9834237,1.6965512
0.13161251545190755,0.7686451294746663,0.5449800031954356,0.27843088893287415,2.949773,2.0013149
0.4047161127233819,0.6705811151099534,0.40686701556660226,0.6388219921688716,3.3032632,3.0293381
0.08505248201359152,0.31154286127959585,0.23747440039074377,0.2804822271817393,4.5480866,2.8945425
-0.017668715298510093,0.32874531795557704,0.18675427080086396,0.4795193340676427,2.9788842,2.1216228
0.6434651444324081,0.1543752030791068,0.1209166306398485,0.44200318995219234,1.7659522,4.78792
0.31786309708665217,0.31154286127959585,0.23747440039074377,0.2804822271817393,4.3249006,2.8830447
0.31786309708665217,0.02209961560606688,0.23747440039074377,0.2804822271817393,0.9654926,2.2113585
0.31786309708665217,0.31154286127959585,0.43857006191951825,0.2804822271817393,3.917433,2.0233712
0.31786309708665217,0.31154286127959585,0.43857006191951825,0.5885381758448354,3.0710566,1.7797953
-0.0034348843365076126,0.16512317609604432,0.5451105022556825,0.10959143018705572,3.8105295,2.286302
-0.08063065209901664,0.5137248622973711,0.5655273946645657,0.20353786964668072,4.2593255,2.6832645
0.4574927208328915,0.47658157790869105,0.09783158824810192,0.27887731137883875,2.5484092,6.0882864
0.5876388912141352,0.5683701589022405,0.07143267327026007,0.43427475165211504,2.0204506,5.936107
0.14897726360527208,0.5137248622973711,0.5655273946645657,0.20353786964668072,4.627673,2.7678492
0.14897726360527208,0.24100222758557655,0.5655273946645657,0.20353786964668072,3.347368,2.359707
0.14897726360527208,0.5137248622973711,0.6766581643485793,0.20353786964668072,4.4539156,2.4535236
0.14897726360527208,0.5137248622973711,0.6766581643485793,0.4675720135050021,2.9118588,1.4977771
0.14816682594470654,0.015457060327193961,0.719078296387594,0.4500582485979727,-0.24791898,0.44368637
0.5135761527492787,0.49836024439021287,0.6502287204492937,0.6263539147539134,2.9678931,3.7439282
0.3912020581022798,0.6485882298833174,0.5268819362590346,0.6075885700893053,3.4135106,3.0861616
0.24616129421548016,0.24003923010571082,0.6065100964015983,0.6226023840515964,1.915863,1.3878156
0.39970010954491364,0.5137248622973711,0.6766581643485793,0.20353786964668072,4.6170616,3.7604597
0.39970010954491364,0.07596247146781909,0.6766581643485793,0.20353786964668072,0.8838858,3.5420363
0.39970010954491364,0.5137248622973711,0.806203774556573,0.20353786964668072,3.733811,3.6466284
0.39970010954491364,0.5137248622973711,0.6766581643485793,0.5861544609788467,2.9693553,3.6073728
0.40967135960737056,0.5591074842373698,0.712879393125739,0.27317032802490004,3.855595,3.6695771
0.06573114348274002,0.5060519007434423,0.7009338438010267,0.17924279932316264,3.9399066,1.9033239
0.45711362716141524,0.7589132924374233,0.6215102970477767,0.6376568301180825,2.9483368,3.2812583
0.2466623756970573,0.2340245808598045,0.7701235875267413,0.1992854033592479,2.4806707,1.5526184
0.1920609148248117,0.5137248622973711,0.6766581643485793,0.20353786964668072,4.5379996,2.5120451
0.1920609148248117,0.03257933306445482,0.6766581643485793,0.20353786964668072,1.1290716,1.6930487
0.1920609148248117,0.5137248622973711,0.11318213096749466,0.20353786964668072,2.762591,3.3122191
0.1920609148248117,0.5137248622973711,0.6766581643485793,0.307947045221141,3.2084935,1.651486
0.09425106571790555,0.15257641401355482,0.6221316407011431,0.4479204633072129,2.4910061,1.5069443
0.24019946642671208,0.5798469223301916,0.7039436044221218,0.09563994336993173,3.1330135,2.030406
0.14183165757568184,0.8310331644338094,0.39056674031996547,0.09310990733756694,1.6459703,2.0503187
0.3620331863584906,0.6797896851579184,0.3484772881107902,0.0213208193706613,2.9453561,3.331789
-0.010611959988438321,0.5137248622973711,0.6766581643485793,0.20353786964668072,3.7836528,2.2160287
0.1920609148248117,0.6405897843137063,0.6766581643485793,0.20353786964668072,3.4399054,1.9675016
0.1920609148248117,0.5137248622973711,0.07561652215019468,0.20353786964668072,1.9325396,3.3138614
0.1920609148248117,0.5137248622973711,0.6766581643485793,0.3969821754030072,3.0653377,1.6170319
0.3775131568797846,0.8411201786028366,0.06233868394110279,0.2582049665356898,0.9453976,5.383517
0.3734319018968527,0.4302232983355485,0.45717008073526827,0.2943011121464032,3.461252,3.8985746
0.28727543022548796,0.5576021025807627,0.6541680044584907,0.23659176083545572,4.2044673,2.0617738
0.6516047585721875,0.46117618453619347,0.6862836445141779,0.3397706433694516,2.7613337,3.872612
-0.02882511518106777,0.5576021025807627,0.6541680044584907,0.23659176083545572,3.420657,1.6918125
0.28727543022548796,0.22460313543623034,0.6541680044584907,0.23659176083545572,2.7669356,1.7541788
0.28727543022548796,0.5576021025807627,0.618617763508912,0.23659176083545572,4.324523,1.7593807
0.28727543022548796,0.5576021025807627,0.618617763508912,0.5961069082142387,3.2591767,1.3518084
0.014007352443552348,0.43720327449935326,0.00728090477133395,0.3372271426755198,1.0627875,0.30704522
0.3202420695529301,0.5054999693623605,0.5488056109062248,0.35078394665518076,3.189958,1.7732409
0.15958410760952713,0.025186065906990684,0.6544525379123088,0.2178208911636865,1.0813702,1.643187
0.32859191002425503,0.7958639545968089,0.7032804119633161,0.6380957701447088,2.0329697,1.5242088
0.07050124840105422,0.5576021025807627,0.618617763508912,0.23659176083545572,3.939359,1.381575
0.07050124840105422,0.09588054142626223,0.618617763508912,0.23659176083545572,1.2681615,1.0478446
0.07050124840105422,0.5576021025807627,0.8184682632950303,0.23659176083545572,2.6253805,0.70255136
0.07050124840105422,0.5576021025807627,0.618617763508912,0.0798257075750399,4.0398784,2.3986862
0.03731541151511587,0.1827444177437818,0.49051317159110747,0.2898213910314844,3.0513191,1.564043
0.5930391615769476,0.7469988278227566,0.6392619866630013,0.02854233648972124,3.1385255,3.4665518
0.2536514617977631,0.9161864306650127,0.03320801754462802,0.27828671004864347,0.24469464,2.4075258
0.4486527879607053,0.599842213521864,0.09385618273878107,0.09122761752007943,2.1024878,6.0077963
-0.012688654600289215,0.5576021025807627,0.618617763508912,0.0798257075750399,3.6969318,2.3278167
-0.012688654600289215,0.5108904454855288,0.618617763508912,0.0798257075750399,4.047075,2.5218003
-0.012688654600289215,0.5108904454855288,0.7842725547281834,0.0798257075750399,3.12795,2.7792368
-0.012688654600289215,0.5108904454855288,0.618617763508912,0.2072784781764376,4.0849113,2.0900083
0.26821949471861506,0.8485647708832351,0.4149418293645368,0.5972154180451277,2.841489,1.7792013
0.413219000981205,0.7376414264106526,0.34864100064283615,0.49265691055328276,3.1376717,3.0181935
0.15161480708194486,0.06715743488386039,0.3787815564305412,0.6145084859575931,0.13184123,1.0167646
0.5937180945977524,0.8438153297703379,0.6799797890948754,0.1412641395830185,2.6192935,3.321514
0.660534803404084,0.5108904454855288,0.618617763508912,0.2072784781764376,4.6725454,3.6323774
0.660534803404084,0.2764616856130404,0.618617763508912,0.2072784781764376,4.134398,3.5410585
0.660534803404084,0.5108904454855288,0.8001646080190151,0.2072784781764376,3.6897516,3.7620337
0.660534803404084,0.5108904454855288,0.618617763508912,0.17523873101697515,5.1016817,3.5940518
-0.00541210283122405,0.8114823177131454,0.48317005669172625,0.36413305681087493,0.49487212,0.8933076
0.13549911865528197,0.19118401131564777,0.4421423016319545,0.07604526325655667,3.434872,3.16713
-0.012665022541763146,0.49000986812012437,0.6203299992982133,0.4493969264733799,2.8857114,1.2844894
0.15839373686132785,0.20806589594331903,0.4954566501530419,0.27620951441057073,3.1311069,1.9394642
0.12268539110405631,0.5108904454855288,0.618617763508912,0.17523873101697515,4.7786665,2.1052263
0.12268539110405631,0.1390512849834118,0.618617763508912,0.17523873101697515,3.7759504,1.7352331
0.12268539110405631,0.5108904454855288,0.6191021108174753,0.17523873101697515,4.7786665,2.1052263
0.12268539110405631,0.5108904454855288,0.6191021108174753,0.25356443762565206,4.385374,1.9449277
0.25711695842641646,0.6078019630307541,0.8249712960293659,0.2519367757299662,1.8867093,0.87959963
-0.05830262810851715,0.3902381098510732,0.2832163912427265,0.45592428269750584,3.3456938,1.6213244
0.3130535358553689,0.12751300395296195,0.7200697117366713,0.09057390099127713,1.2211602,1.7849823
0.5375468340223052,0.2690373719499659,0.32216258332509135,0.7201324693708067,3.27593,3.7193444
0.24558745257654413,0.5108904454855288,0.6191021108174753,0.17523873101697515,5.024773,2.08628
0.24558745257654413,0.8748546339235763,0.6191021108174753,0.17523873101697515,2.4538116,1.586961
0.24558745257654413,0.5108904454855288,0.16460201251426013,0.17523873101697515,4.647939,3.2302432
0.24558745257654413,0.5108904454855288,0.6191021108174753,0.5239380968348328,3.2187717,1.5469702
0.5969804855049897,0.29931954156271656,0.6792294281676975,0.3379929743781389,2.009643,3.5263593
0.30397704842375284,0.1948607305116008,0.09394081202561769,0.3982416191329854,1.693042,1.8733791
0.5716412038492261,0.02726202755117546,0.42605936640096326,0.7164501493036717,0.29047632,3.8324676
0.1953132457649488,0.7781580572282625,0.6292629488301261,0.2673770281279708,3.1858044,1.9261347
0.18571898401841425,0.5108904454855288,0.6191021108174753,0.17523873101697515,5.081333,2.1066077
0.18571898401841425,0.2004484964827613,0.6191021108174753,0.17523873101697515,3.6227512,1.6814628
0.18571898401841425,0.5108904454855288,0.22096582883614194,0.17523873101697515,5.2702804,3.4179196
0.18571898401841425,0.5108904454855288,0.22096582883614194,0.08306746396433337,5.1149273,4.0218534
0.06346942524855605,0.8069441295112636,0.32869334447561055,0.5128066386755137,2.1196244,1.5129043
0.5553114823556445,0.06698655722498392,0.7547989108483043,0.2993376561878982,-0.33793053,3.529193
0.311409734872759,0.5405605176537582,0.1011097740682553,0.7174786856839006,2.3591974,2.5037396
0.23752654749236435,0.8636171296504278,0.46750890089799974,0.48961986315677564,2.8870254,1.7771231
0.06813634813893023,0.5108904454855288,0.22096582883614194,0.08306746396433337,4.8314543,3.695878
0.06813634813893023,0.12763481394699605,0.22096582883614194,0.08306746396433337,1.5739614,3.2400384
0.06813634813893023,0.5108904454855288,0.09881608958127455,0.08306746396433337,2.297065,3.643565
0.06813634813893023,0.5108904454855288,0.22096582883614194,0.11545715184749025,4.8915668,3.0866318
0.06476587711876837,0.33208106497456047,0.35705282847909586,0.6199056246339474,3.566341,1.8858685
0.5613889556865869,0.46689819825392087,0.310357602457826,0.6807901263259204,3.8450718,4.0193105
0.18940541987807447,0.39229673270799736,0.7637265203798215,0.2668630892427579,3.637296,1.4143714
0.5879819685728923,0.819786417243527,0.2208343167988324,0.30508648830385,2.742176,3.8470445
0.33586857701588746,0.5108904454855288,0.22096582883614194,0.11545715184749025,5.26343,3.3355525
0.33586857701588746,0.7180127423786686,0.22096582883614194,0.11545715184749025,3.0372925,2.3757575
0.33586857701588746,0.5108904454855288,0.07948608897135437,0.11545715184749025,2.507969,3.187393
0.33586857701588746,0.5108904454855288,0.22096582883614194,0.26835403440411554,4.9312925,3.2603335
0.18371288928027207,0.6384827566473565,0.3396896435090388,0.26124449281689266,3.590955,2.0793488
0.331421536383926,0.31785163008557804,0.6474297828788472,0.126380519595326,4.4145427,2.2974792
0.10119586166228935,0.49947681967029833,0.6295233943866222,0.39958301403756025,3.0651748,1.648598
0.1496777700052755,0.6593955960681606,0.0925456399038648,0.08299715207908417,1.3369336,3.1834183
0.19097843513841195,0.5108904454855288,0.22096582883614194,0.26835403440411554,5.001865,3.3080912
0.19097843513841195,0.2949029604754623,0.22096582883614194,0.26835403440411554,4.6570225,2.9362063
0.19097843513841195,0.5108904454855288,0.19717341894472665,0.26835403440411554,4.9303217,3.2596424
0.19097843513841195,0.5108904454855288,0.19717341894472665,0.24608142003934216,4.8156643,3.2711666
0.014805543795734524,0.5555730049445233,0.40943444454603156,0.29933587472854484,2.9937818,1.1838763
0.39910632049948835,0.8685553693721424,0.39186167836948677,0.16625050751552448,2.2572737,2.894854
0.13932853973535553,0.24377528360784861,0.6675178325665437,0.3768208707124714,1.121499,1.0492989
0.6503200038401554,0.3659307296885088,0.10843479016171323,0.5059834735706943,2.3957262,5.4044647
0.5080147925086785,0.5108904454855288,0.19717341894472665,0.24608142003934216,4.9075346,4.831573
0.5080147925086785,0.17111751806435338,0.19717341894472665,0.24608142003934216,3.2961588,4.475459
0.5080147925086785,0.5108904454855288,0.5712723675681856,0.24608142003934216,4.7067246,3.8282578
0.5080147925086785,0.5108904454855288,0.5712723675681856,0.3643979662731205,3.2847672,3.8492382
0.6648711270571225,0.34149291157476647,0.14735067812931604,0.1846382097950325,4.4908195,4.357452
0.007804893929995407,0.82924897724248,0.1535913078397301,0.17372586581760882,0.56830215,1.7346823
-0.002762338858084065,0.5959063366461961,0.6009528640267922,0.6168744030559132,2.398486,0.7844238
0.442093341702661,0.881892649410509,0.2583218374054818,0.7023631259809058,2.7095394,4.0370092
0.4151132355859769,0.34149291157476647,0.14735067812931604,0.1846382097950325,4.455907,4.343144
0.6648711270571225,0.544649098773867,0.14735067812931604,0.1846382097950325,4.7020454,4.5784435
0.6648711270571225,0.544649098773867,0.6520348752071196,0.1846382097950325,4.8038816,3.875068
0.6648711270571225,0.544649098773867,0.6520348752071196,0.13256766047059895,5.0974755,4.1105037
0.2552952341975089,0.21075727887303541,0.16101642294741172,0.4917922776558079,2.3286135,1.9739807
0.23178376376189724,0.2856065593012964,0.41419370734232425,0.38762072073231835,3.071555,1.854831
0.01192822617680224,0.35745948352565193,0.5069014509120667,0.2159154472064486,4.403693,2.040004
0.06299553847344054,0.43760511418671477,0.2269917568188559,0.5261278888819412,3.6557615,2.4906118
0.5270390951062686,0.544649098773867,0.6520348752071196,0.13256766047059895,5.0974755,4.0800767
0.5270390951062686,0.6009713991403887,0.6520348752071196,0.13256766047059895,4.038582,3.4158118
0.5270390951062686,0.544649098773867,0.010275309164930944,0.13256766047059895,1.3380029,6.38223
0.5270390951062686,0.544649098773867,0.6520348752071196,0.7097577069430088,2.8545866,3.7180738
-0.003926739148761724,0.07484877888510955,0.7687669410803614,0.5000833033483865,0.8502034,0.24441354
-0.04868734933658968,0.24160690885571912,0.3417372930336055,0.45287528072416094,2.6122563,1.4531847
0.23044063889634214,0.3932806989040212,0.7954868324741841,0.522214057413187,2.245854,1.0462334
0.4232474457025742,0.8113902372638706,0.6955693010035783,0.45151524016201705,2.196495,3.222905
-0.04793469654764913,0.544649098773867,0.6520348752071196,0.13256766047059895,4.0643325,2.207265
0.5270390951062686,0.5356952808643092,0.6520348752071196,0.13256766047059895,5.0908346,4.105931
0.5270390951062686,0.5356952808643092,0.009945561698646719,0.13256766047059895,1.3425295,6.412881
0.5270390951062686,0.5356952808643092,0.6520348752071196,0.03598290663450496,4.7860465,4.3315387
0.4915649542649897,0.6714562956203949,0.37472536936285156,0.3604242101752746,3.2229118,3.1264093
0.41453402079561397,0.04030986453750307,0.6685530575840558,0.05270089423031263,1.2048125,3.9348006
0.5083554171923045,0.8618746706144274,0.2760322358437723,0.11697184124503576,2.4411104,3.6771436
0.2920657226743416,0.2915484605626184,0.5504668921317627,0.647020654744253,2.8180673,1.5936911
0.18830816245518844,0.5356952808643092,0.6520348752071196,0.13256766047059895,5.084612,2.6209636
0.18830816245518844,0.3006413776832999,0.6520348752071196,0.13256766047059895,4.6298633,2.3122761
0.18830816245518844,0.5356952808643092,0.12562757499991176,0.13256766047059895,2.8623693,3.217956
0.18830816245518844,0.5356952808643092,0.6520348752071196,0.4791765199797666,3.019303,1.6868864
0.08129260152985864,0.17074195963362948,0.5772034520455563,0.7087122261075827,3.1087003,1.4537413
0.003244398595205214,0.010714108415111223,0.5433534263071208,0.2229581602041044,1.275916,1.5570776
0.2856111111859635,0.3481150592120228,0.5721838198053292,0.7291368590505662,3.1926088,1.736952
-0.001664303882498705,0.41116200813613757,0.2357016571297316,0.5097391883522882,3.2821076,2.0520186
0.0035643032367541766,0.5356952808643092,0.6520348752071196,0.13256766047059895,4.1065955,1.8144174
0.18830816245518844,0.011739748073414269,0.6520348752071196,0.13256766047059895,1.4817139,1.8722737
0.18830816245518844,0.5356952808643092,0.08974170431418474,0.13256766047059895,2.5499768,3.2256062
0.18830816245518844,0.5356952808643092,0.6520348752071196,0.3647133269996736,2.7904167,1.6422651
0.3600337810366808,0.784943957930722,0.22210810483002144,0.4581634223396769,2.975314,3.790955
0.6144579228324952,0.8668244109609331,0.6162674599636294,0.7103283244576417,2.469055,3.1043816
0.22109516566866583,0.37478012250574944,0.6384329173606397,0.4112080935094511,2.618289,1.6659315
0.37751412283539454,0.09541793059076653,0.013220456115235733,0.5511551853945065,-0.21679078,4.543074
0.3930218952131853,0.5356952808643092,0.6520348752071196,0.13256766047059895,5.1395907,4.070924
0.3930218952131853,0.37921759332777816,0.6520348752071196,0.13256766047059895,4.574694,4.055675
0.3930218952131853,0.5356952808643092,0.37276966445765675,0.13256766047059895,4.904023,3.8704977
0.3930218952131853,0.5356952808643092,0.37276966445765675,0.10585738684222432,4.8997254,3.8736928
0.5143469490082168,0.08816661550455063,0.27597446962930533,0.5884726383982368,0.12198902,4.2076077
0.6553891857779283,0.5415284092269141,0.617037466435915,0.23853233981926888,4.5937424,3.5614848
0.07395499999577772,0.8475507021018083,0.4262919898963093,0.5357523359064018,2.231891,1.2918487
0.19751555216730077,0.6883546312590023,0.19012941760927218,0.6522636557810806,3.020784,2.0561407
0.2890563065481545,0.5356952808643092,0.37276966445765675,0.10585738684222432,4.7585683,2.803386
0.2890563065481545,0.8971640981556739,0.37276966445765675,0.10585738684222432,2.1156888,2.0262637
0.2890563065481545,0.5356952808643092,0.4985028737508492,0.10585738684222432,4.8801517,2.7192326
0.2890563065481545,0.5356952808643092,0.4985028737508492,0.5656761957175043,3.6740217,1.9877201
0.3836932670828902,0.2336884516674398,0.33662273624737654,0.32253559124974274,1.7633672,3.685862
0.25072728156391044,0.49747387001676024,0.06121944569292818,0.22369627868267725,1.8573258,3.2658482
0.07053906826874869,0.3424140906412778,0.5326006655902299,0.42832923355847186,3.5542629,1.4482707
-0.004463228334974242,0.16900141653621148,0.17087176543858665,0.1523070546035825,3.3516035,2.9467525
0.0665775966252068,0.5356952808643092,0.4985028737508492,0.10585738684222432,4.3813777,2.1946301
0.2890563065481545,0.4029637015129417,0.4985028737508492,0.10585738684222432,4.695167,2.6083028
0.2890563065481545,0.4029637015129417,0.1735944114088003,0.10585738684222432,4.556118,3.0834224
0.2890563065481545,0.4029637015129417,0.1735944114088003,0.726589916416156,3.1939416,2.7143018
0.40195951766835136,0.11693906964314138,0.48807432924366395,0.04344560211085022,1.2484875,3.909438
0.6569711604989906,0.6716465832511682,0.33244666834695774,0.40950580877923315,3.4035213,3.3041582
0.5398526313102773,0.6607295068171068,0.4879893583322205,0.17838798222980753,3.7340937,3.2434137
0.6102432768610527,0.4254731461748915,0.12249601485477149,0.5470744341797449,2.6408632,5.3341093
0.18774489533159533,0.4029637015129417,0.1735944114088003,0.10585738684222432,4.6227016,3.11462
0.18774489533159533,0.225840272847456,0.1735944114088003,0.10585738684222432,3.310141,2.7150776
0.18774489533159533,0.4029637015129417,0.8176531617672879,0.10585738684222432,4.3460565,1.5759088
0.18774489533159533,0.4029637015129417,0.1735944114088003,0.5461671646498552,3.264942,2.7443285
0.21142833707291142,0.7713439824164574,0.3107257861622607,0.7308167726378656,2.9929297,2.0069983
-0.030070502854998002,0.5502772719919347,0.3052184348855524,0.6377134478018611,3.1985126,1.6035222
0.2774344059670929,0.15583729624007248,0.767897542978404,0.6310918341374219,1.3031906,0.91211617
-0.05236572399001181,0.823382759700602,0.4728278788751816,0.7361838967189307,0.4791094,0.9416542
0.5894249225912221,0.4029637015129417,0.1735944114088003,0.10585738684222432,4.692308,4.7064586
0.5894249225912221,0.49664496335054453,0.1735944114088003,0.10585738684222432,4.8672595,4.695627
0.5894249225912221,0.49664496335054453,0.3832424549682653,0.10585738684222432,4.9091105,3.961087
0.5894249225912221,0.49664496335054453,0.3832424549682653,0.0806174176121601,4.685335,3.9789443
-0.08073202059186811,0.340395735929492,0.8059358710899173,0.41832693303070556,2.1502795,0.5103758
0.18369016862295806,0.11814700676599044,0.23855831236627925,0.14604183635164955,1.6650027,2.4417381
0.043332507970664916,0.3665538385579379,0.33159621913902576,0.6043682129752455,3.621463,1.7469653
0.05130429925665893,0.5206850208735827,0.2981582404808822,0.4557041950234435,3.6127732,1.8831384
0.06471059770335232,0.49664496335054453,0.3832424549682653,0.0806174176121601,4.2658987,3.1131418
0.5894249225912221,0.6932566363938433,0.3832424549682653,0.0806174176121601,2.9721594,3.0862863
0.5894249225912221,0.49664496335054453,0.49221598983509324,0.0806174176121601,4.781524,4.039935
0.5894249225912221,0.49664496335054453,0.49221598983509324,0.4923116426680636,3.6950223,3.924109
-0.03284804914214022,0.3623892699724873,0.7626850151827419,0.7000466279172741,2.0147505,0.641041
0.19240643540523494,0.3720770496993251,0.5024538993297324,0.487871806129327,3.3561544,2.0752327
0.27104510854465225,0.6958324665041982,0.23937458780265689,0.11226222877472478,3.0505092,2.415413
0.6605189835665913,0.20065934717836642,0.15070924604964012,0.3280638856313267,1.9777267,4.0413084
0.6665755340506573,0.49664496335054453,0.49221598983509324,0.0806174176121601,4.781524,4.0724297
0.6665755340506573,0.25174941114066707,0.49221598983509324,0.0806174176121601,4.299238,4.130832
0.6665755340506573,0.49664496335054453,0.8148615196350301,0.0806174176121601,3.8819504,4.0724797
0.6665755340506573,0.49664496335054453,0.49221598983509324,0.18052111506536048,4.893256,4.057291
0.4816282067591863,0.7261754051325444,0.47651232194917664,0.37747753285660934,3.243166,3.182751
-0.0807281878201259,0.42388059925338606,0.16921191970235086,0.11059878511026253,4.7130733,3.4866755
0.20786546570300868,0.4421275420881474,0.48286068928099185,0.015894137762735714,4.89025,4.6940403
0.5726892561437412,0.5261423893690917,0.46408526806394995,0.6093956376269674,3.6394527,3.8727899
-0.042531965653901035,0.4421275420881474,0.48286068928099185,0.015894137762735714,4.4089584,3.955241
0.20786546570300868,0.6698682645047693,0.48286068928099185,0.015894137762735714,3.1045315,4.4005766
0.20786546570300868,0.4421275420881474,0.34255292615161975,0.015894137762735714,4.8921957,4.7523293
0.20786546570300868,0.4421275420881474,0.34255292615161975,0.6284417781398979,3.7796865,2.2292538
0.4072879773834245,0.439891691520526,0.10293485250879089,0.5123259562872562,2.6174915,5.4456944
0.29048690646708664,0.011380238440912294,0.16190040523561003,0.3458481670096525,-0.22702749,0.91275835
-0.009780077298959675,0.051621773038485586,0.16650076923347382,0.4565969363546749,1.108659,1.3461295
0.3374821423052191,0.8965867133967982,0.1340970433746115,0.05666724445338997,1.7466496,2.8083363
0.21144856788023947,0.4421275420881474,0.34255292615161975,0.015894137762735714,4.8921957,4.7523293
0.21144856788023947,0.3622305855171537,0.34255292615161975,0.015894137762735714,4.4086027,4.4481916
0.21144856788023947,0.4421275420881474,0.41131162056291964,0.015894137762735714,4.925634,4.7562294
0.21144856788023947,0.4421275420881474,0.41131162056291964,0.21775070610036804,4.879042,2.994385
0.11844903339249625,0.48267272108984827,-6.190531125768294e-05,0.08309838073027717,0.82389444,2.9339938
-0.0728658566603456,0.7128389881166282,0.5647257609870419,0.6852739957144678,1.8618895,0.72308934
0.3830112424454887,0.337266600314881,0.6258672202256971,0.34031201764332053,2.1883225,3.6549594
0.6475628520323761,0.2589319595434856,0.17111393860869875,0.23285995754132924,4.1201997,4.2622232
-0.025771579547723453,0.4421275420881474,0.41131162056291964,0.21775070610036804,4.558805,2.9250379
0.21144856788023947,0.018636284197882436,0.41131162056291964,0.21775070610036804,1.2857502,2.223752
0.21144856788023947,0.4421275420881474,0.18690950383282515,0.21775070610036804,4.979768,3.448633
0.21144856788023947,0.4421275420881474,0.18690950383282515,0.1466793828764423,5.3245063,3.353207
-0.07008379625838855,0.39838979112744566,0.04733230387033808,0.3500177526367949,1.6230161,2.0648317
0.0032167461358255794,0.14224336086251244,0.19177377200832116,0.040961320966697884,3.7353172,3.3248627
0.2930866910652553,0.8966366813006408,0.7293199503681634,0.6537463621554025,1.8475497,1.5429609
0.15368440067871914,0.9046257774345925,0.5909591466677376,0.21159303160986195,2.1429462,2.2842767
0.1302400057162202,0.4421275420881474,0.18690950383282515,0.1466793828764423,5.299069,3.3757484
0.1302400057162202,0.1533887782958563,0.18690950383282515,0.1466793828764423,3.7774544,2.9625816
0.1302400057162202,0.4421275420881474,0.12266250007784887,0.1466793828764423,2.861673,3.2468297
0.1302400057162202,0.4421275420881474,0.18690950383282515,0.017361133015295824,5.391586,5.138627
0.01563007581155719,0.16674945223600313,0.5214602378920662,0.13179085780023667,3.7384949,1.9229608
0.40669820963628756,0.3527927508397637,0.22946473031075545,0.08961738545648143,4.9206314,5.00287
0.14404702944375558,0.4941757824954278,0.07442466464770928,0.5028972349672323,1.9325238,2.43338
0.24898947486623613,0.4239465667536715,0.3752493925303257,0.6689250061346499,3.8085923,2.3083696
-0.022728465164853925,0.4421275420881474,0.18690950383282515,0.017361133015295824,5.1804266,4.835194
0.1302400057162202,0.5698467023313909,0.18690950383282515,0.017361133015295824,3.5436172,5.0881367
0.1302400057162202,0.4421275420881474,0.48129170230917667,0.017361133015295824,4.926837,4.7163906
0.1302400057162202,0.4421275420881474,0.18690950383282515,0.5094182254964252,3.7718327,2.6842618
-0.06826265068253422,0.6320061791182252,0.6078836565434024,0.33538459364770645,1.7028303,0.6114163
-0.01559140514517919,0.8842618810124758,0.2764199939085969,0.3422198179824747,0.5050581,1.6377429
0.35799368243508656,0.4225219761121659,0.09718878113419596,0.35070714331201813,2.2425766,5.6421027
0.03870977947813871,0.5449071256402132,0.7240257220312695,0.2293370741471534,3.549797,1.6938869
0.49563183738595706,0.4421275420881474,0.18690950383282515,0.017361133015295824,5.5012555,6.4552155
0.49563183738595706,0.30166856040264634,0.18690950383282515,0.017361133015295824,5.2134476,5.8364205
0.49563183738595706,0.4421275420881474,0.8083818395975054,0.017361133015295824,4.3228927,4.4580107
0.49563183738595706,0.4421275420881474,0.18690950383282515,0.6884743415414079,3.8151681,4.972188
0.49563183738595706,0.4421275420881474,0.18690950383282515,0.017361133015295824,5.5012555,6.4552155
0.49563184738595706,0.4421275420881474,0.18690950383282515,0.017361133015295824,5.5012555,6.4552155
0.49563183738595706,0.4421275520881474,0.18690950383282515,0.017361133015295824,5.5012555,6.4552155
0.49563183738595706,0.4421275420881474,0.18690951383282514,0.017361133015295824,5.5012555,6.4552155
0.49563183738595706,0.4421275420881474,0.18690950383282515,0.017361143015295826,5.5012555,6.4552155
-0.012667488917986622,0.047777698340398356,0.6003529694340445,0.2513500205637875,1.9181637,1.6921016
0.19434465639787846,0.31447653436317147,0.6564961893857147,0.07784058818865344,4.384684,3.0986447
0.484438501470572,0.6500240304104525,0.3341199976941382,0.4740026757316613,3.4733176,3.199985
0.5175670561505149,0.5432553557889874,0.6472989022238668,0.3541561535058868,2.7430954,3.7236407
0.4318337999820979,0.4421275420881474,0.18690950383282515,0.017361133015295824,5.508485,6.462228
0.4318337999820979,0.23045735673505385,0.18690950383282515,0.017361133015295824,3.893567,5.8123226
0.4318337999820979,0.4421275420881474,0.6010766727520388,0.017361133015295824,4.8691735,4.3128295
0.4318337999820979,0.4421275420881474,0.18690950383282515,0.0913295365395683,5.3752766,5.336199
0.4318337999820979,0.4421275420881474,0.18690950383282515,0.017361133015295824,5.508485,6.462228
0.4318338099820979,0.4421275420881474,0.18690950383282515,0.017361133015295824,5.508485,6.462228
0.4318337999820979,0.4421275520881474,0.18690950383282515,0.017361133015295824,5.508485,6.462228
0.4318337999820979,0.4421275420881474,0.18690951383282514,0.017361133015295824,5.508485,6.462228
0.4318337999820979,0.4421275420881474,0.18690950383282515,0.017361143015295826,5.508485,6.462228
0.020535440405724206,0.6814842822910117,0.2488412141602704,0.3227606740209126,2.5509987,1.6696079
0.32775299618006726,0.16402182518595687,0.5512642807835907,0.6876345392123397,2.4426534,1.4734457
-0.04837765431759965,0.8032937619511933,0.31953386339884954,0.5061693730733481,0.56229323,1.2349477
0.06631861835564491,0.8302751396619805,0.011712626566739468,0.6759040972257715,0.5007488,-0.085859
0.1826645582042764,0.4421275420881474,0.18690950383282515,0.017361133015295824,5.3521194,5.20352
0.1826645582042764,0.5256173948648799,0.18690950383282515,0.017361133015295824,5.087911,5.1721306
0.1826645582042764,0.4421275420881474,0.41780919043256753,0.017361133015295824,4.8664026,4.754303
0.1826645582042764,0.4421275420881474,0.18690950383282515,0.6720133212413053,3.8393831,2.6907935
-0.023989618745959937,0.30417137890565416,0.7581041234793776,0.004062403693129799,3.2582712,2.773411
0.5128091574977142,0.48911577185332744,0.2998182865630756,0.46236449730373863,3.658641,3.8995543
0.4879191063015703,0.8104546675265065,0.6876415508892467,0.15830090708097086,2.5477653,3.1396577
0.4653712753311615,0.41673319907459794,0.2734019952073034,0.4383286493321563,3.70484,4.532725
0.23008405353930994,0.4421275420881474,0.18690950383282515,0.017361133015295824,5.299043,5.127136
0.23008405353930994,0.5975241993444156,0.18690950383282515,0.017361133015295824,3.4592347,4.9093423
0.23008405353930994,0.4421275420881474,0.36198934637150065,0.017361133015295824,4.8367167,4.6922216
0.23008405353930994,0.4421275420881474,0.18690950383282515,0.27021929599187544,5.075307,3.248604
0.46722433754329573,0.5870507450153707,0.6356589045187754,0.5712771818901188,2.8404737,3.1490505
0.36109440664058134,0.6787319627610242,0.12176370093251868,0.29118819821241004,2.2144864,4.967981
0.5926777778509168,0.3474261329578532,0.5594372807658651,0.4352815409901645,3.0180957,3.7966254
0.17663099987620712,0.34711628566039954,0.4356745707033402,0.00563366781850758,4.23451,5.084716
0.23739216384331174,0.6173479035392466,0.3927707644335196,0.2250642286339257,3.8017812,2.1644855
0.5742125805391113,0.6173479035392466,0.3927707644335196,0.2250642286339257,3.915061,3.1066623
0.5742125805391113,0.21538017553199484,0.3927707644335196,0.2250642286339257,3.0465643,3.9422617
0.5742125805391113,0.21538017553199484,0.13292199196145874,0.2250642286339257,3.015648,4.208614
0.5742125805391113,0.21538017553199484,0.13292199196145874,0.12864675122211008,3.2490215,4.2823706
0.17663099987620712,0.34711628566039954,0.4356745707033402,0.00563366781850758,4.23451,5.084716
0.1766310098762071,0.34711628566039954,0.4356745707033402,0.00563366781850758,4.23451,5.084716
0.17663099987620712,0.34711629566039953,0.4356745707033402,0.00563366781850758,4.23451,5.084716
0.17663099987620712,0.34711628566039954,0.4356745807033402,0.00563366781850758,4.23451,5.084716
0.17663099987620712,0.34711628566039954,0.4356745707033402,0.0056336778185075796,4.23451,5.084716
0.0005058364231526197,0.5355360443355415,0.1995438013936565,0.07238848651267912,4.8970103,4.065813
0.6171331337576736,0.8850102605510406,0.5296207205721796,0.26677164855580315,2.6375167,3.296641
0.07954342364843216,0.8754308822168846,0.6075218938636321,0.2073706358811975,1.7705122,1.5903296
0.5427128396493007,0.6863140979888649,0.6347871764485172,0.6887588022758955,2.6047192,3.0578156
0.4719972059540126,0.6863140979888649,0.6347871764485172,0.6887588022758955,2.608076,3.0578156
0.4719972059540126,0.20295750900986675,0.6347871764485172,0.6887588022758955,1.7982303,3.5559618
0.4719972059540126,0.20295750900986675,0.7609011059598293,0.6887588022758955,1.4841913,3.4571674
0.4719972059540126,0.20295750900986675,0.7609011059598293,0.3772866069723797,0.72076845,3.4516397
0.0005058364231526197,0.5355360443355415,0.1995438013936565,0.07238848651267912,4.8970103,4.065813
0.0005058464231526197,0.5355360443355415,0.1995438013936565,0.07238848651267912,4.8970103,4.065813
0.0005058364231526197,0.5355360543355415,0.1995438013936565,0.07238848651267912,4.8970103,4.065813
0.0005058364231526197,0.5355360443355415,0.19954381139365648,0.07238848651267912,4.8970103,4.065813
0.0005058364231526197,0.5355360443355415,0.1995438013936565,0.07238849651267912,4.8970103,4.065813
0.6095512309696681,0.38965085015912937,0.215773873408211,0.6512241438085056,3.197445,4.832417
0.2809633050292527,0.22821464297306182,0.06173486186371938,0.016956559607194752,1.3961456,4.1894403
0.16425850372507333,0.9085490513165211,0.3799892975158356,0.4527741215584129,2.392776,1.8133435
0.16529070097730625,0.3950152824353772,0.4969357438802588,0.2547904004058772,4.3768153,2.0312974
0.4717616792920879,0.3950152824353772,0.4969357438802588,0.2547904004058772,4.2382956,3.934984
0.4717616792920879,0.3070487515699605,0.4969357438802588,0.2547904004058772,4.3097653,3.7879283
0.4717616792920879,0.3070487515699605,0.59102372131434,0.2547904004058772,4.317466,3.8499691
0.4717616792920879,0.3070487515699605,0.59102372131434,0.22737277606068315,4.2788296,3.9199998
-0.027884353174023033,0.6655534132774932,0.12147924771788468,0.11764001274026367,1.3631064,2.2211971
0.39801576806221906,0.4061602839423162,0.2829940698190438,0.06982675535746449,4.5677834,4.1798983
0.40120209688218955,0.892874154510447,0.46217203763286147,0.15696652669733166,2.215191,2.9149532
0.5492758276400899,0.5587695218008921,0.002220394496907395,0.3991055866706361,1.2975435,6.2033906
0.2063863231958213,0.5587695218008921,0.002220394496907395,0.3991055866706361,1.134314,0.61961335
0.2063863231958213,0.2087569048629243,0.002220394496907395,0.3991055866706361,1.0569953,1.0152224
0.2063863231958213,0.2087569048629243,0.24231189423232893,0.3991055866706361,2.3812442,2.435696
0.2063863231958213,0.2087569048629243,0.24231189423232893,0.2713607945892065,3.447665,2.850408
0.03531848318588783,0.625145753697514,0.4765752987656437,0.2582196353773547,3.2813616,1.2412219
0.48372252241252467,0.41085835929100645,0.07580313224185256,0.704246382587737,2.1234422,5.5648985
0.11335320999512812,0.22378090970505582,0.5451695503186057,0.4088120349621178,2.6184216,1.207185
0.5994614281872684,0.43186078042112497,0.6664949914228367,0.6455420786916299,3.0144522,3.875198
0.25867670090198425,0.43186078042112497,0.6664949914228367,0.6455420786916299,3.0132403,1.603975
0.25867670090198425,0.22874845220523898,0.6664949914228367,0.6455420786916299,1.5952411,1.196988
0.25867670090198425,0.22874845220523898,0.1835628062294198,0.6455420786916299,2.3493724,1.9739807
0.25867670090198425,0.22874845220523898,0.1835628062294198,0.3469282163253631,1.666088,1.9024941
0.6270583425580017,0.10770218814297516,0.20596869784005092,0.656627286006092,0.1657669,4.2011
0.6489275393620239,0.9065567631221794,0.05542026958093375,0.27215740537445754,0.9074199,5.654454
0.3619605799940787,0.6937166270533348,0.19171246619815188,0.34394709738564444,2.8085096,3.6248906
0.40178013265309953,0.2717651879792009,0.8100909657353349,0.4773107317257832,1.9732528,3.3282926
0.011619510635562671,0.2717651879792009,0.8100909657353349,0.4773107317257832,1.7499976,0.27867782
0.011619510635562671,0.8754556552233144,0.8100909657353349,0.4773107317257832,0.051625162,0.36906585
0.011619510635562671,0.8754556552233144,0.6864856406925591,0.4773107317257832,0.5496216,0.6492787
0.011619510635562671,0.8754556552233144,0.6864856406925591,0.04764908295885559,0.23375836,1.7683837
0.4730360121551639,0.21747442245969983,0.13332793811952862,0.2389880492742442,2.9960783,4.229716
0.6529363159212628,0.33596227365951403,0.36411520074573994,0.2507633700095262,4.3534727,3.8438334
0.2937669426944399,0.7376545772792222,0.22785310861412436,0.6400206855928445,3.020509,2.113245
0.3866521196285394,0.4360920673419755,0.603076745594655,-0.003037926560690376,3.922122,4.1772933
-0.03087326008498735,0.4360920673419755,0.603076745594655,-0.003037926560690376,3.2718408,3.8086953
-0.03087326008498735,0.4773592269239293,0.603076745594655,-0.003037926560690376,2.9784737,3.8029032
-0.03087326008498735,0.4773592269239293,0.6283985035453526,-0.003037926560690376,2.9828553,3.4980667
-0.03087326008498735,0.4773592269239293,0.6283985035453526,0.39927932209526773,2.7349873,1.1490947
0.2760194057043507,0.7290002871093368,0.74337207069436,0.6821524748062586,2.068307,1.2959949
0.45984404324560046,0.6861827373572749,0.25997784108848204,0.6224600375659577,3.221149,3.917175
0.2536991050151006,0.5702530662790397,0.2999399023174631,0.6532999170012204,3.301451,1.8711183
0.1631952178976851,0.1839958406535449,0.08403599312398305,0.10736025826119897,2.076832,2.6909482
0.1575723522263649,0.1839958406535449,0.08403599312398305,0.10736025826119897,2.076832,2.6909482
0.1575723522263649,0.44070777499682556,0.08403599312398305,0.10736025826119897,2.5455704,3.2200634
0.1575723522263649,0.44070777499682556,0.5132984829279476,0.10736025826119897,5.0812664,2.545748
0.1575723522263649,0.44070777499682556,0.5132984829279476,0.49345446841043383,3.6454618,1.6074955
0.1575723522263649,0.44070777499682556,0.5132984829279476,0.10736025826119897,5.0812664,2.545748
0.1575723622263649,0.44070777499682556,0.5132984829279476,0.10736025826119897,5.0812664,2.545748
0.1575723522263649,0.44070778499682556,0.5132984829279476,0.10736025826119897,5.0812664,2.545748
0.1575723522263649,0.44070777499682556,0.5132984929279476,0.10736025826119897,5.0812664,2.545748
0.1575723522263649,0.44070777499682556,0.5132984829279476,0.10736026826119896,5.0812664,2.545748
0.42959925647422004,0.7293935453942768,0.3382519770724958,0.07018531678869874,2.906981,3.2558286
0.3918044987667676,0.7514806872991606,0.501864403470483,0.5183259752472438,3.3629029,3.2153065
0.29632529027129373,0.1646184519473155,0.6722243613150781,0.02503073492959371,3.5267234,3.6180494
0.35654020970367817,0.08729163252775374,0.1062543083367821,0.40747758009750257,0.26913643,4.4546704
0.5645221322452846,0.08729163252775374,0.1062543083367821,0.40747758009750257,0.3403682,4.634417
0.5645221322452846,0.10043204745746692,0.1062543083367821,0.40747758009750257,0.3403682,4.634417
0.5645221322452846,0.10043204745746692,0.4268443518543074,0.40747758009750257,-0.17868161,3.8452392
0.5645221322452846,0.10043204745746692,0.4268443518543074,0.20150484370883956,0.97912836,3.9191635
0.4310670391653212,0.22800117210969306,0.23516303531998464,0.7186789158458673,2.556286,4.4856477
-0.029431256643548717,0.19231388647780845,0.43997070898508545,0.6888042593792285,2.9311938,1.0705409
0.5051945306236029,0.6952266336976232,0.16218368481789272,0.7392222667382349,2.975678,3.4544122
0.5672632618869212,0.22336359737554723,0.5247726709163921,0.04334299128407079,3.0786672,4.244975
0.038101853901265983,0.22336359737554723,0.5247726709163921,0.04334299128407079,3.4012203,2.7122736
0.038101853901265983,0.7459126741053397,0.5247726709163921,0.04334299128407079,2.0992455,2.1740382
0.038101853901265983,0.7459126741053397,0.19618855415544614,0.04334299128407079,2.1695018,2.6113133
0.038101853901265983,0.7459126741053397,0.19618855415544614,0.10208758556252914,2.1776497,1.9322542
0.29303563972573465,0.8318657934582143,0.8290897430624823,0.44128925937575403,1.475197,1.0628232
0.4472249841037229,0.5649461922017833,0.7205341026922943,0.5743716253953401,2.4241612,3.1291857
0.3769190451661729,0.1981334254388356,0.14994427869436314,0.5247246348937686,2.3064637,3.9148824
0.11958284437342316,0.6180051496294072,0.39713916712895075,0.06174750201357068,3.1632657,3.119091
0.3618878692906192,0.6180051496294072,0.39713916712895075,0.06174750201357068,3.401581,2.9489894
0.3618878692906192,0.7257753984324298,0.39713916712895075,0.06174750201357068,2.7793083,2.8716748
0.3618878692906192,0.7257753984324298,0.7517062499185653,0.06174750201357068,2.1880367,3.137131
0.3618878692906192,0.7257753984324298,0.7517062499185653,0.2417725079370285,2.1636562,2.9687579
0.25116315923832067,0.4667596743044746,0.6108863774714147,0.14364223306619903,5.1996756,1.9093893
-0.010686353540102153,0.7553937219442837,0.2729641623450209,0.09309713234364378,1.577329,2.2983992
0.03668441622287889,0.5378953519185727,0.62194872937616,0.4685235196329316,3.117673,1.6244124
0.26070319618310045,0.6789470532699231,0.05488847935437483,0.5837373608850704,1.5946531,1.9461142
0.0729624754650683,0.6789470532699231,0.05488847935437483,0.5837373608850704,1.5844082,1.6488366
0.0729624754650683,0.8326342254155139,0.05488847935437483,0.5837373608850704,0.58962893,1.6584271
0.0729624754650683,0.8326342254155139,0.20395976636429838,0.5837373608850704,2.1451025,1.7476602
0.0729624754650683,0.8326342254155139,0.20395976636429838,0.16285911019870977,1.3317134,1.9798638
0.25116315923832067,0.4667596743044746,0.6108863774714147,0.14364223306619903,5.1996756,1.9093893
0.25116316923832066,0.4667596743044746,0.6108863774714147,0.14364223306619903,5.1996756,1.9093893
0.25116315923832067,0.4667596843044746,0.6108863774714147,0.14364223306619903,5.1996756,1.9093893
0.25116315923832067,0.4667596743044746,0.6108863874714148,0.14364223306619903,5.1996756,1.9093893
0.25116315923832067,0.4667596743044746,0.6108863774714147,0.14364224306619902,5.1996756,1.9093893
0.5986421743697413,0.843051711958763,0.5443434788880607,0.1747956888623747,2.6857617,3.2621415
0.1396071790947392,0.3247207123900302,0.1617582107184127,0.03161088141943577,4.569103,4.136877
0.10360450524175503,0.4024619960575815,0.37025951592069134,0.3665667244351276,3.416963,1.8813504
0.34094691029680047,0.20820728334126093,0.10718388978464768,0.5727481604333988,1.6420676,4.5312867
0.3283188811814869,0.20820728334126093,0.10718388978464768,0.5727481604333988,1.6554108,1.8997792
0.3283188811814869,0.007462184574889452,0.10718388978464768,0.5727481604333988,0.32583117,0.9776803
0.3283188811814869,0.007462184574889452,0.7592752263402412,0.5727481604333988,-0.3684703,0.27732313
0.3283188811814869,0.007462184574889452,0.7592752263402412,0.20612954181968843,0.76803756,1.1395235
0.43600255619867945,0.652437534737548,0.6320782984011223,0.3760895627570022,2.670021,3.0677257
0.3855066416379661,0.27631896393019817,0.15858614864485335,0.42372396152508784,2.9729927,4.0475783
0.07971682913321922,0.721121765490301,0.28700023669049507,0.2662473125214113,3.0327055,1.6666758
0.45395322902831825,0.03568584827489918,0.2081824671675391,0.3655326254004656,-0.3900685,4.3412127
0.39835850966041864,0.03568584827489918,0.2081824671675391,0.3655326254004656,-0.44512126,4.2291017
0.39835850966041864,0.49942763976330085,0.2081824671675391,0.3655326254004656,3.3464344,4.7127132
0.39835850966041864,0.49942763976330085,0.16841254193705293,0.3655326254004656,3.206666,4.4319663
0.39835850966041864,0.49942763976330085,0.16841254193705293,0.27334952480761743,4.3999214,4.613522
0.1895041132087415,0.1414036827046572,0.6102665870976204,0.17010761597120802,3.6475568,1.9416095
0.5723808758128527,0.5014728154637349,0.7304337136469766,0.689004948482232,2.860561,3.7297893
0.3570886271936279,0.422526517623238,0.7303028849207166,0.2942446869709521,2.9796145,3.9590259
0.5632591346973658,0.14562047189492677,0.6588428308850615,0.014049756799717959,3.538172,4.404631
0.3715541153687206,0.14562047189492677,0.6588428308850615,0.014049756799717959,3.551141,4.3214817
0.3715541153687206,0.37054845087044974,0.6588428308850615,0.014049756799717959,4.463437,4.4454284
0.3715541153687206,0.37054845087044974,0.272219211159022,0.014049756799717959,5.3245516,5.048744
0.3715541153687206,0.37054845087044974,0.272219211159022,0.6526431358359481,3.140958,4.463441
0.3715541153687206,0.37054845087044974,0.272219211159022,0.014049756799717959,5.3245516,5.048744
0.3715541253687206,0.37054845087044974,0.272219211159022,0.014049756799717959,5.3245516,5.048744
0.3715541153687206,0.37054846087044974,0.272219211159022,0.014049756799717959,5.3245516,5.048744
0.3715541153687206,0.37054845087044974,0.272219221159022,0.014049756799717959,5.3245516,5.048744
0.3715541153687206,0.37054845087044974,0.272219211159022,0.014049766799717959,5.3245516,5.048744
0.34995274340021976,0.41046951980457624,0.31891131273314016,0.6140417097958313,3.569525,3.9463148
-0.04324066491236499,0.8425628838338781,0.3809340881778697,0.5763410934596749,0.56020284,1.1883832
0.20043934474934055,0.35973334841671933,0.7796781485801286,0.7235976086724385,2.136654,1.2871052
0.440483810069524,0.18898051881001887,0.3678972326227767,0.1725469384495781,3.3295271,3.934232
0.5002883708872244,0.18898051881001887,0.3678972326227767,0.1725469384495781,3.296857,3.8978097
0.5002883708872244,0.46923795607663754,0.3678972326227767,0.1725469384495781,5.141565,4.0661
0.5002883708872244,0.46923795607663754,0.7509233676325481,0.1725469384495781,4.5032964,3.9332335
0.5002883708872244,0.46923795607663754,0.7509233676325481,0.6466506248705279,2.5093408,3.7463381
0.2799042035129343,0.5976251301791331,0.14334985783329693,0.08780709232678771,3.083627,2.5510812
0.2936976924512439,0.09703642624871822,0.4520984449244762,0.11458641409205936,1.1678814,1.875819
0.6643592510943425,0.5849301372352591,0.37265323525568567,0.104077348149449,3.9554806,3.3433723
-0.035004033473477233,0.25245568313547917,0.2576236128202715,0.05725026612736525,5.081217,3.5031776
0.36366098730125296,0.25245568313547917,0.2576236128202715,0.05725026612736525,5.0202627,5.380497
0.36366098730125296,0.7308021648542198,0.2576236128202715,0.05725026612736525,2.868694,3.863389
0.36366098730125296,0.7308021648542198,0.3891273974686484,0.05725026612736525,2.7508504,2.8771598
0.36366098730125296,0.7308021648542198,0.3891273974686484,0.5508082074970062,3.0700366,3.0342305
0.41908724238787143,0.25344286399161486,0.27659145408000047,0.20498298570873527,4.573785,4.3986635
0.0753253118897085,0.29627768607279226,0.3693326868131028,0.09548546400507615,4.6652265,2.3346343
-0.05762813812957189,0.0020929886036049616,0.553542881443973,0.40638712604432925,1.3909535,0.5938283
0.2593378757285566,0.3853823983156164,0.4746157024309973,0.04580223092523636,4.052233,3.5501451
0.5944331685733887,0.3853823983156164,0.4746157024309973,0.04580223092523636,4.2658415,4.4485636
0.5944331685733887,0.7856174185047706,0.4746157024309973,0.04580223092523636,2.7481287,3.09725
0.5944331685733887,0.7856174185047706,0.4329793088631168,0.04580223092523636,2.6108475,3.0817547
0.5944331685733887,0.7856174185047706,0.4329793088631168,0.6276083474406562,3.1831355,3.241891
0.5776789854917544,0.2761587324583701,0.38298392299222955,0.7068046230631921,3.2734504,3.7289822
0.2659457598489313,0.07887098324212127,0.8096957077890851,0.518384178561039,-0.26609465,0.06680609
0.07198002731422538,0.13159600742085464,0.6243364481618058,0.549346007006104,0.22513528,0.82417417
0.49582210990037046,0.8271791608163177,0.13285851089886772,0.7156736954954326,2.5158134,3.6330562
0.34067035587151084,0.8271791608163177,0.13285851089886772,0.7156736954954326,2.3472636,3.5292075
0.34067035587151084,0.32705936717620077,0.13285851089886772,0.7156736954954326,3.133532,4.0212855
0.34067035587151084,0.32705936717620077,0.8208150831443216,0.7156736954954326,1.9440746,3.2970777
0.34067035587151084,0.32705936717620077,0.8208150831443216,0.12551545859807686,3.9345632,3.7281718
-0.0288546955345209,0.3050676518350244,0.6543337851313308,0.6613833735840267,2.4082065,0.8783847
0.1357947569421295,0.7847851892172018,0.39183831807126696,0.48533016936228535,2.86434,1.8418081
0.5118452936883268,0.03890940806822707,0.2544852750669974,0.6211798106090853,0.16377124,4.523655
0.20194698029588032,0.42663437274883,0.4450644437465376,0.6471170772015142,3.7511868,1.9055068
0.23620365327127024,0.42663437274883,0.4450644437465376,0.6471170772015142,3.7197592,1.8819084
0.23620365327127024,0.38550005544126,0.4450644437465376,0.6471170772015142,3.2728662,2.0508547
0.23620365327127024,0.38550005544126,0.20875713350527816,0.6471170772015142,3.2901366,3.0445478
0.23620365327127024,0.38550005544126,0.20875713350527816,0.10984759979086076,4.9541903,3.3918853
-0.04988700726462146,0.5128161864941925,0.05414909621619649,0.5794782812097381,1.7498668,1.9810374
0.6586010968605626,0.06163169990257966,0.3616501294877223,0.6774627738726586,0.28836396,3.88469
0.28807190944101635,0.5112141963271535,0.7411274435381182,0.5545930444124103,2.8362322,1.584349
0.6163536268959625,0.8892918001342873,0.7937204099787464,0.4983251035694387,1.354431,3.1265543
0.6088796039934167,0.8892918001342873,0.7937204099787464,0.4983251035694387,1.354431,3.1265543
0.6088796039934167,0.3389363785819066,0.7937204099787464,0.4983251035694387,2.0231268,3.4456656
0.6088796039934167,0.3389363785819066,0.7744941229982775,0.4983251035694387,1.9425654,3.4682248
0.6088796039934167,0.3389363785819066,0.7744941229982775,0.3092689409897389,2.0803971,3.541931
0.46404624398229133,0.44580287875098135,0.5174530125302107,0.7397338237860254,3.650206,4.016738
0.6590600241000478,0.2528954213609764,0.5375833307422998,0.3514161854553244,2.4045975,3.7708178
0.5328223514046649,0.3079810155690077,0.483210572219856,0.1256952260513806,4.4602423,3.9204872
0.222889978849521,0.3158147564117164,0.36182119545359676,0.6331787436712943,3.3374383,2.1175926
0.1492814852298826,0.3158147564117164,0.36182119545359676,0.6331787436712943,3.270371,1.8801888
0.1492814852298826,0.6926035295714206,0.36182119545359676,0.6331787436712943,2.99146,1.6618718
0.1492814852298826,0.6926035295714206,0.5270275754603077,0.6331787436712943,3.0574849,1.4289043
0.1492814852298826,0.6926035295714206,0.5270275754603077,0.33285565709540066,3.0110605,1.430775
0.5990472019103789,0.3229405634296558,0.13909246805500733,0.5027193347744685,3.1077323,3.9722826
0.5289641908577957,0.13875388571342828,0.7980864838581904,0.5097193617576643,1.3837206,3.4346054
0.4403001100075,0.5270176026052313,0.7800853133546747,0.2621906984460445,3.8224187,3.7180662
0.07391446372822243,0.5322003283318852,0.7382651405612849,0.1552468857953215,4.261334,1.8201085
0.08978192994579261,0.5322003283318852,0.7382651405612849,0.1552468857953215,4.391495,1.8206981
0.08978192994579261,0.18458952777160498,0.7382651405612849,0.1552468857953215,3.4395235,1.645196
0.08978192994579261,0.18458952777160498,0.2923674609108508,0.1552468857953215,3.7015498,2.2981675
0.08978192994579261,0.18458952777160498,0.2923674609108508,0.2356636717445539,3.4899461,2.1107197
0.11274713160972961,0.173208196501085,0.2724727029628617,0.7365194005567588,3.0297208,2.356009
0.6652580226728945,0.9126792126323311,0.27349785027109513,0.0591695278062829,2.1861055,3.8171475
0.19415087660566954,0.12090394734203169,0.16935588495456547,0.06835848707776646,1.6290663,3.2869005
0.15326031023860864,0.4821673828723325,0.07630651641314348,0.46537103115793244,1.925093,2.451393
0.25566002444207225,0.4821673828723325,0.07630651641314348,0.46537103115793244,1.9513514,2.540295
0.25566002444207225,0.20209753887685755,0.07630651641314348,0.46537103115793244,1.4044808,1.9167777
0.25566002444207225,0.20209753887685755,0.7278328169178553,0.46537103115793244,1.5794477,1.1795986
0.25566002444207225,0.20209753887685755,0.7278328169178553,0.6099663649750724,1.5794477,1.1670974
-0.057074614582911395,0.8272509580861032,0.2294540355104723,0.09608347643438006,0.16846618,2.1664848
0.047404918996755044,0.13264715101084912,0.4350412528216547,0.2578214205556115,2.8552408,1.917496
0.2791402512243465,0.24964033998095791,0.5455038630503227,0.18593988741598008,3.0835245,2.5318663
-0.03374085428728689,0.6463146700830595,0.13847182288676843,0.728358201030975,1.9770095,1.342227
0.10468368697043119,0.6463146700830595,0.13847182288676843,0.728358201030975,2.8811693,1.7446299
0.10468368697043119,0.03949417022574675,0.13847182288676843,0.728358201030975,1.0804942,1.1908914
0.10468368697043119,0.03949417022574675,0.6207517401957879,0.728358201030975,0.5049422,0.7699161
0.10468368697043119,0.03949417022574675,0.6207517401957879,0.13491417147154292,1.4800816,1.5541389
0.20903397423157488,0.6672479414515435,0.365401497882714,0.5319503941353574,3.4756672,1.9050407
0.5685207276606262,0.08568850268158323,0.6408321316588442,0.2341119817424406,0.85000527,3.6816974
0.004572571430720887,0.19330644656887808,0.5076952562119111,0.17584722810679307,3.6679225,1.927627
0.5560814984510597,0.7997547863099843,0.6255604101949687,0.3807334003803895,2.4999,3.3601115
0.2266185343828283,0.7997547863099843,0.6255604101949687,0.3807334003803895,2.488873,1.7820257
0.2266185343828283,0.8703435126750372,0.6255604101949687,0.3807334003803895,2.4771562,1.7768
0.2266185343828283,0.8703435126750372,0.03892927263777538,0.3807334003803895,0.63861126,2.061396
0.2266185343828283,0.8703435126750372,0.03892927263777538,0.04503446017398713,0.29872587,3.0230772
0.27209673614146357,0.8160675186143389,0.18568404187640022,0.6939807604399348,2.653362,2.0751333
0.012869633770494895,0.8694094493975437,0.4963794835015904,0.5822860151032145,1.0216843,0.7457097
0.15711641483420802,0.2725851675345634,0.2083984437177663,0.3897680907352026,3.2116387,2.6126306
0.2039527674062528,0.6577964443842252,0.5046368225028662,0.21763656747864243,3.7248192,2.2240982
0.5737302220031849,0.6577964443842252,0.5046368225028662,0.21763656747864243,3.7804055,3.2553203
0.5737302220031849,0.057266974405167925,0.5046368225028662,0.21763656747864243,0.8444688,3.9224517
0.5737302220031849,0.057266974405167925,0.08925741846063887,0.21763656747864243,0.94826686,5.2230935
0.5737302220031849,0.057266974405167925,0.08925741846063887,0.27925167462216294,0.88599914,5.1971254
0.07426886137998813,0.1913004887803913,-0.003188977468917632,0.5907272091832354,1.1210854,0.8401472
-0.03906401967684468,0.4377083256638552,0.5228209354177643,0.2905585169399103,4.0627484,2.0333939
-0.029154895812427792,0.8148935236613979,0.801185182163957,0.0795057881191141,-0.49723887,1.6338327
0.48402523033576605,0.17627693702265157,0.7693694659590612,0.2937615227027628,1.2703795,3.5188568
0.4407135680582449,0.17627693702265157,0.7693694659590612,0.2937615227027628,1.2703795,3.555279
0.4407135680582449,0.7607948509100133,0.7693694659590612,0.2937615227027628,2.3251555,3.107536
0.4407135680582449,0.7607948509100133,0.00941129692213841,0.2937615227027628,0.62203956,5.6785417
0.4407135680582449,0.7607948509100133,0.00941129692213841,0.2634165663326655,0.5463978,5.7823863
0.21316776094471168,0.39014843441232605,0.009576571754444627,0.6055204500490703,1.3703886,1.8600054
0.4661261940748759,0.8789567642933283,0.2861355045008817,0.6139438881835275,2.7499943,3.3222032
0.40295885101025253,0.4388239571780792,0.5930627004674521,0.7102057889256201,3.618196,4.011614
0.24541883521247765,0.2106911156672826,0.45581338157218093,-0.001898788349244309,2.7416668,5.055469
0.4337410832589935,0.2106911156672826,0.45581338157218093,-0.001898788349244309,2.8506289,3.903259
0.4337410832589935,0.6899114331236498,0.45581338157218093,-0.001898788349244309,1.4752924,2.5954401
0.4337410832589935,0.6899114331236498,0.10841564519758365,-0.001898788349244309,0.9764935,5.282018
0.4337410832589935,0.6899114331236498,0.10841564519758365,0.2674182352547909,2.2129805,5.049148
0.0039084492051103675,0.18833396797447755,0.6705782670779147,0.316606817041194,1.5787,0.48195413
0.16099232982922984,0.11653869954825735,0.21514971949179254,0.3795566000320356,-0.14611804,1.3370999
0.23779711079512234,0.8161871475970659,0.49386011605443775,0.65745480157495,3.0019138,1.9359465
0.37793703824343516,0.48608910322437326,0.253717311777287,0.5694997256679528,3.6024268,4.847765
0.18123073883937624,0.48608910322437326,0.253717311777287,0.5694997256679528,3.6736293,2.8960824
0.18123073883937624,0.0006199717898893731,0.253717311777287,0.5694997256679528,0.4577165,1.6339842
0.18123073883937624,0.0006199717898893731,0.5096452292925661,0.5694997256679528,-0.07750534,0.84878576
0.18123073883937624,0.0006199717898893731,0.5096452292925661,0.14251611609814316,1.4439763,1.8201896
0.3256920757177618,0.21962524322865473,0.12731531785765418,0.29682006324329535,1.4533083,1.9424164
0.1525097654933104,0.4672731609347931,0.7967718224584946,0.2802243734935459,3.933789,1.153987
0.3848996945036821,0.3658248734895291,0.4180843655311101,0.013435613241117726,4.347395,4.5077453
0.4535988838956043,0.6502321466934831,0.4492759269267896,0.3343460907556306,3.289254,3.1217551
0.5808345570864096,0.6502321466934831,0.4492759269267896,0.3343460907556306,3.2805755,3.1479845
0.5808345570864096,0.5137752191028118,0.4492759269267896,0.3343460907556306,3.3170555,3.9004314
0.5808345570864096,0.5137752191028118,0.09842305718827263,0.3343460907556306,2.2450757,5.920282
0.5808345570864096,0.5137752191028118,0.09842305718827263,0.6853347716542117,2.545752,5.8962407
0.19085945675567306,0.7489608015655147,0.42574986617951,0.2569135123186399,3.3616502,2.0137954
0.41508122429337535,0.5214355960841743,0.6633900581997944,0.6801032216573368,2.988765,3.6117141
0.32450812075456714,0.5383359428562344,0.505226396094053,0.19870765210700367,4.69823,2.835915
0.5195150877857174,0.0613453271315092,0.22886005128845036,0.3715412033850818,-0.39156199,4.2969565
0.139841864580876,0.5383359428562344,0.505226396094053,0.19870765210700367,4.623345,2.8361206
0.139841864580876,0.04873193628924044,0.505226396094053,0.19870765210700367,1.0864419,1.8039883
0.139841864580876,0.04873193628924044,0.37289049771005794,0.19870765210700367,1.2776222,2.0548337
0.139841864580876,0.04873193628924044,0.37289049771005794,0.353381030952594,-0.4302952,0.9492501
0.26836173382156725,0.5917318051785037,0.8028767390584285,0.267568724045244,1.8605131,0.8866161
0.3369248355611022,0.11371769686883049,0.6517670977917097,0.144526541548565,1.2000006,1.8354783
0.4004627428362123,0.09534108304952982,0.46742159723982984,0.13120874597503016,1.1847568,3.733474
0.6117685144034514,0.17535944809438986,0.39314501797397167,0.030492227555249916,3.4512486,4.2517433
0.02792731815208839,0.17535944809438986,0.39314501797397167,0.030492227555249916,3.742588,3.4686718
0.02792731815208839,0.33213431185822495,0.39314501797397167,0.030492227555249916,4.593711,3.4959102
0.02792731815208839,0.33213431185822495,0.06553371602231364,0.030492227555249916,1.6080543,3.943771
0.02792731815208839,0.33213431185822495,0.06553371602231364,0.03290983050883864,1.6080543,3.943771
-0.07643641234171637,0.43111476582116826,0.04722036477568229,0.5416761037716107,1.6939211,1.988205
-0.0005192494497364558,0.24258820645907608,0.4106793284695129,0.6701691452381837,2.8110774,1.4093944
0.28996219981926064,0.01968764427013525,0.28187171406381845,0.4926910653368992,-0.11448494,1.5993308
-0.041773089505617964,0.893453834583811,0.6283646057025248,0.43566729104421853,0.30437362,0.8174567
0.5838327376620817,0.893453834583811,0.6283646057025248,0.43566729104421853,2.364892,3.3112552
0.5838327376620817,0.43056547132216627,0.6283646057025248,0.43566729104421853,3.1405864,4.0572767
0.5838327376620817,0.43056547132216627,0.7367721171884866,0.43566729104421853,2.9136515,3.8981762
0.5838327376620817,0.43056547132216627,0.7367721171884866,0.04738622581765381,4.9404836,4.482849
0.6373064231966766,0.41599670957427826,0.7883275792055321,0.054146930139179233,4.254544,4.5624223
0.2744598698034709,0.41664037877221993,0.09695466478528561,0.2910396392844845,2.5059755,2.8763378
0.04715314420455509,0.8744422756815657,0.46497346652034593,0.42713788237678685,2.0591404,1.2062912
0.6585070617557168,0.7322941007964028,0.02051529525620391,0.4403635614541628,0.8227966,5.6740522
0.25907116057767243,0.7322941007964028,0.02051529525620391,0.4403635614541628,0.46677452,1.9724934
0.25907116057767243,0.16377814579286865,0.02051529525620391,0.4403635614541628,0.77393794,1.8828628
0.25907116057767243,0.16377814579286865,0.28407038253669276,0.4403635614541628,2.223515,1.9295048
0.25907116057767243,0.16377814579286865,0.28407038253669276,0.35584958181294724,1.6443048,1.8526626
0.03669017762054007,0.3193941376099132,0.7962610431084197,0.4576686191946848,2.0424726,0.50980556
0.3415118091596382,0.0941221705788795,0.44209212176642326,0.530336903941965,-0.19478033,3.5312293
0.5164068774949667,0.8341334998103429,0.23816696948377328,0.49992158921780216,2.8155203,3.8597703
0.2931839839286553,0.25009540984779566,0.10137770789623071,0.0057119232590920645,2.0593626,4.819447
0.27114154985267225,0.25009540984779566,0.10137770789623071,0.0057119232590920645,2.0593626,4.819447
0.27114154985267225,0.10153556139400344,0.10137770789623071,0.0057119232590920645,2.229745,3.8266592
0.27114154985267225,0.10153556139400344,0.517594001465007,0.0057119232590920645,1.8010176,4.035749
0.27114154985267225,0.10153556139400344,0.517594001465007,0.5431803089321754,-0.4767282,0.80487967
-0.04861624990323664,0.4017550184988723,0.60983458614327,0.6914045105362874,3.0351012,1.1509699
0.3491051688726371,0.3263801529165482,0.7325283777328572,0.0376030164299159,4.258009,4.0814757
0.07429288875455188,0.4035619395523833,0.31222932520267616,0.03332033017876765,5.0209994,3.8533545
0.44890644875336194,0.3888807074956895,0.197081410030043,0.40613235285040616,3.2226875,4.866416
0.5776299332382392,0.4035619395523833,0.31222932520267616,0.03332033017876765,4.6566677,4.477116
0.5776299332382392,0.6159222369370916,0.31222932520267616,0.03332033017876765,3.6365519,3.1755126
0.5776299332382392,0.6159222369370916,0.32736103495946883,0.03332033017876765,3.6365519,3.1755126
0.5776299332382392,0.6159222369370916,0.32736103495946883,0.2447263535876871,3.8496745,3.2159915
0.31753034895870147,0.8883107026760131,0.14373573440268253,0.06712019894962748,1.7457484,2.8876262
0.5483856737679699,0.14685378500667623,0.11632248234888812,0.14099032597424352,2.3048112,5.079482
0.45277114759297865,0.14616585957405004,0.0948139233403075,0.1445861148256071,2.2441387,5.308577
0.0006886855197615477,0.4718784687558899,0.4840245861173135,0.10236276786670115,4.8309574,2.3411298
0.4129084897504206,0.4718784687558899,0.4840245861173135,0.10236276786670115,5.048142,4.0013943
0.4129084897504206,0.8293223597935402,0.4840245861173135,0.10236276786670115,2.4299402,3.0487986
0.4129084897504206,0.4718784687558899,0.10759938925836768,0.10236276786670115,2.9112792,5.7769027
0.4129084897504206,0.4718784687558899,0.10759938925836768,0.17488869018626116,3.019315,5.7341924
0.2885393366796837,0.49978591213048684,0.28787069335343046,0.0973009058320464,4.60322,2.8632975
0.2876509986897423,0.23121733342078432,0.6396609738985507,0.5993816046660392,1.5854256,1.2374159
0.38464476976691275,0.5034504235658526,0.36629422525439187,0.626995114208416,3.582295,3.770946
-0.005255447959119239,0.71052121705267,0.08531049712038588,0.37299621188188326,1.3106235,1.226567
-0.03954859593995606,0.71052121705267,0.08531049712038588,0.37299621188188326,1.3106235,1.226567
-0.03954859593995606,0.6372448379135305,0.08531049712038588,0.37299621188188326,1.3244793,1.3093507
-0.03954859593995606,0.6372448379135305,0.20528729565217932,0.37299621188188326,1.9390355,1.4301592
-0.03954859593995606,0.6372448379135305,0.20528729565217932,0.017932620440689082,1.9330947,4.1785893
0.5712940670062475,0.13861365630801714,0.5718701023634386,0.19534721500539828,3.4129817,4.1184087
0.11306388096727006,0.3593508556517384,0.6880792503748946,0.71037889131809,2.7683961,1.3432467
0.3928223491060113,0.7820115057400834,0.6741987615164121,0.3424464204380975,2.5152647,3.038583
0.560020140416651,0.11717037892822058,0.47404255002743273,0.5516230906024155,-0.14776176,3.8255975
0.208531555948689,0.7820115057400834,0.6741987615164121,0.3424464204380975,2.5922174,1.5076044
0.208531555948689,0.5768810623299743,0.6741987615164121,0.3424464204380975,2.6041682,1.3664572
0.208531555948689,0.5768810623299743,0.12559135188541806,0.3424464204380975,2.2746048,2.0589902
0.208531555948689,0.5768810623299743,0.12559135188541806,0.22575549949266713,2.3698204,2.645631
0.38584260574837115,0.04474701942430981,0.38359982687564725,0.4522056680247317,-0.23603533,3.66047
0.3329977967974401,0.0167372807570092,0.2935197690160631,0.6758805230145271,0.28431788,1.1748109
-0.05241625339061527,0.255345953769218,0.34191539938557675,0.48144278623765757,3.2157109,1.5766779
0.2660885636171312,0.1639830173587158,0.7995320168879431,0.714625184623312,1.4141053,0.7112566
0.5985389939858724,0.255345953769218,0.34191539938557675,0.48144278623765757,3.02754,3.7285159
0.5985389939858724,0.5829240129044564,0.34191539938557675,0.48144278623765757,3.5352201,3.3922546
0.5985389939858724,0.5829240129044564,0.5926926514919407,0.48144278623765757,3.5699341,3.32327
0.5985389939858724,0.5829240129044564,0.5926926514919407,0.32513817172053194,3.495243,3.365476
0.21361402139742613,0.8403386975292455,0.22032328780167712,0.5258025850795001,2.7375646,2.2642324
0.1026641180880511,0.9151819776483179,0.7499075152959648,0.5031279015170931,1.3626295,1.0255406
0.1392723145902618,0.7087416843727126,0.6106340219132534,0.7195522061212642,2.5645638,1.0705862
0.3246634461152279,0.7436534519965443,0.45526000408236417,0.24389577087828582,3.187044,1.9649438
0.1648361328657505,0.7436534519965443,0.45526000408236417,0.24389577087828582,3.0047033,1.9605836
0.1648361328657505,0.2115451216143649,0.45526000408236417,0.24389577087828582,3.1612334,1.9896436
0.1648361328657505,0.2115451216143649,0.07020370326010852,0.24389577087828582,1.3447074,2.540731
0.1648361328657505,0.2115451216143649,0.07020370326010852,0.4330320716389622,1.4187317,2.124119
0.44830544113623005,0.4177140442123415,0.7206679473010377,0.4390416815171925,2.8025086,3.530444
0.5343694182516375,0.8924596303356727,0.6374443142008926,0.5409600190650856,2.2427123,3.2217622
0.0050326632337701765,0.6888788705055506,0.08478323936024204,0.3737625190110485,1.3613192,1.2309856
0.45350687500564,0.2353627976507391,0.35215370092857684,0.6841011159285841,2.6277356,3.7493856
0.6364978861843892,0.2353627976507391,0.35215370092857684,0.6841011159285841,2.6179984,3.7849674
0.6364978861843892,0.3797056734657023,0.35215370092857684,0.6841011159285841,3.393895,3.983484
0.6364978861843892,0.3797056734657023,0.49775321601980455,0.6841011159285841,3.3948512,3.993479
0.6364978861843892,0.3797056734657023,0.49775321601980455,0.056440571369783726,4.2982864,4.493269
0.5813770211766168,0.6575900537249852,0.4852336530135752,0.3228487574562422,3.4056633,3.2070866
0.28301587379062576,0.3247500715550129,0.7712443882324503,0.3984777554355823,1.9828751,1.1216366
0.3929209751793511,0.5598710220186995,0.6728114770060322,0.1902961034944006,4.499998,3.8187351
0.4226048391850009,0.7835400359304185,0.29403229431656847,0.25854279719529316,2.9967086,3.2970843
0.47196211438290436,0.7835400359304185,0.29403229431656847,0.25854279719529316,2.9997616,3.275487
0.47196211438290436,0.28090072702966795,0.29403229431656847,0.25854279719529316,4.249803,3.7613988
0.47196211438290436,0.28090072702966795,0.44530422317665014,0.25854279719529316,4.21408,3.732982
0.47196211438290436,0.28090072702966795,0.44530422317665014,0.399382828155872,3.0234158,3.6999345
0.4541621025233157,0.7606607070298042,0.09830467826795211,0.6740603045472326,1.6201817,5.2177696
0.3051909990427085,0.004174269735359282,0.42872876661308096,0.4449105869556895,-0.18911631,0.92655134
0.0864034006411011,0.1921077386636152,0.0262975348319853,0.24266874807545233,0.81596315,2.4613557
0.3346744458755505,0.4424256007557883,0.7594317891183818,0.18284828019932672,4.2496614,1.8926054
0.6359908175193961,0.4424256007557883,0.7594317891183818,0.18284828019932672,4.2979884,3.9391608
0.6359908175193961,0.3965213885879306,0.7594317891183818,0.18284828019932672,3.7323523,3.8051784
0.6359908175193961,0.3965213885879306,0.15745584178970465,0.18284828019932672,4.4676337,4.7328734
0.6359908175193961,0.3965213885879306,0.15745584178970465,0.6957029278631062,3.2687964,4.5925884
0.6346417512396768,0.4954502235104443,0.788642483301368,0.07260556132856519,3.894004,4.167125
0.4770939630733585,0.2920780770585343,0.631888733979347,0.48521850238960695,2.3323054,3.549742
0.22654665273196095,0.32259610384979354,0.1047637663406337,0.6054263837937732,2.4248679,2.319703
0.663307146653693,0.5512518716824246,0.08930992715349398,0.5989645792778333,2.4701717,5.8545856
0.4092379272028387,0.5512518716824246,0.08930992715349398,0.5989645792778333,2.3977196,5.6832414
0.4092379272028387,0.9034675178245122,0.08930992715349398,0.5989645792778333,1.3853048,5.1179867
0.4092379272028387,0.9034675178245122,0.30848932558798386,0.5989645792778333,2.6821272,3.2192974
0.4092379272028387,0.9034675178245122,0.30848932558798386,0.17689917403020058,2.1844475,3.0904791
0.17576190763895327,0.13877796062254522,0.3954836802985619,0.6076874054389414,2.5037596,1.9728323
0.6131202771938761,0.6432077775944096,0.23062055152666386,0.5337628710941686,3.40815,3.5952706
0.5436285027208613,0.27455166996990155,0.1294558433611054,0.00847298848253428,4.466858,5.7324758
0.45881935303574706,0.7657340052334556,0.808003735076582,0.04982509300128865,1.6540817,3.2093146
0.4692926474052931,0.27455166996990155,0.1294558433611054,0.00847298848253428,4.481553,5.62769
0.4692926474052931,0.3166891936647276,0.1294558433611054,0.00847298848253428,4.46306,5.705699
0.4692926474052931,0.3166891936647276,0.3930854209808298,0.00847298848253428,4.2576294,4.0358915
0.4692926474052931,0.3166891936647276,0.3930854209808298,0.4355338402125888,3.1513855,3.7229292
0.4848049467343022,0.609141482080807,0.19425581277076712,0.055703509119950895,3.72885,4.6834636
0.5914486006751803,0.5763699074314483,0.505515827623252,0.14605473866888016,4.169447,3.3312318
0.2665095776274379,0.6002218882395307,0.08858353240095376,0.12114141492937588,2.0228126,2.474072
0.049032047803422865,0.30867930944640065,0.5632532131096378,0.6356454357804431,3.6242297,1.5571915
0.2975028943720234,0.30867930944640065,0.5632532131096378,0.6356454357804431,2.9987051,1.721872
0.2975028943720234,0.48513748593441886,0.5632532131096378,0.6356454357804431,3.4965382,1.8326858
0.2975028943720234,0.48513748593441886,0.719312600721996,0.6356454357804431,2.8194735,1.555606
0.2975028943720234,0.48513748593441886,0.719312600721996,0.21288065797914155,4.1841125,2.4226432
0.24444085561159612,0.16725181432939884,0.36787136589274455,0.26787418424938636,3.1134703,2.2818635
0.2688284150307306,0.868516493936212,0.24725959842965742,0.03853818825555419,2.1266499,2.8560534
0.2141012886564554,0.47030379795420174,0.47744621488129985,0.03240576229741873,4.869,4.4261494
0.2217636927342469,0.16105659909801062,0.6689422635159,0.6257472650847049,1.8548609,1.2355577
0.13779684930389446,0.47030379795420174,0.47744621488129985,0.03240576229741873,4.8501315,4.466497
0.13779684930389446,0.48991431148046116,0.47744621488129985,0.03240576229741873,4.547665,4.466497
0.13779684930389446,0.48991431148046116,-0.0044175236172892774,0.03240576229741873,0.5109215,4.3898435
0.13779684930389446,0.48991431148046116,0.47744621488129985,0.3641262426339793,3.515163,1.8196875
0.5584506218641544,0.5345005657429542,0.6862002763713501,0.7080900329387809,2.8589969,3.704507
0.04886637565577491,0.12293096369612044,0.08837333021031082,0.1593115989095217,1.2317816,2.1635783
0.3736328858464334,0.7101023570442684,0.790311670322103,0.5345593618174256,1.3333375,2.8641453
0.5907860610218628,0.6971171862992014,0.5698679117233153,0.44003261818036066,3.4462848,3.2143245
0.12348376635378745,0.6971171862992014,0.5698679117233153,0.44003261818036066,3.3069022,1.5646771
0.5907860610218628,0.6291070020752865,0.5698679117233153,0.44003261818036066,3.625844,3.1633298
0.5907860610218628,0.6291070020752865,0.4611717723416175,0.44003261818036066,3.5888743,3.1245472
0.5907860610218628,0.6291070020752865,0.4611717723416175,0.12347411183841214,3.771849,3.0838814
0.5838098089420415,0.20400690745508188,0.2964503527349382,0.0004449252831619545,3.190664,3.9737372
0.49009988529986936,0.5546903093891644,0.1901999808155356,0.7052520064522803,3.7274547,4.550563
0.18057573729989607,0.4600694325546124,0.5011171768995152,0.6530172503674869,3.8062298,2.031848
0.3254840636799424,0.6305231598286225,0.4209349841997398,0.2225783217023398,3.4703512,2.1568353
0.44541039968316676,0.6305231598286225,0.4209349841997398,0.2225783217023398,3.6352232,3.131725
0.44541039968316676,0.6700432720413665,0.4209349841997398,0.2225783217023398,3.5193956,3.1694171
0.44541039968316676,0.6700432720413665,0.5516040227283349,0.2225783217023398,3.646671,3.2295516
0.44541039968316676,0.6700432720413665,0.5516040227283349,0.5692372248706228,3.4651515,3.1709123
0.10841459642128205,0.5822766676067568,0.8113315791440655,0.6291730295175917,1.3346752,0.5640793
-0.06886574591903104,0.8028364527958138,0.33210493817047476,0.5931265936421433,0.56229323,1.2349477
0.07464540921876663,0.5988571968489103,0.08094869744318647,0.6785381785329214,2.3090646,1.7876881
0.420965937060393,0.1770882905811928,0.6634463132863883,0.0550319522352076,3.2175825,4.206673
0.17744032726278836,0.1770882905811928,0.6634463132863883,0.0550319522352076,3.3861353,2.9515667
0.17744032726278836,0.8580549292217854,0.6634463132863883,0.0550319522352076,2.391082,2.8104296
0.17744032726278836,0.1770882905811928,0.12657668438200656,0.0550319522352076,2.073682,3.3930907
0.17744032726278836,0.1770882905811928,0.6634463132863883,0.38603747696658175,1.2811515,1.1553667
0.19422374280985866,0.5507596431883024,0.7641755878438582,0.6655199464744399,2.5249715,1.1793197
0.2520338436430941,0.6253586043445591,0.6911500614382521,0.12172845171121335,3.117328,1.9260961
0.369980715225911,0.19522847487005368,0.7056879764571499,0.6041081970630451,1.624511,3.3980393
0.6562893392109593,0.12549772532934345,0.3440893393065129,0.34452046963432537,-0.919961,3.8940554
0.024210977075144094,0.1770882905811928,0.6634463132863883,0.0550319522352076,3.1288228,2.2861943
0.024210977075144094,0.7058677518978507,0.6634463132863883,0.0550319522352076,2.01866,2.3500593
0.024210977075144094,0.1770882905811928,0.434503589130565,0.0550319522352076,3.5251498,2.771023
0.024210977075144094,0.1770882905811928,0.434503589130565,0.033009957357769765,3.7253141,3.4646394
0.17777784088873727,0.014248458574082967,0.024761407776791176,0.5737334234724969,0.070822105,0.9997647
0.6553980199595161,0.24854032551288308,0.24071074507892867,0.6238725038569228,2.403382,4.3681927
0.24821549745804716,0.6519241028058409,0.2889514914522348,0.0567155167990627,3.1448739,3.2079065
0.3429043251913083,0.29185663027860853,0.648812175290144,0.4152191644872545,2.3571813,3.4756167
0.3595228903198241,0.1770882905811928,0.434503589130565,0.033009957357769765,3.4161582,4.1514287
0.3595228903198241,0.35117585666788065,0.434503589130565,0.033009957357769765,4.2468405,4.2671447
0.3595228903198241,0.35117585666788065,0.6614007371664824,0.033009957357769765,4.4304295,4.170722
0.3595228903198241,0.35117585666788065,0.6614007371664824,0.6106591694904289,2.3457649,3.489454
0.5921119125667204,0.00048353225541886147,0.27361020955004495,0.07319801847580007,1.3809441,4.5820913
0.4608827408790944,0.2979000777830745,0.7616238551481919,0.007646137296177333,3.7521322,4.234183
0.10913434956441827,0.4374758387466007,0.2187227055448017,0.5556971906942643,3.6809602,2.5334346
0.6378539006788043,0.13437429165532455,0.520288529587606,0.5787059810720088,1.0166299,3.8408396
0.21252422298769813,0.4374758387466007,0.2187227055448017,0.5556971906942643,3.7503846,2.738719
0.21252422298769813,0.855270448989514,0.2187227055448017,0.5556971906942643,2.7375646,2.2642324
0.21252422298769813,0.4374758387466007,0.07143374865277777,0.5556971906942643,2.044547,2.556421
0.21252422298769813,0.4374758387466007,0.2187227055448017,0.5203130366527127,3.7503846,2.738719
0.6093784431312655,0.08117571476953245,0.6460836687698136,0.49308266333317263,-0.48885337,3.5891871
0.5787474163844678,0.7032215696746142,0.4219414877047302,0.01693748546692928,2.8524733,3.141431
-0.0008892166719455113,0.505475070419199,0.3207920945172104,0.1631158940018018,4.228362,2.8491673
0.05197098845741323,0.02380537749211209,0.5853343283718354,0.5408178509773904,0.49525476,0.8127709
0.15124988832025765,0.505475070419199,0.3207920945172104,0.1631158940018018,4.691502,2.790801
0.15124988832025765,0.48561108609658854,0.3207920945172104,0.1631158940018018,4.682432,2.7865357
0.15124988832025765,0.48561108609658854,0.5332840490539307,0.1631158940018018,4.638863,2.5384395
0.15124988832025765,0.48561108609658854,0.5332840490539307,0.09951946494232541,4.5861745,2.5621433
0.166381229088031,0.562615240705397,0.2082852110802679,0.6161688260200471,3.587419,2.2887695
0.20593524429581433,0.8663947728378218,0.34615831876852304,0.4397647015281514,2.8573763,2.0356963
0.07555304564241751,0.19105721319925362,0.04174328249259355,0.45096892758169815,1.4886154,2.0953767
0.08537349437089937,0.9174847787254343,0.10642452496013224,0.46352129937141484,1.1644005,1.8044213
0.3895650354412378,0.48561108609658854,0.5332840490539307,0.09951946494232541,4.7565045,3.8592775
0.3895650354412378,0.6857959199842636,0.5332840490539307,0.09951946494232541,3.2276902,3.0339272
0.3895650354412378,0.48561108609658854,0.08392466366280607,0.09951946494232541,2.415891,6.167481
0.3895650354412378,0.48561108609658854,0.5332840490539307,0.6383969914556822,3.507987,3.7414963
0.39265461979570826,0.6769390000917994,0.1699598004683293,0.44463332770173025,3.0290122,3.4534562
0.19044914433545024,0.8063855539744944,0.7738404617072984,0.34473700878325886,1.913823,1.3497983
0.6171409683776355,0.6146352345214092,0.26059920459424285,0.521249664575123,3.5217028,3.7601705
0.37949072740656364,0.33816950524899037,0.09192160692146958,0.13516642412228205,2.228167,5.355776
0.5352146678238715,0.48561108609658854,0.5332840490539307,0.09951946494232541,4.7449837,3.9484289
0.5352146678238715,0.772612727203156,0.5332840490539307,0.09951946494232541,3.0898051,3.1955853
0.5352146678238715,0.48561108609658854,0.8234174642075728,0.09951946494232541,3.8822913,3.928798
0.5352146678238715,0.48561108609658854,0.5332840490539307,0.38595628394326553,3.2989097,3.8684263
0.6232176461524789,0.31452148015844106,0.6153306365112593,0.5227041844177158,2.6545694,3.3393855
0.5456590603654389,0.04493045143546892,0.45245461054527375,0.5396360624521854,-0.14776176,3.8032472
0.014125826996928784,0.8220543193048586,0.6620289818107915,0.03631741451847145,0.30761617,2.3074384
0.5850826311479692,0.3377490572960853,0.13817443425618495,0.5139602858776406,3.1077323,3.9722826
0.29493577867490683,0.48561108609658854,0.5332840490539307,0.09951946494232541,4.597727,2.6083257
0.29493577867490683,0.12714253434351575,0.5332840490539307,0.09951946494232541,1.1247633,1.8395452
0.29493577867490683,0.48561108609658854,0.6115953151892047,0.09951946494232541,4.7652316,1.8625323
0.29493577867490683,0.48561108609658854,0.6115953151892047,0.4436361454843549,3.2459612,1.4747987
-0.00998034481184816,0.4221587503416169,0.6037438123824911,0.5721190421683424,3.3613093,1.3505427
0.4515392883719419,0.3223440113990206,0.6758614582042951,0.06797987340159747,4.3044963,4.1992235
0.6518818643518908,0.14352628286366853,0.40660103929432884,0.5543391231211245,2.2579231,3.8884628
-0.07594428665135365,0.09178525161635287,0.7412987741198162,0.001668407095930722,1.5271137,2.7328398
0.35217637849440575,0.3223440113990206,0.6758614582042951,0.06797987340159747,4.332607,3.983947
0.35217637849440575,0.8885524171693504,0.6758614582042951,0.06797987340159747,2.2164047,3.074889
0.35217637849440575,0.3223440113990206,0.4906228884217256,0.06797987340159747,4.2914133,4.012379
0.35217637849440575,0.3223440113990206,0.4906228884217256,0.033339262307894274,4.389468,4.270198
0.18775554111524417,0.6149251962539286,0.30991445246418875,0.5616565019347775,3.495796,1.8569505
0.43372046470289727,0.830964587841668,0.03214577819793877,0.09127463599129368,0.48325518,5.867507
0.16278513981931375,0.27708777111881444,0.6223442187135552,0.4587530610939581,2.7537982,1.7082198
0.05219818612686623,0.12041199556754778,0.29700358797715504,0.467419050328278,0.5054768,1.0947998
-0.03868175758652158,0.3223440113990206,0.4906228884217256,0.033339262307894274,4.534162,2.8245606
-0.03868175758652158,0.8008835554994769,0.4906228884217256,0.033339262307894274,-0.39299932,1.7929329
-0.03868175758652158,0.3223440113990206,0.18274903935110656,0.033339262307894274,5.0925307,3.5131023
-0.03868175758652158,0.3223440113990206,0.18274903935110656,0.5490216038410267,2.9625826,1.9414073
0.0624357301839228,0.7225599584674565,0.8057393145707924,0.28797832406176127,1.30635,0.4343497
0.4305606739692168,0.5238968212009878,0.3522541449419289,0.3410246170818034,3.2860897,3.913067
0.22369607540775938,0.6760757214436115,0.501202197473645,0.11266102726304081,3.6691363,2.0578136
0.0692270101364031,0.37835737573213635,0.32866347222034425,0.5819667404225548,3.5803168,2.0174901
0.4654534602686077,0.3223440113990206,0.18274903935110656,0.033339262307894274,5.0505843,5.51136
0.4654534602686077,0.12625670527599198,0.18274903935110656,0.033339262307894274,2.167081,5.4470186
0.4654534602686077,0.3223440113990206,0.08846701745086075,0.033339262307894274,2.1646745,6.1369505
0.4654534602686077,0.3223440113990206,0.18274903935110656,0.5378590604036972,3.2583303,3.9997275
0.6236004920071209,0.5085472299488045,0.4571755917073767,0.3948303995726299,3.6623724,3.8935022
0.17731107629157694,0.791433787695536,0.32659144289322745,0.031860574162159566,1.8341334,2.762744
0.23738116589117142,0.5206017724483027,0.7689530229864986,0.28997242378085275,3.4742334,1.5514067
0.4834423606408996,0.8786212345269915,0.42350047938971386,0.3341228819734354,2.7280433,3.2419016
0.41960888097418414,0.3223440113990206,0.18274903935110656,0.033339262307894274,5.085044,5.337227
0.41960888097418414,0.23229567164137688,0.18274903935110656,0.033339262307894274,3.7713916,5.277355
0.41960888097418414,0.3223440113990206,0.6066830855172881,0.033339262307894274,4.5200863,3.9893808
0.41960888097418414,0.3223440113990206,0.18274903935110656,0.2918035400999308,4.28701,4.2287207
-0.03449787815526882,0.6790835255337071,0.3032121901793822,0.17926946876731262,1.98481,1.8482474
0.25818570890226067,0.3938937736688053,0.769145553621493,0.4430049149558535,2.0215337,1.2744211
0.6493800046998272,0.5405212279482519,0.0017536536961157189,0.15609289137718815,1.2245055,6.3861914
0.5823893319346994,0.025872237015577948,0.2154742495753145,0.07943735055601661,1.3599716,5.1044393
0.5356478998773647,0.3223440113990206,0.18274903935110656,0.033339262307894274,5.0389595,5.528961
0.5356478998773647,0.2549573235258853,0.18274903935110656,0.033339262307894274,5.0669065,5.4908257
0.5356478998773647,0.2549573235258853,0.30502991791868345,0.033339262307894274,4.404317,4.300469
0.5356478998773647,0.2549573235258853,0.18274903935110656,0.6209252142378787,3.1577759,3.9963112
0.5990334511502186,0.0645799498726376,0.7430846973023003,0.45619521801915397,-0.44853267,3.5742264
-0.008960136937405813,0.7732131319813806,0.23810217459050778,0.7058432641642796,1.1388423,1.4484445
0.06076866831315221,0.4460718839833375,0.6832254822985745,0.6389018062469098,2.9187367,1.3662117
0.3591744040672623,0.3300882720647702,0.603554380985534,0.11433986680000527,4.5830464,4.018359
0.1419270545565331,0.3300882720647702,0.603554380985534,0.11433986680000527,4.7167077,2.4154475
0.1419270545565331,0.34324162598508634,0.603554380985534,0.11433986680000527,4.7167077,2.4154475
0.1419270545565331,0.34324162598508634,0.6641599046923646,0.11433986680000527,4.666736,2.239205
0.1419270545565331,0.34324162598508634,0.6641599046923646,0.3835961612123562,2.2341053,1.309354
0.2027708947165069,0.47331630658834545,0.6199728079129517,0.09480312749060002,5.1232896,2.4590108
0.247448884034423,0.8325055270922612,0.08972700451313145,0.6734196137849651,1.338106,2.0489545
-0.07687009247431119,0.5100005412363124,0.10971447244123747,0.6865919230501234,2.1448314,1.9923509
0.1402162356554023,0.5725320003695926,0.3386499492430843,0.3664981460290839,3.174397,1.6073334
0.05156371736243161,0.47331630658834545,0.6199728079129517,0.09480312749060002,4.4397397,1.7817638
0.2027708947165069,0.48141025954133587,0.6199728079129517,0.09480312749060002,4.9136796,2.455506
0.2027708947165069,0.48141025954133587,0.5905186014391942,0.09480312749060002,4.822709,2.706757
0.2027708947165069,0.48141025954133587,0.5905186014391942,0.25675957499416313,4.793368,2.469225
-0.029137319151220628,0.858460058183288,0.1919081592188995,0.4196344303281059,0.8047407,1.3957217
0.3899062666566636,0.8755185678438053,0.3573302962080253,0.6681205425037966,2.6342542,3.1029565
0.5451546351468958,0.3935906290646738,0.3200876143607742,0.2737232841284829,4.2003484,4.0412765
0.4697912434887749,0.2706564970585874,0.7121985699228744,0.40658858273879517,2.3650987,3.523182
0.2515970713234602,0.48141025954133587,0.5905186014391942,0.25675957499416313,4.7206626,2.4284093
0.2515970713234602,0.48678355937097706,0.5905186014391942,0.25675957499416313,4.7206626,2.4284093
0.2515970713234602,0.48678355937097706,0.6085962062091256,0.25675957499416313,4.663009,2.2144318
0.2515970713234602,0.48678355937097706,0.6085962062091256,0.613330075791243,3.2859094,1.8135364
0.43187671414517215,0.9063915328301246,0.003063283785873426,0.4694280612226649,-0.53917664,5.596998
0.5323521065588906,0.6996418584977571,0.006482801681350213,0.2596876959161918,1.0219685,6.17237
0.4269868011709387,0.2789012870396155,0.5753419223845019,0.23293491631132565,4.2773094,3.92591
0.17985538366462694,0.5411164568703,0.21861681168056615,0.4982779245955804,3.6616657,2.6958222
0.2557465632585384,0.48678355937097706,0.6085962062091256,0.25675957499416313,4.663009,2.2144318
0.2557465632585384,0.4199218187245157,0.6085962062091256,0.25675957499416313,4.6866584,2.410677
0.2557465632585384,0.4199218187245157,0.4114889445601663,0.25675957499416313,4.8452735,2.8196063
0.2557465632585384,0.4199218187245157,0.4114889445601663,0.34423997528392647,3.2842772,2.3255608
0.06839083261384062,0.26458701283921515,0.7115821802791461,0.6490603849726035,2.7092755,1.353102
0.37559300014587127,0.19857364109084674,0.7746698593805917,0.6663904690555178,1.3140436,3.3462467
0.28007153083451264,0.7184966399889436,0.5893714769320478,0.5797480830295001,3.2910974,1.6349401
0.16249846045518412,0.711272840326755,0.13992399506853417,0.3718163334067306,2.746687,1.7157149
0.2898573575170932,0.4199218187245157,0.4114889445601663,0.25675957499416313,4.8452735,2.8196063
0.2898573575170932,0.9098397142350234,0.4114889445601663,0.25675957499416313,2.3868904,2.088579
0.2898573575170932,0.4199218187245157,0.10000878834955343,0.25675957499416313,2.5256908,3.1617608
0.2898573575170932,0.4199218187245157,0.4114889445601663,0.23824218469113487,4.719515,2.8645625
0.1533614946676528,0.07749926565949083,0.38003674665349324,0.27748478803619747,1.0660156,1.7731172
0.5063626907415041,0.03421317779685262,0.3106875939722737,0.24456596154264784,0.92021,3.8108933
-0.07089775504352157,0.2837692596983774,0.10367106915299953,0.5465607635607022,1.8885002,1.942479
0.6450230056793523,0.401446009632791,0.7300063552720472,0.6691790833101408,2.5504794,3.8001077
0.2924628878235348,0.4199218187245157,0.4114889445601663,0.23824218469113487,4.719515,2.8645625
0.2924628878235348,0.5148521103897297,0.4114889445601663,0.23824218469113487,4.525749,2.6903005
0.2924628878235348,0.5148521103897297,0.3031664638320563,0.23824218469113487,4.4919147,2.754567
0.2924628878235348,0.5148521103897297,0.3031664638320563,0.6338748052932495,3.585426,2.2013135
0.27981040972573934,0.40777247538732997,0.6716175348204415,0.03466879664719255,4.5011373,3.5459723
0.37191749125673945,0.4956794428117859,0.647624637757099,0.37905076064495447,2.7347422,3.6571856
0.2899828792943778,0.32541533742091255,0.7732045482368813,0.15512917506396914,3.7915716,1.6406941
0.6209074355162126,0.6654093006311945,0.5649520948498797,0.5322447823835788,3.5950954,3.186025
-0.0470065027925478,0.40777247538732997,0.6716175348204415,0.03466879664719255,4.2974,2.6018043
-0.0470065027925478,0.20146016288323176,0.6716175348204415,0.03466879664719255,3.3152924,2.5381873
-0.0470065027925478,0.40777247538732997,0.6286431264158406,0.03466879664719255,4.464806,2.4783516
-0.0470065027925478,0.40777247538732997,0.6286431264158406,0.5640409215303848,2.7475188,1.1290274
0.18693895966785024,0.19794101627246308,0.29280696113795907,0.6876674773835667,2.9323366,1.9404649
0.0999748660573604,0.4401796835673899,0.3243853193211987,0.024838686239498007,4.9026017,4.640915
0.15519482458797362,0.08260963740568661,0.24299705180594114,0.3273554794802678,0.23527566,1.4370271
-0.07901800249608924,0.15989012853231932,0.583722877595631,0.0077407895501550895,3.3050528,3.3871164
0.15324777366404796,0.4401796835673899,0.3243853193211987,0.024838686239498007,4.935568,4.787186
0.15324777366404796,0.5778496359563392,0.3243853193211987,0.024838686239498007,3.3676932,4.7602158
0.15324777366404796,0.4401796835673899,0.6083345972423121,0.024838686239498007,4.9061265,4.1514325
0.15324777366404796,0.4401796835673899,0.6083345972423121,0.6757992165961753,3.4734414,1.590288
0.12266386880851944,0.8492616069817509,0.0437498942213063,0.5092769385168339,0.46839765,1.8916223
0.6104900865053998,0.6691494733345831,0.38665467262351866,0.6156476639217594,3.3589313,3.1336458
0.5624122033990445,0.5768288867983626,0.41449859207080125,0.6982320407213862,3.6496332,3.2780788
0.16827679864871714,0.5477528105869927,0.21271114836706265,0.13170214840934233,5.24295,3.2923136
0.3165563398702148,0.5477528105869927,0.21271114836706265,0.13170214840934233,5.2776327,3.3141532
0.3165563398702148,0.6490120247629854,0.21271114836706265,0.13170214840934233,3.353345,2.4327772
0.3165563398702148,0.5477528105869927,0.04795281876160066,0.13170214840934233,1.8056885,3.1306455
0.3165563398702148,0.5477528105869927,0.21271114836706265,0.25454529228212763,4.9417067,3.2274091
0.5912270326952459,0.28740237936997115,0.04776743042427426,0.2829264769089832,1.4109336,5.581192
-0.061092031723853565,0.33715136221425857,0.680792550393209,0.09406988146829673,4.2026267,2.0313942
0.030934197204727357,0.8947181363096433,0.4017783126506704,0.1651051683354758,1.1223192,1.3270867
0.6423723338026693,0.4620167457833424,0.17765806428033928,0.12639121197371492,5.0290365,4.83761
0.635837308203591,0.4620167457833424,0.17765806428033928,0.12639121197371492,5.0290365,4.83761
0.635837308203591,0.06013708835866449,0.17765806428033928,0.12639121197371492,1.4250625,4.125839
0.635837308203591,0.4620167457833424,0.04598360074895239,0.12639121197371492,1.9249396,6.3625064
0.635837308203591,0.4620167457833424,0.17765806428033928,0.7022456385663141,3.6898837,4.5783157
0.6591383069133144,0.7276519163728885,0.23877950843273812,0.5353686454441835,3.1502645,3.617594
0.5434966846325003,0.4240443577825488,0.33836200269431765,0.04772389351081327,5.0345364,4.525537
0.33317340728579337,0.49593342365279325,0.04381427141340436,0.6667554787079304,1.7601335,2.4968722
0.13628790246158007,0.11484970445637188,0.05779202309640522,0.27613378590007187,0.9862801,2.034845
0.516687853238763,0.4240443577825488,0.33836200269431765,0.04772389351081327,5.048713,4.5023084
0.516687853238763,0.33029228268765554,0.33836200269431765,0.04772389351081327,4.2713146,4.256917
0.516687853238763,0.4240443577825488,0.32216971679014733,0.04772389351081327,5.048713,4.5023084
0.516687853238763,0.4240443577825488,0.32216971679014733,0.21558348825964654,4.9040036,4.2548027
0.6004216090740767,0.8483718848876585,0.17730481449236493,0.2573369650598032,2.4362898,3.6076899
0.04151940089121621,0.7710687098433291,0.41654151197794004,0.3448708346694289,2.3282573,0.99702394
0.5481882102459671,0.34489081234173335,0.7049170647301864,0.6232252940909682,2.3734117,3.5171394
0.5136080701782145,0.7879055088122429,0.6034516778171274,0.5125541097323598,2.8674905,3.2902925
0.21948111655079294,0.4240443577825488,0.32216971679014733,0.21558348825964654,4.8917665,3.1583118
0.21948111655079294,0.259118795124865,0.32216971679014733,0.21558348825964654,4.2624083,2.6955645
0.21948111655079294,0.4240443577825488,0.0742683662413536,0.21558348825964654,1.8988345,3.3483846
0.21948111655079294,0.4240443577825488,0.32216971679014733,0.34897086335881866,3.4258304,2.33282
0.22368745795760858,0.38612215304425224,0.7808771910410676,0.40661737901229955,2.2127693,1.3007385
0.4257473428193589,0.5439916350404674,0.00985393140860583,0.34213528681171823,1.3225148,5.972687
0.45085724136173233,0.7987252981094874,0.0541995451105323,0.20895318720049258,0.94358134,5.601715
0.6168293654591969,0.7068663510780984,0.41716326582363944,0.3046505195914655,3.1936848,3.1997805
-0.03414642291555513,0.4240443577825488,0.32216971679014733,0.21558348825964654,4.6700153,3.1061165
0.21948111655079294,0.08283485460702789,0.32216971679014733,0.21558348825964654,1.2728469,2.2313645
0.21948111655079294,0.4240443577825488,0.45761104593763763,0.21558348825964654,4.9094505,2.9847994
0.21948111655079294,0.4240443577825488,0.45761104593763763,0.631250036912693,3.7715752,2.0861366
0.12142215415159176,0.03638946940501775,0.28286311976884754,0.5254785950758567,0.4662552,1.5192084
-0.023816443440038623,0.7130955634584977,0.39590599268898824,0.03765176978670223,1.5334558,2.3715339
0.1555896842271297,0.24743341325889734,0.35370640542998893,0.6083618658490693,2.46988,1.91864
0.6334462822054697,0.6658856527290871,0.2386658537130896,0.38438871656725837,3.2186818,3.5928562
-0.07559931926701711,0.4240443577825488,0.45761104593763763,0.21558348825964654,4.6971226,2.9275165
-0.07559931926701711,0.5568242023943086,0.45761104593763763,0.21558348825964654,3.7196043,2.5039968
-0.07559931926701711,0.4240443577825488,0.764041914893084,0.21558348825964654,3.6038246,1.6913531
-0.07559931926701711,0.4240443577825488,0.45761104593763763,0.12171666074806706,4.9615693,2.7693276
0.4846464738069899,0.5542316779635255,0.25710088720654894,0.055280159952999924,4.961074,5.563952
0.6107217387167471,0.3686309981436571,0.6140873861109445,0.7396857110551132,2.8148704,3.5282695
0.6110210562797241,0.33989988768988777,0.23296902776443176,0.20918752299075646,4.6521955,4.5556602
0.19115910109751322,0.40054149270145745,0.09258820642268831,0.717281864048644,2.3221693,2.8918328
0.04391070577905677,0.5542316779635255,0.25710088720654894,0.055280159952999924,4.3880987,3.7219532
0.4846464738069899,0.7393003079817291,0.25710088720654894,0.055280159952999924,3.0564096,4.150515
0.4846464738069899,0.5542316779635255,0.7648585968045708,0.055280159952999924,3.5413852,4.190786
0.4846464738069899,0.5542316779635255,0.25710088720654894,0.6153339131081452,3.795973,4.845555
-0.022809731706107658,0.6333720239455065,0.3866593226619561,0.14321561550112347,2.0643003,1.7273515
0.6119729582111405,0.6361161751203164,0.22561860737337627,0.722380398634737,3.3498223,3.5970168
0.23414881444277114,0.7128508957933501,0.13437788491906658,0.24003121698174465,2.8041868,2.2723677
0.25373729574388604,0.6898252899699129,0.6947510775439082,0.1748893487801446,2.799965,1.7840554
0.19944436038145852,0.5542316779635255,0.25710088720654894,0.055280159952999924,4.799185,4.1078944
0.19944436038145852,0.8060267860448453,0.25710088720654894,0.055280159952999924,2.1596603,3.0295954
0.19944436038145852,0.5542316779635255,0.07071636178894539,0.055280159952999924,1.809083,4.0516286
0.19944436038145852,0.5542316779635255,0.25710088720654894,0.03191466996441858,4.8042936,4.8050213
0.24805465528888593,0.49221357841653424,0.4607908720301714,0.7170622313865707,3.6663573,1.9398156
0.06060625126013498,0.7311342898341917,0.44041601359744703,0.12596458253480589,2.2795973,1.3087269
-0.07492243045286782,0.7374890664249394,0.46466946617468746,0.4374244461198664,1.7192858,0.84765023
0.43138686218863553,0.037635055081487234,0.7742660654209733,0.27787181927293503,0.634706,3.5584886
0.03148894433764772,0.5542316779635255,0.25710088720654894,0.03191466996441858,4.422692,4.713204
0.19944436038145852,0.4855137742474551,0.25710088720654894,0.03191466996441858,5.243164,4.840758
0.19944436038145852,0.4855137742474551,0.1572836366060292,0.03191466996441858,4.5833817,4.8863597
0.19944436038145852,0.4855137742474551,0.25710088720654894,0.11181101623366271,5.3701224,3.6478512
0.19944436038145852,0.4855137742474551,0.25710088720654894,0.11181101623366271,5.3701224,3.6478512
0.1994443703814585,0.4855137742474551,0.25710088720654894,0.11181101623366271,5.3701224,3.6478512
0.19944436038145852,0.4855137842474551,0.25710088720654894,0.11181101623366271,5.3701224,3.6478512
0.19944436038145852,0.4855137742474551,0.25710089720654894,0.11181101623366271,5.3701224,3.6478512
0.19944436038145852,0.4855137742474551,0.25710088720654894,0.11181102623366271,5.3701224,3.6478512
0.4316309655714238,0.5771676503057561,0.47482073154725185,0.19172630917586983,3.995882,3.4061458
0.25747277590233464,0.5336321311111529,0.7096809448775535,0.44989673690797716,2.9819648,1.6355019
0.5587433575274642,0.7711030529094121,0.7172549151906183,0.14532485953075988,2.633941,3.1436067
0.6636759378405191,0.7738395234468873,0.08145820817875818,0.7419060440066225,1.4990627,5.2788754
0.20635461281973477,0.4855137742474551,0.25710088720654894,0.11181101623366271,5.3701224,3.6478512
0.20635461281973477,0.7880435217048363,0.25710088720654894,0.11181101623366271,2.2299137,2.7178566
0.20635461281973477,0.4855137742474551,0.27497465193379783,0.11181101623366271,5.290197,3.3860798
0.20635461281973477,0.4855137742474551,0.27497465193379783,0.06381810290644549,5.193132,4.1513596
0.4796764660880345,0.37596022988135935,0.07218039294152714,0.6963390597141377,2.1068206,5.6567283
0.47507184912314615,0.7639954458602078,0.7969896803186448,0.34018627925213707,1.4706513,2.9934192
0.48893938604135945,0.11474607063093467,0.4490652149210845,0.1998881025930039,0.97730666,3.875821
0.53604662913868,0.038889245216721324,0.46443809086408677,0.35095934288428765,-0.91010183,3.8205533
0.26123923084602796,0.4855137742474551,0.27497465193379783,0.06381810290644549,5.145679,4.114431
0.26123923084602796,0.2469396010567313,0.27497465193379783,0.06381810290644549,3.4764667,3.734337
0.26123923084602796,0.4855137742474551,0.7037339453616726,0.06381810290644549,4.497863,3.6059444
0.26123923084602796,0.4855137742474551,0.27497465193379783,0.01705274333415827,5.179991,4.8915687
-0.03918158293086048,0.5103931668478849,0.04512724506925673,0.10908230602056787,1.8296723,3.3331404
-0.0207812891107607,0.006604881317215039,0.4364705933652941,0.1326144392549615,1.7653687,2.0050554
0.5874806339402848,0.3824652408964626,0.3370519237893194,0.28417521087437336,4.0989575,4.0604997
0.11331641579763597,0.8837491456699356,0.3367032386886483,0.5120565760236602,2.3003922,1.6648214
-0.07663867966612724,0.4855137742474551,0.27497465193379783,0.01705274333415827,4.728844,4.6741815
0.26123923084602796,0.3053210742714154,0.27497465193379783,0.01705274333415827,5.1812353,4.366834
0.26123923084602796,0.3053210742714154,0.43553076068836466,0.01705274333415827,4.2363925,4.2302365
0.26123923084602796,0.3053210742714154,0.27497465193379783,0.6184589044417521,3.0692348,2.6430929
0.6598018299392839,0.34120514673635416,0.11523870021728025,0.4171739105242551,2.2915998,4.84263
0.1672889922770363,0.4620126174535786,0.4453191274011416,0.5217009617129342,3.7287295,1.8359783
-0.029713799320885012,0.17889085145991057,0.5300375035549946,0.048369619913461975,3.661564,2.5647492
0.36215893669673827,0.3730566395727384,0.14903410626581196,0.2644333774759815,4.2314095,4.7342596
0.2663848198343338,0.3053210742714154,0.27497465193379783,0.01705274333415827,5.1812353,4.366834
0.2663848198343338,0.2910470056851078,0.27497465193379783,0.01705274333415827,5.1812353,4.366834
0.2663848198343338,0.2910470056851078,0.18279011723757224,0.01705274333415827,4.958208,4.247745
0.2663848198343338,0.2910470056851078,0.18279011723757224,0.20141238064541508,4.5786796,2.8025563
0.014292349988294664,0.0943765157805716,0.5661982313782,0.6836460421170472,0.954728,0.4718443
0.1371995595528076,0.594587499653108,0.21815232847188507,0.7090809215600267,3.32695,2.0892394
0.5792422818427313,0.7734386711358723,0.01754768945759758,0.3738133676307491,0.5643367,5.6561723
0.313566511260705,0.40033945628344547,0.4512773087059831,0.4171754064855797,3.0698845,1.97496
0.40257881269895857,0.2910470056851078,0.18279011723757224,0.01705274333415827,5.110276,5.5630937
0.40257881269895857,0.09668016943842694,0.18279011723757224,0.01705274333415827,2.146363,5.5139966
0.40257881269895857,0.2910470056851078,0.28901593925046226,0.01705274333415827,4.4510574,4.3364973
0.40257881269895857,0.2910470056851078,0.18279011723757224,0.13583967900944313,4.910242,4.3247256
0.6139033803896891,0.20188724930280166,0.7731339232267168,0.10115544215639713,2.7193656,3.8930218
-0.023467882541634885,0.2885196459637287,0.6144275457052942,0.462241751440164,2.978829,0.7997576
0.26696433652605644,0.6469307491084235,0.6611243400651702,0.26253902675586005,3.4538348,1.6647954
-0.0042192166083213495,0.02330117750403282,0.48233451537421995,0.1816978478148101,1.7376173,2.1582477
0.1259013762075717,0.2910470056851078,0.18279011723757224,0.13583967900944313,4.894333,2.9982386
0.1259013762075717,0.21806539468890218,0.18279011723757224,0.13583967900944313,3.6184847,2.8221638
0.1259013762075717,0.2910470056851078,0.45574849742847595,0.13583967900944313,4.6088185,2.5097013
0.1259013762075717,0.2910470056851078,0.18279011723757224,0.621397084977751,3.384277,2.511635
0.4716176323158786,0.310765435154412,0.0882188297004606,0.3620390594049141,2.021299,5.055177
0.5302345470323929,0.2176845611996594,0.7060862062547048,0.22988968212441915,2.831098,3.653441
0.31325114528442055,0.6045986718080747,0.6534713934809896,0.46797869609457976,2.732611,1.4083285
0.6209696453695349,0.36842146569560796,0.7531124568711504,0.39745495805722086,2.027966,3.6585653
0.656982224515864,0.2910470056851078,0.18279011723757224,0.13583967900944313,4.9336624,4.3407264
0.656982224515864,0.35315240408199733,0.18279011723757224,0.13583967900944313,5.0002165,4.7719646
0.656982224515864,0.35315240408199733,0.06058466593262183,0.13583967900944313,1.798072,5.9637527
0.656982224515864,0.35315240408199733,0.18279011723757224,0.23329862910604857,4.6309295,4.738282
0.5105813115593832,0.21746128538370302,0.6623426063891674,0.0020398112926613733,3.2096655,4.2393956
0.6018613995665484,0.1709203191116324,0.605307596980467,0.6956748604196896,2.6337938,3.8203824
0.34257895644124725,0.03441514796194367,0.6843111053380085,0.0906787122671737,1.1942769,3.8040864
-0.015586596870891353,0.8337531020204993,0.3567866280498552,0.15780097276903857,0.10136066,1.6165693
0.4773458398867513,0.35315240408199733,0.18279011723757224,0.13583967900944313,4.9860883,4.767706
0.4773458398867513,0.8991021684995197,0.18279011723757224,0.13583967900944313,2.2661414,3.6724517
0.4773458398867513,0.35315240408199733,0.4559656965773113,0.13583967900944313,4.4914374,4.0490193
0.4773458398867513,0.35315240408199733,0.18279011723757224,0.0923518853274636,4.810919,4.8589296
0.010423195803313759,0.5719582554344607,0.17512482329093473,0.19068781133345777,2.568222,2.3216593
0.38816693724248663,0.13683530679248523,0.37901391101656084,0.7183754615651701,2.5728273,3.7243922
0.31089222062342825,0.7740619448103185,0.41555213561849497,0.5722833160174474,3.1227527,1.7482375
0.5293029748128301,0.8027165582469613,0.7302587139456861,0.0884401805098278,2.1770108,3.318154
0.6542549450347802,0.35315240408199733,0.18279011723757224,0.0923518853274636,4.818312,4.863188
0.6542549450347802,0.7340381087058168,0.18279011723757224,0.0923518853274636,3.0264974,3.5955157
0.6542549450347802,0.35315240408199733,0.3215094595506937,0.0923518853274636,4.308099,4.1841307
0.6542549450347802,0.35315240408199733,0.18279011723757224,0.1976337208637062,4.9171214,4.770487
0.6500724022915024,0.769883468846829,0.33891265946323296,0.12544977700726176,2.8076339,3.318655
0.07583692361536722,0.7410962000690011,0.8065292703725547,0.35670423314714483,1.2012926,0.41110888
0.5290160187044087,0.7324317935698863,0.637464703316826,0.5865720371789926,2.6468952,3.093038
0.05056290773969886,0.45528228777905255,0.4191510098355357,0.3658431795769381,3.4258852,1.5380889
0.5747543495247548,0.35315240408199733,0.18279011723757224,0.1976337208637062,4.8967013,4.7194805
0.5747543495247548,0.25166760271867084,0.18279011723757224,0.1976337208637062,4.8031907,4.2900696
0.5747543495247548,0.25166760271867084,0.4286421180616124,0.1976337208637062,4.2756953,3.9446821
0.5747543495247548,0.25166760271867084,0.18279011723757224,0.18564821503801807,4.838143,4.2915473
0.013900416388314421,0.39738220593531093,0.39358702744785606,0.3265825896096324,2.9125037,1.2781566
0.3672061169505322,0.3760094267928453,0.36757235448246467,0.4163765610597885,3.1440365,3.9180481
0.4707122927240842,0.7635859434239038,0.32901356717646285,0.1474652593423151,2.7735155,3.243269
0.4841284009065755,0.2616681436054029,0.5092073315732785,0.4771448449801987,2.953085,3.6687598
0.34548057114368314,0.25166760271867084,0.18279011723757224,0.18564821503801807,4.8475394,4.342651
0.34548057114368314,0.015027738560720039,0.18279011723757224,0.18564821503801807,1.330962,4.1778855
0.34548057114368314,0.25166760271867084,0.3310044093875714,0.18564821503801807,4.340801,3.8328755
0.34548057114368314,0.25166760271867084,0.18279011723757224,0.4500448644801125,3.1467843,4.0475783
-0.06533001517920588,0.2213397953525429,0.7388182952052621,0.03153372698909959,3.172437,2.5217276
-0.005831163158800709,0.6579891799989523,0.442725546608333,0.5808294798604159,2.0549054,0.9331514
0.06687310083830046,0.6327524740655606,0.23205472874680658,0.5947295850959833,3.1552565,1.7919216
0.5892137412149773,0.8426142252419817,0.3203804227617794,0.32971349727155186,2.764026,3.3967953
0.5375101927617462,0.25166760271867084,0.18279011723757224,0.18564821503801807,4.838143,4.3248725
0.5375101927617462,0.12620411114035646,0.18279011723757224,0.18564821503801807,1.3917795,4.161989
0.5375101927617462,0.25166760271867084,0.5100582832780319,0.18564821503801807,4.3085246,3.915869
0.5375101927617462,0.25166760271867084,0.18279011723757224,0.6316343142651739,3.1577759,3.9963112
0.056435079018136394,0.8023132006113078,0.22964004346772252,0.51057670649244,2.1319718,1.81988
0.4940452078263501,0.35217468376690775,0.3286924215992499,0.27168381963988253,4.359022,4.0069447
0.05237223824872074,0.6405687960935316,0.15539196322181273,0.5349630352474648,2.932567,1.6612962
0.4449922257617832,0.9138100398070987,0.07816981763614797,0.7221795872260444,1.3723774,5.432025
0.42324136294912507,0.25166760271867084,0.18279011723757224,0.18564821503801807,4.886227,4.3534293
0.42324136294912507,0.317006937682657,0.18279011723757224,0.18564821503801807,4.947637,4.3683267
0.42324136294912507,0.317006937682657,0.5237810262026493,0.18564821503801807,4.3210416,3.939376
0.42324136294912507,0.317006937682657,0.18279011723757224,0.14354757012198502,5.014697,4.3671064
0.2110906374095688,0.3461615178641462,0.7026031995929282,0.654316050992076,2.5341907,1.4484258
0.15128910071646107,0.39636112375638977,0.4195505472270375,0.20151453101430403,4.2906146,2.4378495
0.564880997545342,0.06860043076764777,0.34634252622145206,0.6047377215806478,-0.15762076,3.8145885
0.2829216114157743,0.02553891977738232,0.3045987585805076,0.07534192246777136,1.1041373,2.9140275
0.2433269075940624,0.317006937682657,0.18279011723757224,0.14354757012198502,4.8303146,2.7949417
0.42324136294912507,0.31527633828460155,0.18279011723757224,0.14354757012198502,5.014697,4.3671064
0.42324136294912507,0.31527633828460155,0.7593666000362068,0.14354757012198502,3.9683495,3.9112275
0.42324136294912507,0.31527633828460155,0.18279011723757224,0.3516100991476634,2.8905878,4.085645
0.25356101768518247,0.6151746493562231,0.2298128144914763,0.36345791127720517,3.132371,2.0363824
0.012228845777523381,0.316935826502863,0.7933173752274513,0.5100397205805791,1.7790667,0.28379446
-0.023158523383819726,0.8297816406305527,0.016140633220546183,0.23952820873594047,0.37888545,0.4967185
0.479563225316442,0.8700327275221076,0.5329437400608453,0.7276167546575678,2.9010012,3.3169904
0.5566566098011311,0.31527633828460155,0.18279011723757224,0.14354757012198502,4.9669256,4.3397703
0.5566566098011311,0.15701889870019725,0.18279011723757224,0.14354757012198502,3.6619668,4.2764606
0.5566566098011311,0.31527633828460155,0.4506488960748762,0.14354757012198502,4.473427,3.903891
0.5566566098011311,0.31527633828460155,0.18279011723757224,0.07471232118274782,4.792403,4.976243
0.1017599623077662,0.11014835862388139,0.11015944895883747,0.4757570070133106,0.61903286,1.1893239
0.35592531470522626,0.7896149626079558,0.3803087626019325,0.4198181482341994,2.791709,3.115037
0.4088642464587563,0.3737892978790551,0.7288896210592689,0.5485066956085944,2.3318489,3.6301122
0.3209030210446012,0.33753239368619425,0.14185706235155174,0.6142851772473001,3.06757,2.2672195
0.007942337928979262,0.31527633828460155,0.18279011723757224,0.07471232118274782,4.782616,3.43086
0.007942337928979262,0.3745749874141522,0.18279011723757224,0.07471232118274782,4.7755756,3.5656917
0.007942337928979262,0.3745749874141522,0.01655654968014889,0.07471232118274782,0.9336215,3.4058764
0.007942337928979262,0.3745749874141522,0.18279011723757224,0.5328711997321882,2.9149857,2.2689362
0.07469073319391585,0.5479121574979593,0.23697070584221072,0.3926972313308923,3.618936,2.3523564
0.28104026604813737,0.3969838453173913,0.56814610206324,0.33894910839011416,2.5664952,1.8454491
0.45096920722353306,0.14823319689163617,0.761891400404778,0.02478865850511267,3.002118,4.547269
0.22611751465171104,0.7963141313356412,0.1464887812062873,0.45617029144325016,2.4977374,2.0776668
0.1411628270858708,0.3745749874141522,0.18279011723757224,0.07471232118274782,4.7478776,3.837129
0.1411628270858708,0.5530099482769368,0.18279011723757224,0.07471232118274782,4.4480996,3.9668076
0.1411628270858708,0.3745749874141522,0.10919675953117283,0.07471232118274782,2.449398,3.8250728
0.1411628270858708,0.3745749874141522,0.18279011723757224,0.4987144528985503,3.2882192,2.863757
0.09250394030183164,0.036623756590097756,0.6382173027523613,0.6534833608705526,0.11521183,0.46877927
-0.0689253248799294,0.601555545673178,0.05224556593784505,0.2024878605172624,1.6254431,2.5064518
0.2529104145011706,0.25010660884381064,0.5693608163323244,0.45081460848482635,2.9410424,1.7494721
0.41459034228516656,0.41846585996551067,0.0393235305770853,0.49254246919804956,1.712839,5.475655
0.5814028700938986,0.3745749874141522,0.18279011723757224,0.07471232118274782,4.8248878,5.2581253
0.5814028700938986,0.5518850323838675,0.18279011723757224,0.07471232118274782,5.0231853,5.1273255
0.5814028700938986,0.5518850323838675,0.1950178115907212,0.07471232118274782,5.0642095,5.294158
0.5814028700938986,0.5518850323838675,0.1950178115907212,0.48152671248399415,3.659956,4.469853
0.028216726239194925,0.782738463896615,0.06805958389202119,0.42065648148224355,0.4856722,1.3450546
0.21264563680519288,0.5886237303986936,0.22905286006490258,0.22406839029066813,3.9270623,2.7736323
0.16199428145719252,0.5701994922293814,0.24823337555359917,0.09988748138547618,3.6289473,2.9160488
-0.01188445598767239,0.3172832753818917,0.28414695005515916,0.6929801725675908,3.3838332,1.5802745
0.5774879940579912,0.5518850323838675,0.1950178115907212,0.07471232118274782,5.0642095,5.294158
0.5774879940579912,0.759426602181474,0.1950178115907212,0.07471232118274782,3.0585675,4.013264
0.5774879940579912,0.5518850323838675,0.5546728759269838,0.07471232118274782,4.671285,3.9597235
0.5774879940579912,0.5518850323838675,0.1950178115907212,0.0513899397957189,5.1352825,5.464568
0.6645951270065075,0.23484724632830337,0.09739475087097353,0.22855587212782,1.8726513,5.3865156
0.5871454105192954,0.4142049327708679,0.204090044465047,0.5897209097872036,3.6525567,4.774128
0.5476954154075054,0.07961693741542986,0.12469501097032457,0.48545197414968655,0.36887237,4.647029
0.3485483021527135,0.21872291397856936,0.4509493672494775,0.26997067594002644,3.0431297,3.6862578
0.15716232348364267,0.6315687522925009,0.2336226587288878,0.008840798524868607,2.7360299,4.618114
0.13156088300134716,0.6315687522925009,0.2336226587288878,0.008840798524868607,2.7830381,4.6225147
0.13156088300134716,0.09064363062385583,0.2336226587288878,0.008840798524868607,2.1376379,3.483
0.13156088300134716,0.09064363062385583,0.30027391501279016,0.008840798524868607,1.9458268,3.3333
0.13156088300134716,0.09064363062385583,0.30027391501279016,0.5445408818104269,0.41728723,1.1087306
0.5871454105192954,0.4142049327708679,0.204090044465047,0.5897209097872036,3.6525567,4.774128
0.5871454205192954,0.4142049327708679,0.204090044465047,0.5897209097872036,3.6525567,4.774128
0.5871454105192954,0.4142049427708679,0.204090044465047,0.5897209097872036,3.6525567,4.774128
0.5871454105192954,0.4142049327708679,0.204090054465047,0.5897209097872036,3.6525567,4.774128
0.5871454105192954,0.4142049327708679,0.204090044465047,0.5897209197872036,3.6525567,4.774128
0.2328029914356834,0.8277348152177062,0.08665857115077627,0.07701283323044092,0.88261944,2.901241
0.40931221022866493,0.6057411322248942,0.6423679532548364,0.3306085005633541,3.0281494,3.1010659
0.5208569469389607,0.8543889703853416,0.33853373509815293,0.44557852247587704,2.9121618,3.353632
0.653786767138215,0.17152409933372326,0.005110006861979964,0.6134409364658389,1.2280958,5.497056
0.33802626804226643,0.17152409933372326,0.005110006861979964,0.6134409364658389,0.9575068,0.8598553
0.33802626804226643,0.6115800838615533,0.005110006861979964,0.6134409364658389,0.8403063,0.23269944
0.33802626804226643,0.6115800838615533,0.8145705729142326,0.6134409364658389,1.3705056,0.8166274
0.33802626804226643,0.6115800838615533,0.8145705729142326,0.5670932212099657,1.3705056,0.8166274
0.5184874526229061,0.47743376571302054,0.29299225520451205,0.7224868812076615,3.685562,3.8788419
0.09934630057820239,0.5457755227336878,0.3073219842866987,0.2622875703020604,4.4795475,2.3291903
0.5717703634812402,0.8184530409004749,0.36077506532860765,0.3595118543803295,2.89591,3.2781126
0.17821499722269596,0.19550306576872067,0.4243604365125368,0.712615831425893,2.9042878,1.6790793
0.33115084687528407,0.19550306576872067,0.4243604365125368,0.712615831425893,2.6417646,1.6147006
0.33115084687528407,0.515465830775697,0.4243604365125368,0.712615831425893,3.6609035,1.9596461
0.33115084687528407,0.515465830775697,0.5388021668075708,0.712615831425893,3.5568051,1.7968702
0.33115084687528407,0.515465830775697,0.5388021668075708,0.6251327039050949,3.5115318,1.7968702
0.09934630057820239,0.5457755227336878,0.3073219842866987,0.2622875703020604,4.4795475,2.3291903
0.09934631057820238,0.5457755227336878,0.3073219842866987,0.2622875703020604,4.4795475,2.3291903
0.09934630057820239,0.5457755327336878,0.3073219842866987,0.2622875703020604,4.4795475,2.3291903
0.09934630057820239,0.5457755227336878,0.3073219942866987,0.2622875703020604,4.4795475,2.3291903
0.09934630057820239,0.5457755227336878,0.3073219842866987,0.2622875803020604,4.4795475,2.3291903
0.6350394535392939,0.7597563011417896,0.06243867551905417,0.6156812798551705,1.0185535,5.4337654
0.0835161171103166,0.37701576077620125,0.622759569697536,0.3658949952502013,2.968126,1.7603346
0.3788937665322599,0.6646530627224987,0.6236363277344882,0.19780816349403094,3.5222309,3.1402597
0.24694464463493115,0.43433551214182486,0.5734362649022468,0.023447303671463946,4.891678,4.664952
0.1326347645735243,0.43433551214182486,0.5734362649022468,0.023447303671463946,4.949325,4.751549
0.1326347645735243,0.33573060284722356,0.5734362649022468,0.023447303671463946,4.73476,4.3231897
0.1326347645735243,0.33573060284722356,0.2534470334733671,0.023447303671463946,5.444878,4.31254
0.1326347645735243,0.33573060284722356,0.2534470334733671,0.19018537435312763,5.0847116,3.269033
0.1326347645735243,0.33573060284722356,0.2534470334733671,0.023447303671463946,5.444878,4.31254
0.1326347745735243,0.33573060284722356,0.2534470334733671,0.023447303671463946,5.444878,4.31254
0.1326347645735243,0.33573061284722355,0.2534470334733671,0.023447303671463946,5.444878,4.31254
0.1326347645735243,0.33573060284722356,0.2534470434733671,0.023447303671463946,5.444878,4.31254
0.1326347645735243,0.33573060284722356,0.2534470334733671,0.023447313671463948,5.444878,4.31254
0.622469567005136,0.7873171043021734,0.08069489984225911,0.5821232164582142,1.6235607,5.2539067
0.6606693596608456,0.584342865780159,0.31097878587582434,0.13084848922344247,3.9879715,3.5141404
0.06095522122146514,0.27555795131301286,0.8123695867242752,-0.0033079815441645864,3.2122111,3.1383882
0.3330120196887262,0.5407652589505494,0.11232986753935262,0.32307150032487897,2.3879828,2.528884
0.3374835808849751,0.5407652589505494,0.11232986753935262,0.32307150032487897,2.3868263,2.5112686
0.3374835808849751,0.26690108717932803,0.11232986753935262,0.32307150032487897,1.856342,2.1624734
0.3374835808849751,0.26690108717932803,0.5842756735773448,0.32307150032487897,2.632097,1.7449795
0.3374835808849751,0.26690108717932803,0.5842756735773448,0.3007991839613773,2.632097,1.7449795
0.3535568072292593,0.47721150942272716,0.6371713706921128,0.7138240735983352,2.8268828,3.6305118
0.4405534813302251,0.39495404678435797,0.4964829853908563,0.21700690418760257,4.2479587,4.0872893
-0.00759689190019551,0.12089788419833658,0.5763317593902751,0.6904815811648284,1.7016553,0.7632192
0.06900627040224817,0.8030112365811894,0.5457142901261242,0.23470945195017376,1.591609,1.4740201
0.002810599856547649,0.8030112365811894,0.5457142901261242,0.23470945195017376,0.7161063,1.0392089
0.002810599856547649,0.8355628505529413,0.5457142901261242,0.23470945195017376,0.7127424,0.9905658
0.002810599856547649,0.8355628505529413,0.5508564165094717,0.23470945195017376,0.7127424,0.9905658
0.002810599856547649,0.8355628505529413,0.5508564165094717,0.3483913443155089,0.88895845,0.5425599
0.1684778800240433,0.4412575908126999,0.6595789526825419,0.12452276075701715,5.2747316,2.5559645
0.1979871930051701,0.16569275482040213,0.6897149285303791,0.14986674138869913,3.5254076,2.071198
-0.04286653448957432,0.2488371975728252,0.44995872125063524,0.027629272798343128,3.6148353,2.957446
0.2587654167856167,0.1319206212640438,0.5259659466038541,0.3584843485584024,-1.0574878,0.75362355
0.4380582239656775,0.1319206212640438,0.5259659466038541,0.3584843485584024,-1.0319849,3.8748012
0.4380582239656775,0.335903605623348,0.5259659466038541,0.3584843485584024,2.6736162,3.721923
0.4380582239656775,0.335903605623348,0.12491115994924887,0.3584843485584024,2.1516397,4.755672
0.4380582239656775,0.335903605623348,0.12491115994924887,0.5531481055594121,2.32538,4.742144
0.49611755387071643,0.8426773315806586,0.3835625602073733,0.14773094326588418,2.3537998,3.0790637
0.485452971896969,0.24902358906340893,0.7856349972772704,0.2722122315390507,2.6007905,3.534477
0.11926279480663683,0.24280043861790634,0.0981195351536849,0.32242234403589265,1.5741427,2.133294
-0.07432334551801399,0.07147104465136067,0.10673416311693665,0.1649172221613497,1.3381042,2.5498588
0.635650897885229,0.07147104465136067,0.10673416311693665,0.1649172221613497,1.0048738,4.940511
0.635650897885229,0.3286340560491867,0.10673416311693665,0.1649172221613497,2.6430964,5.106236
0.635650897885229,0.3286340560491867,0.16656033880517143,0.1649172221613497,4.5495634,4.3064446
0.635650897885229,0.3286340560491867,0.16656033880517143,0.3129072295655497,2.876915,4.0468884
0.05283081099675736,0.6865137686698777,0.6809942624940465,0.06983806846083948,2.106555,2.4506252
0.5317692739024625,0.18151564164836564,0.5140060017705838,0.1591177944804478,3.2906833,3.9293966
0.5915643697733751,0.8294813550099311,0.528522968779716,0.5048127657611232,3.0027957,3.3539371
-0.0030713228192710135,0.8007440517320554,0.19018076035059864,0.25129303377601175,0.56669235,2.135799
0.5025858397715394,0.8007440517320554,0.19018076035059864,0.25129303377601175,2.5539403,3.943126
0.5025858397715394,0.05456952288855499,0.19018076035059864,0.25129303377601175,1.1832321,4.3581066
0.5025858397715394,0.05456952288855499,0.5406151225051151,0.25129303377601175,0.69986844,3.7939305
0.5025858397715394,0.05456952288855499,0.5406151225051151,0.3891869770907306,-0.6772487,3.8383791
0.5895600244494367,0.6345602498975973,0.06467942949394959,0.7081550150956488,1.6704365,5.5567946
0.11939886399260637,0.40386910866904824,0.38302416122574584,0.15083175491428588,4.810139,2.5366619
0.200868771398505,0.5211916654565121,0.6516526753906996,0.7288585978427342,2.9034045,1.6852559
-0.01893667845448231,0.45948468870612746,0.20603625951650253,0.565526617650054,3.187216,2.1019285
0.5375260340858264,0.45948468870612746,0.20603625951650253,0.565526617650054,3.691889,4.8957705
0.5375260340858264,0.18131639270702493,0.20603625951650253,0.565526617650054,2.2789376,4.3058414
0.5375260340858264,0.18131639270702493,0.6241927556939485,0.565526617650054,1.7887753,3.7512934
0.5375260340858264,0.18131639270702493,0.6241927556939485,0.02614389408615023,3.6123884,4.490945
0.09357807142040188,0.09148796350393384,0.3720914396029373,0.2485635241098265,1.3131735,1.7050387
0.35192028673010844,0.3076948650266256,0.45155310402296095,0.6785846398287063,3.3129447,3.6470537
0.6258178682358816,0.21829447030409854,0.7170470866237454,0.5640775553833457,1.527698,3.5325997
0.3158551430964488,0.35349038313321524,0.7135469178868344,0.6517257316475948,2.3047383,1.5587031
0.4923040679498182,0.35349038313321524,0.7135469178868344,0.6517257316475948,2.3141882,3.7293146
0.4923040679498182,0.8130867230424408,0.7135469178868344,0.6517257316475948,2.0486178,3.208225
0.4923040679498182,0.8130867230424408,0.6307431121243819,0.6517257316475948,2.349746,3.3517406
0.4923040679498182,0.8130867230424408,0.6307431121243819,0.6168899807773904,2.424518,3.3517406
0.3618592237442547,0.3617425635586642,0.531888229802448,0.274389663644385,4.0550275,3.8167555
-0.03827789486016041,0.27438353298222307,0.45349848284791067,0.23663679960170467,4.4424944,2.1807408
0.48578404209151305,0.1676857321091405,0.639679728506786,0.7124949798298772,1.6848193,3.5639005
-0.06729229373109612,0.7542476075408624,0.016548807663150287,0.326781837285246,0.4883012,-0.35935247
0.579755891357279,0.7542476075408624,0.016548807663150287,0.326781837285246,0.55167496,5.7087445
0.579755891357279,0.5237462948470384,0.016548807663150287,0.326781837285246,1.3534836,6.1132646
0.579755891357279,0.5237462948470384,0.7310324773852147,0.326781837285246,2.9800828,3.806735
0.579755891357279,0.5237462948470384,0.7310324773852147,0.01142356109826179,4.3071294,3.8436902
0.1721261443147507,0.6179914907194632,0.7412504542240751,0.3788323058726739,2.1607025,1.1881056
0.6251130077410328,0.041406813543604315,0.2074232591498725,0.008129480976194235,2.0239017,5.713503
0.26079843860073326,0.11868547714492239,0.059667855118462766,0.19773874795387056,0.79165953,2.1194303
0.53347101414636,0.556050927970678,0.1211554455765941,0.11423751685990166,2.8336473,5.780484
0.3900277416350647,0.556050927970678,0.1211554455765941,0.11423751685990166,2.6436548,5.692354
0.3900277416350647,0.7861367860588189,0.1211554455765941,0.11423751685990166,1.5202575,4.811862
0.3900277416350647,0.7861367860588189,0.5185699798786135,0.11423751685990166,2.9373221,3.0589547
0.3900277416350647,0.7861367860588189,0.5185699798786135,0.07120118976009235,2.7835078,2.9040415
0.35410686538719516,0.22676239520526975,-0.002983423511207918,0.5952162573405637,1.114438,5.234625
0.12169541337106272,0.7174328058550148,0.23084243045722755,0.5295678801581261,3.0220268,1.9340042
0.3009449531658387,0.4679489231268552,0.6860133586614799,0.7002693181130937,3.035072,1.5963953
0.3866418709375862,0.62185014818585,0.43250667230282586,0.590438292011271,3.4109018,3.058626
0.565356396598352,0.62185014818585,0.43250667230282586,0.590438292011271,3.5849018,3.1210895
0.565356396598352,0.3513545757939349,0.43250667230282586,0.590438292011271,3.0480268,3.7850757
0.565356396598352,0.3513545757939349,0.6814543763077746,0.590438292011271,2.3618546,3.5484898
0.565356396598352,0.3513545757939349,0.6814543763077746,0.21106141945127274,4.0123696,3.738241
0.42329970936903105,0.2193397633881573,0.6179077477297023,0.19076010926634265,3.2715878,3.5657694
-0.030118634670807207,0.6262912280610538,0.5477285917634752,0.5938419087851479,2.0922518,0.75841135
0.29397362732331056,0.6854353090411829,0.7987671298787186,0.251476166425622,1.7251433,0.92363596
0.5049573523880199,0.5674682049437432,0.16165267122092822,0.17992278848786822,3.5956283,4.1545453
0.016508635378903583,0.5674682049437432,0.16165267122092822,0.17992278848786822,2.4752135,2.3993769
0.016508635378903583,0.7222934074165765,0.16165267122092822,0.17992278848786822,1.7019017,1.8097107
0.016508635378903583,0.7222934074165765,0.1566026809916842,0.17992278848786822,1.7019017,1.8097107
0.016508635378903583,0.7222934074165765,0.1566026809916842,0.7113453726882071,1.7729561,1.266185
0.6480226046618328,0.2114582963004361,0.5158591211178262,0.06587444510818583,3.1258883,4.202262
0.30694130385002805,0.7597151126030868,0.1296928719298193,0.33613689226903887,2.655915,1.9583362
0.5460297952402674,0.19919644115550428,0.13405827006104146,0.5017675935140424,2.3584204,3.9407613
0.5663549543363858,0.5994444611190688,0.007884178771020798,0.4572438240063228,1.3514345,6.037596
0.22291244566694168,0.5994444611190688,0.007884178771020798,0.4572438240063228,1.141387,0.34403366
0.22291244566694168,0.2211904301722023,0.007884178771020798,0.4572438240063228,0.99326354,0.95732296
0.22291244566694168,0.2211904301722023,0.1364763969346793,0.4572438240063228,2.438364,2.0597994
0.22291244566694168,0.2211904301722023,0.1364763969346793,0.16217276807623546,3.2538521,2.6768856
0.6277084513935621,0.8858037870009166,0.5053718364192145,0.5836163447933522,2.9681785,3.3595521
0.35879468535563197,0.05163327601689183,0.44832891516371903,0.1610677138170544,1.1465827,3.7588563
0.6310601200529472,0.5081728694484116,0.6622003281127337,0.11091761845798584,5.0867476,4.1378665
0.29127281340184796,0.48286500568802726,0.20047025822876377,0.5257737204483135,3.5689294,2.6354277
0.271329198140834,0.48286500568802726,0.20047025822876377,0.5257737204483135,3.5689294,2.6354277
0.271329198140834,0.7232093735918199,0.20047025822876377,0.5257737204483135,3.00138,2.0230296
0.271329198140834,0.7232093735918199,0.44259142871605744,0.5257737204483135,3.2062302,1.6499953
0.271329198140834,0.7232093735918199,0.44259142871605744,0.529396837412694,3.2062302,1.6499953
0.32883438859497016,0.003541944904356331,0.7096715448780454,0.4368568211598287,-0.45996928,0.5351494
0.585614779386069,0.6341636711220713,0.5926249113014833,0.3971470018076211,3.6175082,3.191696
0.44642910796152957,0.8013135998440415,0.5726693530905552,0.18407392168081313,2.7050793,3.2854898
0.2903294125116481,0.07437691108992528,0.42561750751569066,0.39694479337234156,-0.18911631,0.8760261
0.1567972435645072,0.07437691108992528,0.42561750751569066,0.39694479337234156,0.12657417,0.73056704
0.1567972435645072,0.6956443802636421,0.42561750751569066,0.39694479337234156,3.0896206,1.4491099
0.1567972435645072,0.6956443802636421,0.10250330460888382,0.39694479337234156,2.0333097,1.7383945
0.1567972435645072,0.6956443802636421,0.10250330460888382,0.1878600155243255,1.6687192,2.2885869
0.23906350034827428,0.17288768244433017,0.26262673879035997,0.6975604510040831,2.6835127,2.4222944
0.26433072122545254,0.15167459094738422,0.04519562072366449,0.5201489577354792,1.3542514,1.8887278
-0.050860535377576496,0.07431350884655608,0.2513505372298019,0.01989701089675575,2.187746,3.514933
0.533465254634167,0.5135852455230139,0.5077212621305501,0.223973259530819,4.7224035,3.958893
0.18693776817634966,0.5135852455230139,0.5077212621305501,0.223973259530819,4.6226635,2.8031526
0.18693776817634966,0.2645654677847835,0.5077212621305501,0.223973259530819,4.1649566,2.4600549
0.18693776817634966,0.2645654677847835,0.6956588394649031,0.223973259530819,4.0906425,2.0870347
0.18693776817634966,0.2645654677847835,0.6956588394649031,0.49393658736398294,2.5190735,1.4369888
0.0744381353094702,0.004323582540111559,0.5043631491214254,0.6664773337788645,0.38758504,0.6420923
0.1759964274267879,0.5254083952382591,0.3618354677556778,0.39848717145386914,3.7226171,2.1884897
0.05006379798729678,0.31806213061712674,0.5874761608667151,0.09046293791670476,4.4059505,2.1726916
0.6279489826171808,0.03126015861699294,0.21955340039334184,0.11461081388440417,1.4095771,4.5026984
0.3036669355374205,0.03126015861699294,0.21955340039334184,0.11461081388440417,1.3730805,2.3665037
0.3036669355374205,0.8214100632133001,0.21955340039334184,0.11461081388440417,2.2725976,2.4299126
0.3036669355374205,0.8214100632133001,0.8015673007880258,0.11461081388440417,1.569615,1.2224933
0.3036669355374205,0.8214100632133001,0.8015673007880258,0.5535910496147274,1.4250364,1.0628232
0.4210249763341608,0.8128060212891102,0.7990750469640105,0.0017783859971345108,1.1096777,3.0037105
0.5406119697192421,0.6854101542245723,0.745115382724708,0.0616872379357076,2.5509758,3.3148537
0.5824384354826849,0.5179550939228834,0.7122570184521225,0.5816180395595261,2.9398928,3.717332
0.36846221159917525,0.6569606564323021,0.09158242834425936,0.41966209582149006,2.0522819,5.251774
0.24027069375551824,0.6569606564323021,0.09158242834425936,0.41966209582149006,2.0037448,1.9164585
0.24027069375551824,0.6182623739146047,0.09158242834425936,0.41966209582149006,2.0670886,1.8872297
0.24027069375551824,0.6182623739146047,0.09476845510802248,0.41966209582149006,2.0670886,1.8872297
0.24027069375551824,0.6182623739146047,0.09476845510802248,0.13291612059883914,1.8432432,2.3148777
-0.03425099720677137,0.31230585274366485,0.6230042121037144,0.16108024327377987,4.536569,2.133347
0.34004820188001317,0.42945356747986674,0.2932555082355854,0.2204579757622653,4.8804464,4.004463
0.17357763055898034,0.8377015191359876,0.23048468543493064,0.42770076805156165,2.7845192,2.2295084
0.03806134070022317,0.18216340694992317,0.31675169295079536,0.6579482964034007,2.6932945,1.48011
0.24513853356662818,0.18216340694992317,0.31675169295079536,0.6579482964034007,2.2660482,1.8744556
0.24513853356662818,0.4485234486284595,0.31675169295079536,0.6579482964034007,3.623117,2.219855
0.24513853356662818,0.4485234486284595,0.17973386293309837,0.6579482964034007,3.6118348,2.5365512
0.24513853356662818,0.4485234486284595,0.17973386293309837,0.33134761314384065,3.5143418,2.5693455
0.044838508642793054,0.5917499016571819,0.32253412200947856,0.1332583161367715,3.1974878,1.700716
0.18088776876835932,0.07013098670696127,0.26197876100464773,0.5748013044169689,0.43044958,1.6398948
0.49553540071368773,0.8643082748024682,0.7973940131261473,0.2536444830613398,1.6081165,3.113963
0.5828768992442929,0.44561154302371,0.4850633598535902,0.06477681285035072,4.969363,4.332529
0.4971414691172994,0.44561154302371,0.4850633598535902,0.06477681285035072,4.970733,4.297924
0.4971414691172994,0.435401774078108,0.4850633598535902,0.06477681285035072,4.970733,4.297924
0.4971414691172994,0.435401774078108,0.5433858167692892,0.06477681285035072,4.9067106,4.3046017
0.4971414691172994,0.435401774078108,0.5433858167692892,0.47418020994205534,3.6052406,4.016738
0.5860962861990676,0.36233718493128686,0.1292360301793191,-0.0033030306153136978,4.085112,5.8938837
0.5969553316920674,0.8134842545898628,0.7351364470712397,0.2758358035241102,2.2603507,3.2218995
0.6075465007529318,0.5027998555305491,0.46165270732311686,0.49021402374226497,3.6394527,3.8727899
0.40065910892477785,0.09738013881075158,0.29467004125404545,0.6414710756847946,-0.20511623,3.635137
-0.07946357656066848,0.09738013881075158,0.29467004125404545,0.6414710756847946,1.2985585,1.1786565
-0.07946357656066848,0.21055513187573238,0.29467004125404545,0.6414710756847946,2.60908,1.4346586
-0.07946357656066848,0.21055513187573238,0.448245549522253,0.6414710756847946,2.6542635,1.0515289
-0.07946357656066848,0.21055513187573238,0.448245549522253,0.13638079059067462,3.7367122,2.332077
0.37006872227484655,0.47656266382610557,0.7509488182803475,0.742686285106462,2.3011904,3.4929311
0.6241724040069995,0.739316803679368,0.3266677719367203,0.5948174508131636,3.2180295,3.2894597
0.28223224158086524,0.07344841171364358,0.29084338570884233,0.43508898107361915,-0.19945146,1.1875821
0.2134163551672178,0.7426024890846614,0.544440322177547,0.5560824720582929,3.3615124,1.7561597
0.5888432317406976,0.7426024890846614,0.544440322177547,0.5560824720582929,3.3782184,3.2798154
0.5888432317406976,0.5144677826068342,0.544440322177547,0.5560824720582929,3.5360136,3.8606784
0.5888432317406976,0.5144677826068342,0.12455497535692697,0.5560824720582929,2.5844853,5.455488
0.5888432317406976,0.5144677826068342,0.12455497535692697,0.5816317493334715,2.5844853,5.455488
0.01947292581876349,0.2708951969596547,0.017645263344542892,0.317503208338465,0.6645067,1.0021112
0.34988608829696444,0.7281492464221828,0.25774462532559234,0.49812731081213,3.0498772,3.7954936
-0.019709654363226123,0.006363266341505636,0.4155397134527558,0.5426864112270238,1.3443123,0.80177146
0.47989743054357137,0.16185450887601505,0.6283098707738292,0.34915129056753713,1.0861182,3.6866634
0.42887060484745587,0.16185450887601505,0.6283098707738292,0.34915129056753713,1.0780778,3.6940565
0.42887060484745587,0.5683517662294744,0.6283098707738292,0.34915129056753713,2.701237,3.2991736
0.42887060484745587,0.5683517662294744,0.6925846931819802,0.34915129056753713,2.3088756,3.1684992
0.42887060484745587,0.5683517662294744,0.6925846931819802,0.11022031334566759,3.4927576,3.5255613
0.3993740075410702,0.025077945676394098,0.5177786151809428,0.019898162897671743,2.0283494,4.1880946
0.48948398763545853,0.8808409820586971,0.8158983916779733,0.5244011129213959,1.354431,3.115097
0.040473038222242366,0.18672529064616894,0.2773028466675655,0.1557365475658585,3.783406,2.879776
0.6240295785899989,0.22080293941974816,0.24493660618209914,0.5160453695971974,2.3233747,4.5231714
0.48277385068052536,0.22080293941974816,0.24493660618209914,0.5160453695971974,2.3295565,4.5721135
0.48277385068052536,0.19561107300624903,0.24493660618209914,0.5160453695971974,2.3738432,4.5547776
0.48277385068052536,0.19561107300624903,0.36010472890758866,0.5160453695971974,2.273231,3.7436376
0.48277385068052536,0.19561107300624903,0.36010472890758866,0.23308774164890875,3.1072083,3.8100207
0.4415170994231362,0.9040849471443329,0.0089883935639378,0.5232190194334088,0.6399158,5.629367
0.3080416766951578,0.2331340185577635,0.16753394254148227,0.47902023742030053,2.3286135,1.9739807
0.43993636417966864,0.6512824737419098,0.5696074055022348,0.7058235207901511,3.5417178,3.1596262
0.23452221916456895,0.17864020344275122,0.5164861676274807,0.22124243429255583,3.0937028,2.370572
0.22570105141934305,0.17864020344275122,0.5164861676274807,0.22124243429255583,3.1385906,2.380802
0.22570105141934305,0.48427968621445716,0.5164861676274807,0.22124243429255583,4.540457,2.8215067
0.22570105141934305,0.48427968621445716,0.5151372184786095,0.22124243429255583,4.598295,2.8215067
0.22570105141934305,0.48427968621445716,0.5151372184786095,0.04450746420369353,4.6392817,3.6659615
0.14312078724821553,0.8225828304466107,0.8267173902067609,0.5363747094425975,1.1919247,0.9457032
0.6160339532978726,0.7338982917399393,0.4050611488050619,0.27379777765605695,3.3331416,3.1425188
0.4077548975270421,0.8119842387312244,0.5935047271459871,0.7128837117158362,2.8246894,3.3030338
0.15806241609337468,0.19891891391407057,0.2959901912404485,0.5630258148865082,2.447974,1.714197
0.20430991905346463,0.19891891391407057,0.2959901912404485,0.5630258148865082,2.5093358,1.9325237
0.20430991905346463,0.6657034339977059,0.2959901912404485,0.5630258148865082,3.4706645,1.9126396
0.20430991905346463,0.6657034339977059,0.20396627678241144,0.5630258148865082,3.3589802,2.0598605
0.20430991905346463,0.6657034339977059,0.20396627678241144,0.678268581360971,3.411233,2.0598605
0.12381247712498102,0.6839203118168165,0.7054208152198348,0.06399941479170221,2.5328925,3.1930711
-0.05502640000873758,0.19414068575943189,0.019201545036061782,0.14581168311887535,1.2840762,1.9294832
-0.0300046287751997,0.7397741172178272,0.7376608085224311,0.31428593284151063,1.145506,0.5341996
0.40078705554173155,0.0789108767299318,0.08718343809248133,0.2455195064399511,0.8410647,5.0373216
0.4669962246900684,0.0789108767299318,0.08718343809248133,0.2455195064399511,0.9186619,5.110277
0.4669962246900684,0.16511864856533798,0.08718343809248133,0.2455195064399511,2.0414004,5.196052
0.4669962246900684,0.16511864856533798,0.3353833666377887,0.2455195064399511,3.1577353,3.8628676
0.4669962246900684,0.16511864856533798,0.3353833666377887,0.24262418109573855,3.1573343,3.8702216
0.6196647737239568,0.2579092786027126,0.41450432955514843,0.5081731296285099,2.994824,3.7297764
0.6195246907504758,0.16376840865668152,0.32016865005532796,0.4780163172109937,2.2514296,3.835111
0.08417151885162934,0.5894211338982065,0.11498934306570865,0.41728811074052174,2.3744493,1.8468468
0.0538541821062445,0.6887773673747817,0.743659652723247,0.6193980537860533,1.9593347,0.94121885
0.03127108630675125,0.6887773673747817,0.743659652723247,0.6193980537860533,1.80351,0.8229093
0.03127108630675125,0.07384679717132858,0.743659652723247,0.6193980537860533,0.15082674,0.25107932
0.03127108630675125,0.07384679717132858,0.2750934824548236,0.6193980537860533,0.7495324,1.5614622
0.03127108630675125,0.07384679717132858,0.2750934824548236,0.10868455776367722,1.6458149,2.4496322
0.3932877721191611,0.8085848931108899,0.7171172642541886,0.18036867794588926,2.0725572,3.01237
0.1478718459688234,0.4427898562727748,0.030144239657238812,0.439439894741529,1.2067573,2.432709
0.5798830507026073,0.4006365508994234,0.10043784365869027,0.48115756563637646,2.2556188,5.74363
0.2722902897188705,0.8155948222886873,0.7521394505344182,0.39177407418004506,1.913125,1.3078773
0.1674740933708686,0.8155948222886873,0.7521394505344182,0.39177407418004506,1.7236745,1.314308
0.1674740933708686,0.7270761729424633,0.7521394505344182,0.39177407418004506,1.9862008,1.0802431
0.1674740933708686,0.7270761729424633,0.7165255134307368,0.39177407418004506,2.2594488,1.2862356
0.1674740933708686,0.7270761729424633,0.7165255134307368,0.13405581349078585,2.6543212,1.8428202
0.033686744027848894,0.3849966122408093,0.434392727879326,0.38620876244463176,3.1929917,1.3462557
0.20755704929705032,0.7058411121409991,0.4044344649412643,0.14129098769375756,3.0971909,2.0090299
-0.07265495653393571,0.4791361376403871,0.10327501533910502,0.3432219296854626,1.9296659,1.952794
0.21614868104393292,0.268617794220956,0.30575850145146516,0.12453744885401005,4.463529,2.6583858
-0.06196721332338205,0.268617794220956,0.30575850145146516,0.12453744885401005,4.679685,2.595747
-0.06196721332338205,0.10662858319036816,0.30575850145146516,0.12453744885401005,1.7354285,2.18768
-0.06196721332338205,0.10662858319036816,0.61421045878666,0.12453744885401005,1.7574993,1.3440934
-0.06196721332338205,0.10662858319036816,0.61421045878666,0.540455271671668,1.2921038,0.28914094
0.392344075977931,0.17948755412053297,0.7504398196543355,0.5384028451898502,1.30831,3.3376868
0.0726633362866126,0.18175471396602338,0.49327845867882564,0.6142651294128569,2.903261,1.5348303
0.5472339469566262,0.19058358954377308,0.5087410292149891,0.31330118724761036,1.774592,3.7914934
0.6513248535214383,0.8798790482907544,0.5256146373440721,0.1554761878747399,2.521,3.2894979
0.6614637248855307,0.8798790482907544,0.5256146373440721,0.1554761878747399,2.521,3.2894979
0.6614637248855307,0.3535654029084969,0.5256146373440721,0.1554761878747399,4.3302064,4.108926
0.6614637248855307,0.3535654029084969,0.5149669406749328,0.1554761878747399,4.39462,4.108926
0.6614637248855307,0.3535654029084969,0.5149669406749328,0.4701343006978931,3.0798824,3.9433074
0.5074376408628166,0.6343649643395701,0.332355806646138,0.15979580181041794,3.4608681,3.2346544
0.13464903306950216,0.09697750179301057,0.6684928759516601,0.5594345571504284,-0.08575479,0.4851296
0.49437872031665087,0.09609890450168734,0.1753192217121237,0.5638902865450746,0.5068295,3.830587
0.37760500677228526,0.4903877835285657,0.8015853760257946,0.4224791793264622,2.5081003,3.4593554
0.09733210032011698,0.4903877835285657,0.8015853760257946,0.4224791793264622,2.5550373,0.6679885
0.09733210032011698,0.4305797141581569,0.8015853760257946,0.4224791793264622,2.648336,0.6684436
0.09733210032011698,0.4305797141581569,0.5288672320868896,0.4224791793264622,3.6952069,1.498659
0.09733210032011698,0.4305797141581569,0.5288672320868896,0.4207825845266804,3.6952069,1.498659
0.5255155885205417,0.007424509546032354,0.7072552138251845,0.2080607947499011,0.89098394,3.6810613
0.39377144020508237,0.5412781728480636,0.48435659519156976,0.039983328534763246,4.730904,3.9623733
-0.03402419212081141,0.03263416126529428,0.6973856980477223,0.43781671917900766,0.859893,0.39676994
-0.01880773957239011,0.7226489876234794,0.569486077513443,0.4986461827502886,1.8245027,0.72308934
0.5393188072573861,0.5412781728480636,0.48435659519156976,0.039983328534763246,4.738061,4.042649
0.5393188072573861,0.6495335154705262,0.48435659519156976,0.039983328534763246,3.4642184,3.1108637
0.5393188072573861,0.6495335154705262,0.27952292791500083,0.039983328534763246,3.3066761,3.7067442
0.5393188072573861,0.6495335154705262,0.27952292791500083,0.04197039692545343,3.3066761,3.7067442
0.16341041226294617,0.5987099335540349,0.760736865904802,0.4623067834818215,1.990774,0.9492172
0.2821187205863033,0.9045231495726584,0.8019154696668326,0.3195755980088997,1.462998,1.0391948
0.2468825236189255,0.49069883845599227,0.6931990128328177,0.7333391530983704,2.8097308,1.5942576
0.055319493573941295,0.5809458477832119,0.3221922387627005,0.2547896268881864,3.5013294,1.6166255
0.2431750483869285,0.5809458477832119,0.3221922387627005,0.2547896268881864,3.8483496,2.1205583
0.2431750483869285,0.33044339765018016,0.3221922387627005,0.2547896268881864,4.2091727,2.3539305
0.2431750483869285,0.33044339765018016,0.05899986811688677,0.2547896268881864,1.6629459,2.6071475
0.2431750483869285,0.33044339765018016,0.3221922387627005,0.08607677147660905,4.081961,3.3660686
0.4710380551357659,0.014926110650793412,0.02514522466601835,0.13236341532249793,0.06368077,5.3398685
0.038340477701390166,0.3368572512817103,0.7199582019133718,0.1430430345692457,4.1428924,1.6923181
0.2282469816523146,0.727264584827005,0.19676426474883738,0.06159414566381824,2.8412123,3.3366866
0.042583614685948304,0.7327829429800738,0.5944824252634805,0.22585603985303135,3.1036832,1.5012984
0.21185527547672167,0.7327829429800738,0.5944824252634805,0.22585603985303135,3.5851307,2.1482964
0.21185527547672167,0.45570873734666373,0.5944824252634805,0.22585603985303135,4.875458,2.820727
0.21185527547672167,0.45570873734666373,0.08401604416158995,0.22585603985303135,2.5801477,3.3051062
0.21185527547672167,0.45570873734666373,0.08401604416158995,-0.003405129025363631,1.7920427,5.419072
0.6041458114514008,0.6572792439626132,0.5752526388627718,0.4456167955224899,3.638793,3.2067375
0.27446177649697157,0.24681182040754868,0.6580401732601934,0.5999784605557252,1.6815852,1.4427909
0.650535096266223,0.11639402433644319,0.410633650316424,0.14780471873737963,1.165304,3.9073815
0.46850039294642876,0.2929647662305239,0.7113266939756672,0.5622882832822214,2.3311355,3.5106807
-0.05655832003488591,0.2929647662305239,0.7113266939756672,0.5622882832822214,2.4428074,0.8599975
-0.05655832003488591,0.22150249702002167,0.7113266939756672,0.5622882832822214,1.9603056,0.7188658
-0.05655832003488591,0.22150249702002167,0.6091343141057489,0.5622882832822214,2.4753408,0.9398229
-0.05655832003488591,0.22150249702002167,0.6091343141057489,0.4141483511002093,2.488492,0.90180004
0.08197166250764333,0.8631767797600429,0.37864319529063767,0.21292834715539752,1.684548,1.8735617
0.13547553613254582,0.8252052239789633,0.34872713488187695,0.06908148827404045,1.5658282,2.5439937
0.013254918192647694,0.5161151639839954,0.4355900729253452,0.6024749610452886,3.0777524,1.0494642
0.19701890256685883,0.7108941505384223,0.41650245026946603,0.5841798234364219,3.2481673,1.7072111
0.2409211293828436,0.7108941505384223,0.41650245026946603,0.5841798234364219,3.181709,1.6704617
0.2409211293828436,0.41231483040976125,0.41650245026946603,0.5841798234364219,3.5962007,1.980599
0.2409211293828436,0.41231483040976125,0.5544549423372968,0.5841798234364219,3.5039806,1.7663507
0.2409211293828436,0.41231483040976125,0.5544549423372968,0.6016211475185287,3.5039806,1.7663507
0.5234678155958338,0.4995464423577558,0.7286550259953913,0.3588418884978708,2.612646,3.723899
0.1193217597173485,0.25409082813437633,0.24411879914979231,0.6638316836418952,3.4200292,2.703174
0.16793338170890604,0.029335883915040384,0.17182604018082062,0.6789803740949836,1.0888547,1.128111
0.5413622193027544,0.1988254548111401,0.6824900685609973,0.5527612928781238,1.6407232,3.5075922
0.20067501710606683,0.1988254548111401,0.6824900685609973,0.5527612928781238,1.8694054,1.2276192
0.20067501710606683,0.30020574801043987,0.6824900685609973,0.5527612928781238,2.5300586,1.4356215
0.20067501710606683,0.30020574801043987,0.7470794119188139,0.5527612928781238,2.3885434,1.2820308
0.20067501710606683,0.30020574801043987,0.7470794119188139,0.1432948730710741,4.5221105,1.9803673
0.38490759959444165,0.5628911164794594,0.3692713592911953,0.11057081104562624,4.5216312,3.8467207
0.06688409380014705,0.4900778759412847,0.28338612104337674,-0.0034812292185258074,3.5937586,4.5020056
0.10238779931354682,0.1333023958105346,0.013071869126198097,0.5886191297689543,1.2589185,0.99957186
0.5742283656919692,0.2055336116987725,0.44469742171639076,0.5114328698755664,2.1632545,3.7657847
0.30325977456919506,0.2055336116987725,0.44469742171639076,0.5114328698755664,2.1500623,1.5763745
0.30325977456919506,0.9128487734948889,0.44469742171639076,0.5114328698755664,2.7192762,1.7584547
0.30325977456919506,0.9128487734948889,0.06464163995985653,0.5114328698755664,0.6681378,2.0544631
0.30325977456919506,0.9128487734948889,0.44469742171639076,0.3280724847410319,2.6180334,1.6945441
0.22825175757752614,0.3430579364819586,0.3613948693668942,0.1778767457261203,4.433697,2.6777554
0.012491246434405703,0.35914694818245385,0.1880281600208015,0.32411495216819475,2.8643258,2.3337152
0.43335192415577517,0.886817912808954,0.2415547270440145,0.7320064439239573,2.5786831,4.035015
0.2602485481478817,0.6739128828114245,0.5140867627206854,0.04013379840448647,3.3907468,3.1903305
0.34810114394337044,0.6739128828114245,0.5140867627206854,0.04013379840448647,3.4031897,3.0450997
0.34810114394337044,0.8227435715119769,0.5140867627206854,0.04013379840448647,2.5116081,2.9290874
0.34810114394337044,0.8227435715119769,0.18693261959490473,0.04013379840448647,2.0914884,3.8509557
0.34810114394337044,0.8227435715119769,0.18693261959490473,0.24111918044027544,2.2642863,3.8126962
0.129906022494214,0.5695067057353382,0.1528773496812236,0.6082384184811325,3.189025,2.070546
0.25718622350253717,0.8748758628900322,0.7370704565050986,0.09916201534954891,1.9937711,1.9532297
0.36341900245630276,0.36162264955595935,0.23899495959671394,0.6914010135856792,3.3669071,4.7688284
0.47496669002928005,0.7036810212146527,0.6295526716127439,0.22189249451611912,3.3264232,3.2399218
0.11651510760104546,0.7036810212146527,0.6295526716127439,0.22189249451611912,3.0468998,1.7928579
0.11651510760104546,0.18523623213674467,0.6295526716127439,0.22189249451611912,3.215901,2.0113459
0.11651510760104546,0.18523623213674467,0.7084871035463526,0.22189249451611912,3.1240191,1.7970493
0.11651510760104546,0.18523623213674467,0.7084871035463526,0.5435422772314986,2.0662587,1.1589496
-0.06600235876726122,0.6668699314546038,0.6003951014720864,0.27464120839438877,2.6156867,1.2003912
0.33978904503214713,0.2860387692081292,0.2757890401132554,0.7384296111475521,3.2248073,4.122406
0.14340826629180914,0.5453425882018972,0.0683949641081,-0.00033186149820709984,1.5199394,5.102955
-0.028057450127178737,0.4974328767731584,0.2759016049620104,0.42650650256670986,3.0987642,2.2914767
0.3267243603248803,0.4974328767731584,0.2759016049620104,0.42650650256670986,3.5893593,2.6718392
0.3267243603248803,0.11916915327298438,0.2759016049620104,0.42650650256670986,0.080869466,1.5674374
0.3267243603248803,0.4974328767731584,0.5257973724521124,0.42650650256670986,3.540152,1.7746475
0.3267243603248803,0.4974328767731584,0.5257973724521124,0.5383321042565079,3.5115318,1.7968702
-0.040188771141486876,0.14421630421832043,0.5982322699539856,0.7361826272904075,2.9586124,1.1511612
0.18007010186819306,0.8995657345235291,0.475635375018236,0.151645937584675,2.2834573,2.0661888
0.22316983462006912,0.2505749053231825,0.4922099695553745,0.7119102876216559,3.527468,1.897267
0.01937854833832854,0.71596601250311,0.7925066272230502,0.6210782468291143,0.61960524,0.15431094
0.4224604129669204,0.2505749053231825,0.4922099695553745,0.7119102876216559,3.2837987,3.7927883
0.4224604129669204,0.040839538696807676,0.4922099695553745,0.7119102876216559,0.32375658,3.8799624
0.4224604129669204,0.2505749053231825,0.7774019236548665,0.7119102876216559,1.8675096,3.4764209
0.4224604129669204,0.2505749053231825,0.4922099695553745,0.33264174761334786,2.7571259,3.809662
0.44094199404632184,0.7810447940870344,0.743451503091077,0.2506274374516124,2.5866637,3.0854056
0.2415398111346866,0.7516433936908582,0.2324131915605724,0.3751542429268362,2.9246597,2.1219878
-0.023437134550476565,0.22076619944059717,0.7881076137674387,0.017994177553756405,2.6480064,2.7226088
0.5598474714973857,0.5466701432402936,0.7594479263402775,0.10349533808035713,4.191675,4.0353065
0.6446269599653579,0.5466701432402936,0.7594479263402775,0.10349533808035713,4.191675,4.0657334
0.6446269599653579,0.623178290984264,0.7594479263402775,0.10349533808035713,2.757904,3.3426647
0.6446269599653579,0.5466701432402936,0.6128515370637099,0.10349533808035713,5.152432,3.5689685
0.6446269599653579,0.5466701432402936,0.6128515370637099,0.5915875941037037,3.2282686,3.5541139
0.5574760652735596,0.6572604887389715,0.5305649667210298,0.3206159690942556,3.4330077,3.2264764
0.04419149525261935,0.40876331155346834,0.2928204697568901,0.42833490270090735,3.8663368,1.8323493
-0.03806971222997056,0.1915213502796136,0.6289342756776354,0.06389086725033263,3.4279768,2.5202918
-0.043017066581992544,0.8185057860349438,0.7100475595747094,0.691756230524021,0.030647453,0.7518114
0.4510079115515385,0.5466701432402936,0.6128515370637099,0.10349533808035713,5.1552453,3.5308137
0.4510079115515385,0.27502597685664076,0.6128515370637099,0.10349533808035713,4.5813317,3.4718032
0.4510079115515385,0.27502597685664076,0.6331108862154226,0.10349533808035713,4.506106,4.015569
0.4510079115515385,0.27502597685664076,0.6331108862154226,0.3326231942068567,2.3846645,3.6234481
0.5814263560613918,0.05355331507999095,0.6130446934061052,0.24522167881716325,0.9450342,3.4314775
0.6155841257468434,0.19648873646674048,0.253045483030148,0.3432585151008034,1.5945569,4.5224833
0.2626878394899087,0.32510113182907485,0.39535794638606164,0.39069099420771636,3.1396322,2.0804563
0.0008499142738224302,0.15739122221089996,0.4870886485385841,0.6109450414741566,2.5929885,0.993506
0.07227346968625938,0.27502597685664076,0.6331108862154226,0.10349533808035713,4.4293885,1.9192431
0.07227346968625938,0.6818293659166943,0.6331108862154226,0.10349533808035713,2.572358,1.3721185
0.07227346968625938,0.27502597685664076,0.11388883966899002,0.10349533808035713,2.5047543,2.9159632
0.07227346968625938,0.27502597685664076,0.6331108862154226,0.3444474443629133,2.4063244,1.3265305
-0.020135078209077104,0.12940476304333703,0.6091378982952488,0.06928105005200533,1.6565027,2.3922942
0.1928950839880751,0.8078754685015519,0.07508234085599988,0.20251931872160608,0.73676723,2.5476003
0.261903684726735,0.17245154006925834,0.6822854447608616,0.20171823105298256,2.948244,2.1205165
0.18662063867427003,0.10419436717169761,0.7132046271134213,0.5938282118738805,-0.19501422,0.55199826
0.09252569136206946,0.27502597685664076,0.6331108862154226,0.10349533808035713,4.6109557,1.9430935
0.09252569136206946,0.7557897256651116,0.6331108862154226,0.10349533808035713,2.5267804,1.5077732
0.09252569136206946,0.27502597685664076,0.30237274070450487,0.10349533808035713,4.7728868,2.3631055
0.09252569136206946,0.27502597685664076,0.30237274070450487,0.1910447910664139,4.7002425,2.4990382
0.3175087954410939,0.4472545562396739,0.12013844619033245,0.5388044999202997,2.6064882,2.5389864
0.005741779158859553,0.2464718829240793,0.6917500930127226,0.3700210105469779,1.2860317,0.5942706
0.5616450526479578,0.245583435474368,0.6623745544383975,0.7203263283797945,1.7210511,3.5213299
0.3599078180071521,0.7292108163877464,0.17509812442999043,0.7061056564051214,2.72732,3.4104302
0.4310391100423768,0.27502597685664076,0.30237274070450487,0.1910447910664139,4.3725047,3.9710438
0.4310391100423768,0.7466062927818888,0.30237274070450487,0.1910447910664139,3.1019764,3.4102857
0.4310391100423768,0.27502597685664076,0.42029696619763474,0.1910447910664139,4.3639207,3.961198
0.4310391100423768,0.27502597685664076,0.42029696619763474,0.703044704908379,3.3200707,3.7568262
0.45684481158688783,0.4943938491284885,0.5121128049685887,0.6552011418641612,3.638154,3.8310976
0.2644659836098405,0.34103192082603906,0.789158730377092,0.213866872624866,3.4114609,1.081865
-0.02130196267763794,0.34701035371609823,0.5152004346019731,0.13197861187556012,4.8059206,2.2831037
0.2248177738336855,0.6465241457860289,0.41968744345359305,0.10766434747561601,3.3954334,1.9733886
0.0032054530466013725,0.34701035371609823,0.5152004346019731,0.13197861187556012,4.6378984,1.9078847
0.0032054530466013725,0.4056541221077379,0.5152004346019731,0.13197861187556012,4.907752,1.9735494
0.0032054530466013725,0.4056541221077379,0.43091924365272266,0.13197861187556012,4.9145617,2.0814426
0.0032054530466013725,0.4056541221077379,0.43091924365272266,0.7077675954441673,3.1038346,1.0515661
0.08280096772906766,0.5656638541825583,0.5662208133426113,0.29633847911921407,3.480149,1.255569
0.03247276284373414,0.4064710085814771,0.09006513151096698,0.23214723764495201,2.2363505,2.7598853
0.11181661947118506,0.668504356522436,0.8199434351930502,0.4316473590726986,1.2491502,0.6369259
0.5101210982978283,0.8880190642997752,0.5843190361282872,0.25984168996206947,2.7615864,3.2733402
0.2030195687752584,0.4056541221077379,0.43091924365272266,0.13197861187556012,4.798773,2.6562357
0.2030195687752584,0.2693776665280212,0.43091924365272266,0.13197861187556012,4.4787817,2.5193014
0.2030195687752584,0.2693776665280212,0.044485291469895584,0.13197861187556012,1.5259297,2.8144474
0.2030195687752584,0.2693776665280212,0.43091924365272266,0.5400097143858105,3.233039,1.8592055
0.4707923121786409,0.6029161216573917,0.33919322546487857,0.041691857884821076,3.687435,3.4970372
-0.018417955354592994,0.15891337143517825,0.04971589999237073,0.41148501284326144,1.4742644,1.7032667
-0.06429555778818373,0.3884344128018835,0.7787797103980555,0.5606309887656238,2.0322754,0.641041
0.48358746278224396,0.5229483819666076,0.26049968714812616,0.061027554140281354,5.42294,5.560111
0.3011376660545878,0.5229483819666076,0.26049968714812616,0.061027554140281354,5.238218,4.21416
0.3011376660545878,0.25267749743726364,0.26049968714812616,0.061027554140281354,4.872511,3.6609914
0.3011376660545878,0.25267749743726364,0.6145898305983016,0.061027554140281354,4.2743015,2.4918602
0.3011376660545878,0.25267749743726364,0.6145898305983016,0.7079762189292893,2.7816625,1.2882237
0.15325897427958657,0.3298687497188926,0.4481623059652277,0.11981688448892311,4.5897,2.3671854
0.3531950486241663,0.17573444341509248,0.7164141191258387,0.6838044024143741,1.7393031,3.4184346
0.032185117496716834,0.5471490414348916,0.3242063002961903,0.48986378701081534,3.459922,1.7561693
0.5927506672561503,0.7382613703348162,0.43858619180872743,0.42005959722528985,3.3816566,3.2032247
0.2161742023460057,0.3298687497188926,0.4481623059652277,0.11981688448892311,4.4889073,2.5076396
0.2161742023460057,0.07963261089641893,0.4481623059652277,0.11981688448892311,1.5107112,1.9620068
0.2161742023460057,0.3298687497188926,0.3016994010842872,0.11981688448892311,4.5002847,2.6638503
0.2161742023460057,0.3298687497188926,0.3016994010842872,0.4723923082555501,3.3399177,2.1243467
0.6574329385821082,0.6928204991063724,0.3953914477636053,0.3478482063387105,2.9973807,3.194415
0.27239950513258526,0.0525110517500349,0.367410188672391,0.6065124344110231,-0.16853273,1.1600372
0.009074637424412293,0.5973180436403442,0.005513186578894135,0.14491534676828619,0.75701714,0.6783565
0.4442261176406642,0.42027074428349387,0.6058459127939461,0.240161889982879,4.725318,4.0447907
-0.05047524124325241,0.42027074428349387,0.6058459127939461,0.240161889982879,4.4279685,2.2053478
-0.05047524124325241,0.653006970335821,0.6058459127939461,0.240161889982879,2.3756685,1.208311
-0.05047524124325241,0.42027074428349387,0.48789633852341957,0.240161889982879,4.5791335,2.5833309
-0.05047524124325241,0.42027074428349387,0.48789633852341957,0.4106310691924939,3.399859,1.439551
-0.030622220722823598,0.007365257409578163,0.7871399185131417,0.06555511695097135,1.1591399,2.261338
0.011221086302962383,0.8851544115288554,0.3540242641508015,0.2016042867251677,0.52771795,1.392656
0.23797576310224955,0.8659159425330953,0.8265432165854575,0.4620776887674758,1.5201682,1.0641133
0.17913971344292168,0.33224439100057346,0.7165306597808286,0.5749567013075101,2.497836,1.4018327
0.4565131287056018,0.42027074428349387,0.48789633852341957,0.240161889982879,4.866377,4.1969867
0.4565131287056018,0.6495920584797332,0.48789633852341957,0.240161889982879,3.754764,3.1544085
0.4565131287056018,0.42027074428349387,0.013343781738396041,0.240161889982879,1.2834264,6.0324764
0.4565131287056018,0.42027074428349387,0.48789633852341957,0.16616737507508714,5.1616,4.273372
0.12549018210380292,0.08139089161371871,0.5655487668131273,0.6154174508567003,0.2568524,0.8186905
0.5361044606686524,0.7761761487113366,0.3996448290617129,0.5757245730487277,3.1998365,3.2018855
0.35290974709417855,0.7386399486793453,0.43276436703329896,0.22918766263716958,3.0834775,3.049315
0.33429651427999574,0.080528531212404,0.8246880110325633,0.5381018750883406,-0.28592256,0.054513536
0.29692161926121885,0.42027074428349387,0.48789633852341957,0.16616737507508714,5.0392995,2.9201007
0.29692161926121885,0.24166285600017368,0.48789633852341957,0.16616737507508714,3.159116,2.3897998
0.29692161926121885,0.42027074428349387,0.43312026543740373,0.16616737507508714,4.982572,2.9110935
0.29692161926121885,0.42027074428349387,0.43312026543740373,0.5267564067525292,3.6047192,2.1167092
0.12422711365894513,0.265906693553148,0.3621658070837234,0.7283106631801708,3.6196032,2.0521178
0.2586712139139854,0.6207675499902003,0.7076999559417086,0.46144118262094835,2.4684122,1.3276627
0.5906453615621673,0.14857255108756284,0.42357203520694625,0.08311238820423836,3.258298,3.9436562
0.5904706598228334,0.8151911795007454,0.17964787636847115,0.585203080407986,2.7581851,3.5166414
0.25244216771072725,0.42027074428349387,0.43312026543740373,0.16616737507508714,4.982572,2.9110935
0.25244216771072725,0.05828187434129939,0.43312026543740373,0.16616737507508714,1.1281121,1.89521
0.25244216771072725,0.42027074428349387,0.505932704077689,0.16616737507508714,5.018485,2.8028166
0.25244216771072725,0.42027074428349387,0.505932704077689,0.17650077712710296,5.0451264,2.8736222
0.08081538345263385,0.05152208191292873,0.13959973063006262,0.0855401251856662,1.5255312,3.094564
-0.06267772943445125,0.2367668405861214,0.05860549223595283,0.2647971728857712,1.4502407,2.7266307
0.5355308306470675,0.756938939700877,0.37171517641311297,0.16774461539216998,3.1201656,3.1050465
0.30616673913160974,0.4685104978220731,0.5543574181970209,0.3314635263510368,3.4352276,1.7936746
0.5894432685926069,0.42027074428349387,0.505932704077689,0.17650077712710296,5.167053,4.279646
0.5894432685926069,0.7572990645722317,0.505932704077689,0.17650077712710296,3.5298834,3.2249377
0.5894432685926069,0.42027074428349387,0.3768882942478972,0.17650077712710296,5.1068316,4.279388
0.5894432685926069,0.42027074428349387,0.3768882942478972,0.7204573031337631,3.7192435,4.18148
0.318352985013297,0.17972891411012215,0.7882403083557427,0.39809021234187725,1.3943062,0.65735346
0.5895387299719111,0.15274676334672854,0.10489695133481095,0.6724273059136685,2.090359,4.730363
0.4297677905044114,0.20471275138703415,0.7356262429338195,0.5053482950692931,1.5710866,3.5309167
0.2046136740117791,0.13331881913648536,0.06928965674752377,0.34292446926828646,1.5317582,1.8814218
0.1663964118662421,0.42027074428349387,0.3768882942478972,0.17650077712710296,5.0326605,2.94282
0.1663964118662421,0.5024324982185444,0.3768882942478972,0.17650077712710296,4.734092,2.76521
0.1663964118662421,0.5024324982185444,0.3781208436105525,0.17650077712710296,4.734092,2.76521
0.1663964118662421,0.5024324982185444,0.3781208436105525,0.3628193978888241,3.3593488,1.922523
0.009455695478213802,0.8996962679375917,0.33138110700030093,0.6121466255265098,0.8829547,0.9876026
-0.04510680757114437,0.15199277168697245,0.6042940426961566,0.12176338610146328,3.8433132,2.4040577
0.024887036459962833,0.6050909681813148,0.3633638682576374,0.31204787832929526,2.8459985,1.0621166
0.24735386005328353,0.6524684722947032,0.34288429063157627,0.4573078375861286,3.4135554,1.8676394
0.6255342659401325,0.5024324982185444,0.3781208436105525,0.17650077712710296,4.904982,3.9476523
0.6255342659401325,0.17992933123188903,0.3781208436105525,0.17650077712710296,3.3048747,3.935973
0.6255342659401325,0.5024324982185444,-0.0026034378536340065,0.17650077712710296,1.2545855,6.3143077
0.6255342659401325,0.5024324982185444,0.3781208436105525,0.33569366479855844,3.3011904,3.8825057
0.3439316121257,0.8209048416882276,0.8204825259486975,0.34884142873085366,1.3937737,3.0417266
0.35414574640960106,0.18478337635040454,0.5508427924591736,0.6350856227024693,2.026208,3.633474
0.2028897831245552,0.0704313209734031,0.058365428410078225,0.40665375749413357,0.7947982,1.0267096
0.30095470160218774,0.5073542962501043,0.18894566972576535,0.010642888223529188,4.7689476,5.09977
0.16677186361466168,0.5073542962501043,0.18894566972576535,0.010642888223529188,4.8737864,5.11881
0.16677186361466168,0.35567263098745494,0.18894566972576535,0.010642888223529188,4.9731717,4.711564
0.16677186361466168,0.35567263098745494,0.1350917350686073,0.010642888223529188,4.4387712,4.7269864
0.16677186361466168,0.35567263098745494,0.18894566972576535,0.7267466482392457,3.3347225,2.9584785
0.6343148112439224,0.8784173098743078,0.7629638668280684,0.6491930250342648,1.701522,3.15984
0.5771384691802671,0.23317127209476052,0.01431645078265734,0.7162517597781601,1.2002025,5.2655754
0.4014678080719368,0.7707098687605858,0.5785136373452672,0.24364256171835305,3.2450745,3.1539395
0.4866053209092195,0.3189255084098943,0.23799067837105517,0.32571526471044976,2.9874747,4.44554
-0.07819260901244261,0.35567263098745494,0.18894566972576535,0.010642888223529188,4.871782,3.779205
-0.07819260901244261,0.7068955302931652,0.18894566972576535,0.010642888223529188,1.3604122,4.1588545
-0.07819260901244261,0.35567263098745494,0.06307908588001113,0.010642888223529188,1.8288251,3.785822
-0.07819260901244261,0.35567263098745494,0.18894566972576535,0.6016603931720859,3.0033576,2.2404168
0.09663626446952524,0.4485325327272913,0.20979962120971632,0.0345674249639458,5.3607802,4.6200843
0.1395288627852741,0.5571716011711754,0.2060682730280358,0.6599936222465779,3.5326602,2.2887695
-0.05857570909034791,0.36231051961630634,0.39764368283927615,0.023118943629132336,4.5992413,3.0328948
-0.0431007798019981,0.7089402674296132,0.4441056300233938,0.5023729287274605,1.7233216,0.83126724
0.17648598503150248,0.4485325327272913,0.20979962120971632,0.0345674249639458,5.48384,4.763567
0.17648598503150248,0.5822629853296686,0.20979962120971632,0.0345674249639458,3.814387,4.624139
0.17648598503150248,0.4485325327272913,0.8109722497674426,0.0345674249639458,4.3302555,4.109764
0.17648598503150248,0.4485325327272913,0.20979962120971632,0.23421888898334228,5.0446267,3.359767
0.17648598503150248,0.4485325327272913,0.20979962120971632,0.0345674249639458,5.48384,4.763567
0.17648599503150247,0.4485325327272913,0.20979962120971632,0.0345674249639458,5.48384,4.763567
0.17648598503150248,0.4485325427272913,0.20979962120971632,0.0345674249639458,5.48384,4.763567
0.17648598503150248,0.4485325327272913,0.20979963120971631,0.0345674249639458,5.48384,4.763567
0.17648598503150248,0.4485325327272913,0.20979962120971632,0.0345674349639458,5.48384,4.763567
0.38561158414006236,0.6888232378918695,0.7588065514431895,0.03809774479173453,2.2146492,3.160539
0.3299355794388542,0.7794767437281722,0.5465360394860891,0.4088819007537303,3.307583,1.6991463
0.26621005702284906,0.8940519900182227,0.37634982860521266,0.5342116420672163,2.640187,1.9580948
0.489581944346991,0.8861813656077735,0.6039116661025371,0.43597090263197913,2.8065453,3.3153358
0.40178220241159035,0.4485325327272913,0.20979962120971632,0.23421888898334228,5.1209464,5.2510695
0.40178220241159035,0.7506071070399996,0.20979962120971632,0.23421888898334228,3.008257,3.8439863
0.40178220241159035,0.4485325327272913,0.030724969308625925,0.23421888898334228,1.1009476,6.024041
0.40178220241159035,0.4485325327272913,0.20979962120971632,0.25009215033428234,5.240011,5.2312036
0.22716584365950354,0.5656351440528122,0.41886197382206886,0.16610046798401965,3.8918283,2.206664
-0.059547099454776084,0.5145606541810981,0.3655989009822011,0.4791278033031823,3.1076267,1.6568545
0.4122542466980387,0.07587353461611857,0.3935944719523538,0.3126740149905274,-0.37884617,3.6484036
0.041003949793914876,0.19971474142636536,0.5094991780746251,0.3894803087762426,2.3977718,0.8948007
0.21947343103203842,0.4485325327272913,0.20979962120971632,0.25009215033428234,5.1783524,3.334741
0.21947343103203842,0.015889710864387396,0.20979962120971632,0.25009215033428234,1.4437695,2.2921915
0.21947343103203842,0.4485325327272913,0.10602933586691235,0.25009215033428234,2.94623,3.1536305
0.21947343103203842,0.4485325327272913,0.20979962120971632,0.33720943257721814,3.4084756,2.719988
-0.043280749873310195,0.28778252194850307,0.7984625085783915,0.38270565017418434,1.9657049,0.46312308
-0.01539387431460347,0.7018560974517878,0.5004072839014676,0.37844374289260685,1.734512,0.8317786
0.5207278810214412,0.4894566753331726,0.6670240458234019,0.582804692285702,2.9581368,3.6757638
0.23421381495947224,0.48796761310642545,0.6496013666657768,0.016298328278278238,4.731651,4.516691
0.40487591072053075,0.48796761310642545,0.6496013666657768,0.016298328278278238,4.7835636,4.4060225
0.40487591072053075,0.23833933730020096,0.6496013666657768,0.016298328278278238,3.4593117,4.326723
0.40487591072053075,0.48796761310642545,0.10837323993140338,0.016298328278278238,2.647391,6.614001
0.40487591072053075,0.48796761310642545,0.6496013666657768,0.2836186858290475,4.4948316,3.688033
0.5180324192010172,0.1707328601088718,0.8290690982615029,0.6501410206736757,1.3846762,3.4346077
0.4164270671390017,0.23097901196995885,0.2805556046716044,0.10822630909395056,3.4003766,4.2844567
0.13410041553988694,0.6985316727958462,0.46280979392937466,0.2765977076015389,3.191414,1.8811193
0.457749266258794,0.4589962474930789,0.6325582954405354,0.6657796996661673,2.9671729,3.8755784
-0.01350712460576041,0.48796761310642545,0.6496013666657768,0.2836186858290475,3.6525474,1.5930624
0.40487591072053075,0.3331632276604721,0.6496013666657768,0.2836186858290475,3.8722289,3.5628073
0.40487591072053075,0.48796761310642545,0.2890878373192058,0.2836186858290475,4.583428,3.8630872
0.40487591072053075,0.48796761310642545,0.2890878373192058,0.32012984148707346,3.4245262,3.8903084
0.3765704930939272,0.8606697361329725,0.5243462789470196,0.22518486100975108,2.608605,3.2344656
0.18812139193865385,0.7282320404318146,0.21735235153852575,0.7057666639430913,3.0280554,2.110135
0.2638385909917803,0.7331752598196521,0.3630598186456688,0.25589783547607325,3.1952925,2.0240629
0.5315687354802375,0.524661521671657,0.5712162002286755,0.1491760958706436,4.9790835,3.9720619
0.00744341326622279,0.524661521671657,0.5712162002286755,0.1491760958706436,4.348954,2.0023654
0.5315687354802375,0.22238522082349865,0.5712162002286755,0.1491760958706436,3.3768466,4.036846
0.5315687354802375,0.524661521671657,0.35237698679371604,0.1491760958706436,4.867441,3.9327562
0.5315687354802375,0.524661521671657,0.35237698679371604,0.24052241995270404,4.6279683,3.859275
0.2479407431506847,0.10136899785075748,0.24124973484190618,0.26631143036705396,1.1476394,2.3568203
0.3651452746335221,0.4222532393559999,0.5069256738779687,0.47308228404158115,3.6629837,3.9605157
0.275556858953549,0.7186921798356902,0.4784900714577937,0.005927167726817093,2.4102483,4.5452127
0.19027554353544918,0.8873624871081045,0.12011818990199333,0.45827383715582926,1.4160994,2.0805357
0.1850954524169831,0.524661521671657,0.35237698679371604,0.24052241995270404,4.5673146,2.7353795
0.5315687354802375,0.09856159838922629,0.35237698679371604,0.24052241995270404,0.9189187,3.815732
0.5315687354802375,0.524661521671657,0.5537098605437784,0.24052241995270404,4.56175,3.8893013
0.5315687354802375,0.524661521671657,0.5537098605437784,0.6365408209970091,3.5360136,3.8469121
0.02299964693081992,0.8353134043014641,0.18319165870543622,0.21145793596485515,1.5458815,1.9222851
0.0040213251766158115,0.8713502042403896,0.5247645275152876,0.008267006402874675,-0.18579383,2.6270325
0.07278734591426574,0.6359772828343129,0.08770565078912887,0.7122171246957549,1.9713304,1.6964691
0.005338906474185903,0.06396798949742433,0.3836007944277337,0.1962782845502353,1.3655295,1.8375758
0.15644921598362604,0.524661521671657,0.5537098605437784,0.24052241995270404,4.381583,2.3897882
0.15644921598362604,0.4738569897024867,0.5537098605437784,0.24052241995270404,4.480925,2.3919342
0.15644921598362604,0.4738569897024867,0.0036049430719348506,0.24052241995270404,0.9677779,1.4555348
0.15644921598362604,0.4738569897024867,0.5537098605437784,0.38706100761962503,3.2783704,1.5473895
0.3365978360140264,0.09421556753190696,-0.0045054710688586476,0.6524456347337413,0.21478002,-0.3829919
0.086209290667857,0.3707848563825995,0.26418702097583585,0.009615366896191777,5.2357717,4.6302705
0.17841752813230738,0.2325239743058236,0.43371573568015126,0.6835396182042359,2.8727121,1.6727786
-0.017902164739732926,0.82545158951282,0.23007949054341195,0.2884804629058806,0.40163875,2.213189
0.1910400396661699,0.3707848563825995,0.26418702097583585,0.009615366896191777,5.1648426,5.003346
0.1910400396661699,0.6677432191953039,0.26418702097583585,0.009615366896191777,3.0441124,4.7028794
0.1910400396661699,0.3707848563825995,0.7684953974201106,0.009615366896191777,3.8948026,4.0696316
0.1910400396661699,0.3707848563825995,0.26418702097583585,0.5447267505951068,3.3370347,3.076451
0.07178225502129178,0.151000232713693,0.2055568243942071,0.0426468218452811,3.7469542,3.3714921
0.5300733636314615,0.8355593768147904,0.020015087271685692,0.09099536595059729,0.46299267,6.0244374
0.19347476898083504,0.5275368622472176,0.2230725361426006,0.015515460328082018,5.289404,5.1220727
0.5186086790458851,0.767588240930384,0.08032460588447546,0.7140406680169278,1.5104722,5.266983
0.3112814615472125,0.5275368622472176,0.2230725361426006,0.015515460328082018,5.221768,5.047942
0.3112814615472125,0.039296084053787705,0.2230725361426006,0.015515460328082018,2.1652954,3.8496625
0.3112814615472125,0.5275368622472176,0.160997310918391,0.015515460328082018,4.5393825,5.1109195
0.3112814615472125,0.5275368622472176,0.2230725361426006,0.40840077990527845,3.6062024,2.6741838
0.5501760797175846,0.3702521401267034,0.718969747653602,0.5519091846025788,2.3381233,3.7293146
0.3001525866937579,0.3184339686548361,0.6793297700191373,0.30344250903799974,2.4556565,1.4519533
0.25093659003635194,0.706917641688765,0.8043894864236537,0.5333262995069887,1.34227,0.8544711
0.44976329423593364,0.19593939321072318,0.2337482100255758,0.23977362531713806,3.4218717,4.574554
0.4539121224034185,0.5275368622472176,0.2230725361426006,0.015515460328082018,5.452,5.795215
0.4539121224034185,0.7927621767936608,0.2230725361426006,0.015515460328082018,2.00919,4.266747
0.4539121224034185,0.5275368622472176,0.5462892201096546,0.015515460328082018,4.734991,4.06267
0.4539121224034185,0.5275368622472176,0.2230725361426006,0.7243925071407702,3.6582665,4.698239
0.09684683759082215,0.7490361292864538,0.18031824967286694,0.4457890335299943,2.8236332,1.7920566
0.17476755438227765,0.11166776366366937,0.8281480503140347,0.23013638154263558,0.9160741,0.656776
-0.07047053225796117,0.6326573945837621,0.6724672489458351,0.1331192393262199,1.9382436,1.4903055
-0.06009499097454994,0.27286300462945734,0.8114739217960122,0.4163657930345188,2.1130505,0.5103758
0.46154827487024785,0.5275368622472176,0.2230725361426006,0.015515460328082018,5.452,5.795215
0.46154827487024785,0.3216604529063267,0.2230725361426006,0.015515460328082018,5.3986735,5.962389
0.46154827487024785,0.3216604529063267,0.055996646271245266,0.015515460328082018,1.583178,6.2811007
0.46154827487024785,0.3216604529063267,0.2230725361426006,0.732085405302751,3.3215055,4.436131
0.2627543144834136,0.5834066745694129,0.16054170061929166,0.0737609540104209,3.1522284,3.7551785
-0.03727825659192795,0.7283339100090069,0.7422970596334223,0.39292075742568144,1.061388,0.5218601
0.20186661011676443,0.6028416812191222,0.29247712965369116,0.7010591916747124,3.5512803,1.892096
0.27612326248123453,0.5756386492211996,0.18484743711097576,0.04661772326384647,3.5485594,3.777785
0.4054663545045346,0.3216604529063267,0.2230725361426006,0.015515460328082018,5.351854,5.773854
0.4054663545045346,0.8039805713222026,0.2230725361426006,0.015515460328082018,1.915344,4.051502
0.4054663545045346,0.3216604529063267,0.1892569562779495,0.015515460328082018,5.157496,5.729035
0.4054663545045346,0.3216604529063267,0.1892569562779495,0.6857246205238141,3.370773,4.367121
0.4810464602165959,0.07883641233128236,0.14093869884926394,0.44564635738655056,0.49271584,3.8512993
0.45241471817705936,0.6160898123169685,0.6177462746855563,0.10983113279161924,4.0227113,2.7380722
0.03697771750068525,0.17378084432732877,0.039324975617052095,0.05889456588430872,1.2754357,3.1943102
-0.017408865239791113,0.28661178688422595,0.12287652729018231,0.4080922536234617,1.8831061,1.9605063
0.4167339545815646,0.3216604529063267,0.1892569562779495,0.015515460328082018,5.157496,5.7326035
0.4167339545815646,0.6749025890929636,0.1892569562779495,0.015515460328082018,3.0629494,4.221866
0.4167339545815646,0.3216604529063267,0.5972772265844867,0.015515460328082018,4.4842772,4.562574
0.4167339545815646,0.3216604529063267,0.1892569562779495,0.04189583530441607,4.8931665,5.34111
0.6612174612655303,0.01704453330454614,0.2988874827444547,0.7071222170787763,0.2806172,3.8915231
0.40374512587657685,0.28280461169810733,0.6527106278262188,0.16829076871188417,4.4563417,3.716951
0.0932905659892337,0.396894962171765,0.042918231575779155,0.1582870299029224,1.5673416,2.989462
0.17120025316747223,0.19602544367682473,0.3051030130056955,0.055458847086175184,3.3548706,3.216282
0.06697166334982309,0.3216604529063267,0.1892569562779495,0.04189583530441607,4.989725,3.4762201
0.06697166334982309,0.7210920910341918,0.1892569562779495,0.04189583530441607,2.326477,3.0000556
0.06697166334982309,0.3216604529063267,0.3934381001536628,0.04189583530441607,4.6145873,2.9735951
0.06697166334982309,0.3216604529063267,0.1892569562779495,0.011801354433963216,5.0063896,4.5034223
0.6652027846382648,0.35445631553339263,0.3737464218094257,0.635482400253057,3.1762626,4.017858
0.3865879445248136,0.7404025158601453,0.37229447091247353,0.7262540128420376,3.0055583,3.067147
0.5284586503551149,0.5198726728183489,0.49387983265543184,0.4576744582536172,3.7253802,3.931055
0.12066157016445701,0.9163292622938122,0.08893118321265484,0.3205527816232845,0.8597025,1.8960849
0.6293141928670166,0.3216604529063267,0.1892569562779495,0.011801354433963216,5.0405054,5.4839306
0.6293141928670166,0.21423078880791868,0.1892569562779495,0.011801354433963216,3.7542505,5.3888035
0.6293141928670166,0.3216604529063267,0.3147975955545132,0.011801354433963216,4.3472404,3.9361746
0.6293141928670166,0.3216604529063267,0.1892569562779495,0.01220834750953512,5.0405054,5.4839306
0.48200557484174433,0.7981692699754359,0.021463743044613546,0.23954532831239914,0.541617,5.853702
0.12265388561796632,0.6694789209736434,0.767936475989392,0.008513749043416372,1.854853,4.3082895
0.5751725512429705,0.9135939520388012,0.42437536805373316,0.4261909071412511,2.8427854,3.2738419
-0.06258359592566075,0.29269713464495206,0.7863896139047032,0.03990571136462148,3.640675,2.280564
0.23169878993571957,0.3216604529063267,0.1892569562779495,0.01220834750953512,4.9110675,4.804398
0.23169878993571957,0.8573965334375968,0.1892569562779495,0.01220834750953512,1.7064829,3.2160683
0.23169878993571957,0.3216604529063267,0.7649375468634466,0.01220834750953512,3.9152822,4.017661
0.23169878993571957,0.3216604529063267,0.1892569562779495,0.6111188855450642,3.3211231,2.5897863
0.46226120078968325,0.044078103214700626,0.2681696053662312,0.11144748693142145,1.4366837,4.7852592
0.3525331172131657,0.8797103555291859,0.15728454479086898,0.6885312314263423,2.406084,3.5412505
0.5084314814256478,0.487349164512203,0.13372380731614744,0.0743064249014189,4.6575027,5.27509
0.44410432110164033,0.9023295223570007,0.7561768874213172,0.659145518811318,1.7082257,3.138323
0.2520789265546325,0.487349164512203,0.13372380731614744,0.0743064249014189,4.401037,4.144954
0.2520789265546325,0.5427681946755141,0.13372380731614744,0.0743064249014189,4.414806,4.1212783
0.2520789265546325,0.5427681946755141,0.40267096516507545,0.0743064249014189,4.563753,3.5944571
0.2520789265546325,0.5427681946755141,0.40267096516507545,0.6034144134003689,3.6154773,2.1502404
0.6455958831405125,0.45294879958409284,0.5061091145178723,0.46585810852832665,3.7325246,4.0364537
0.5422680664111633,0.1881731517859886,0.3203233268132046,0.14812279601546405,3.2963958,3.9367998
0.26882518515678366,0.208666906042128,0.5484350693506558,0.5950545782159082,1.9316483,1.4010535
0.5256957028725736,0.6616228697545283,0.7972755504024883,0.49484310456209357,1.4033446,2.9367373
0.2768119047280354,0.5427681946755141,0.40267096516507545,0.0743064249014189,4.563753,3.5944571
0.2768119047280354,0.4628836549024422,0.40267096516507545,0.0743064249014189,4.7831817,3.61541
0.2768119047280354,0.4628836549024422,0.6360454516513129,0.0743064249014189,4.921072,3.5121934
0.2768119047280354,0.4628836549024422,0.6360454516513129,0.42399381849681106,3.0410578,1.6063893
-0.04598185591236269,0.5355753076172425,0.0436814832271332,0.4206180910420976,1.6729503,1.947344
0.43616592289897793,0.6462206276947384,0.727242983800075,0.3402548885485146,2.193357,3.049928
0.65950001171833,0.25438247597819563,0.37525199886868016,0.16618689162406494,4.395985,3.9490585
0.3238440292210062,0.08206250185725317,0.533061925747221,0.3762249678711811,-1.0574878,0.75362355
0.3438622501464216,0.4628836549024422,0.6360454516513129,0.0743064249014189,5.043195,4.1967597
0.3438622501464216,0.42284941635312245,0.6360454516513129,0.0743064249014189,5.1089997,4.3432846
0.3438622501464216,0.42284941635312245,0.8212279792385536,0.0743064249014189,4.4082475,4.2464566
0.3438622501464216,0.42284941635312245,0.6360454516513129,0.5057819337278318,2.924389,3.9130526
0.4970496283860101,0.012970452107155417,0.4035911670234253,0.33304470467738057,-0.33288452,3.8203545
0.117984962637829,0.5827077309708164,0.45442210297204383,0.0410896624059269,3.3353443,3.2379134
0.6186170409139172,0.1939489057922965,0.19901587714185212,0.589679751347294,2.2789376,4.272517
0.351917007311506,0.20975070163891374,0.2065871803768248,0.6288095774727367,2.1887074,4.3926673
0.2314713187364329,0.42284941635312245,0.6360454516513129,0.0743064249014189,5.0909014,3.8372421
0.2314713187364329,0.8014266750909429,0.6360454516513129,0.0743064249014189,2.3859668,2.799259
0.2314713187364329,0.42284941635312245,0.02483327031541008,0.0743064249014189,0.88901174,4.206902
0.2314713187364329,0.42284941635312245,0.6360454516513129,0.6399815208685311,3.014659,1.7932576
0.01463486526064596,0.20026605839047384,0.5440602524993471,0.24789793316562833,3.2977555,1.4655172
0.5088953366621792,0.1673293207200568,0.681102957869974,0.006047635017562645,3.2895346,4.2056565
-0.01944840418652337,0.011235843314897132,0.09674315462372665,0.034264080417795356,1.4361421,3.4761188
0.5416025958621583,0.87544108765141,0.616448358991735,0.06543910197080291,2.3785565,2.901089
0.10479948115603412,0.42284941635312245,0.6360454516513129,0.0743064249014189,4.811426,3.389373
0.2314713187364329,0.34201278367335775,0.6360454516513129,0.0743064249014189,4.3791146,3.0855098
0.2314713187364329,0.42284941635312245,0.4330522899020654,0.0743064249014189,4.9249926,3.8474317
0.2314713187364329,0.42284941635312245,0.4330522899020654,0.42683205782316946,3.7707946,2.071536
-0.006884569033291585,0.7571883366864105,0.74240079828827,0.7271991096925774,0.85158914,0.58855087
0.061586492992291256,0.39553789695397024,0.493334213486424,0.29265975800074884,3.287256,1.5703592
0.5969709995704219,0.4143821350164405,0.1108158415275459,0.2340803613106743,2.8944278,5.522921
0.290815751265895,0.5061224746801147,0.08352982095194009,0.4073639586677764,2.3476129,2.5062623
0.3072502939098877,0.42284941635312245,0.4330522899020654,0.0743064249014189,4.8750587,3.8392673
0.3072502939098877,0.1005548862968424,0.4330522899020654,0.0743064249014189,1.1340815,2.8712888
0.3072502939098877,0.42284941635312245,0.8116581523381762,0.0743064249014189,4.324815,3.5781062
0.3072502939098877,0.42284941635312245,0.4330522899020654,0.09677969492195967,4.945527,2.8640678
0.18813760585836403,0.6053444324597526,0.20722983274535114,0.2860167540096441,3.7997463,2.486947
-0.0046253837129134195,0.09264192750097555,0.13553956196582143,0.17502276935931602,1.6363766,2.5805244
0.14122372642287406,0.22627182909514598,0.07254084739950298,0.5007091629652116,1.4618809,2.105593
0.300683832496799,0.060785160319864584,0.5657367655027813,0.04636398166192987,1.400242,2.8975744
0.028735454255629414,0.42284941635312245,0.4330522899020654,0.09677969492195967,4.834859,2.3132255
0.3072502939098877,0.1212868793166888,0.4330522899020654,0.09677969492195967,1.1667672,1.9130317
0.3072502939098877,0.42284941635312245,0.6076495365544025,0.09677969492195967,5.0298657,2.4515193
0.3072502939098877,0.42284941635312245,0.6076495365544025,0.34544376673018107,2.9866686,1.7989687
0.5708994959343504,0.06892616211010028,0.189643802422827,0.7081683582998899,0.5117771,4.1577406
0.5315774141624218,0.2320262049512749,0.3450322023491225,0.5186245294475782,2.2190115,3.7599142
-0.06696694556416914,0.7732061930686109,0.08065851561654727,0.5907074498114575,0.46514007,1.2469432
0.4004248145280186,0.9154590643483176,0.2007907292904844,0.24253617858245843,2.1569362,3.8084302
0.6516881232468762,0.42284941635312245,0.6076495365544025,0.09677969492195967,5.1183167,4.044877
0.6516881232468762,0.16787368910534983,0.6076495365544025,0.09677969492195967,3.4539235,3.8497765
0.6516881232468762,0.42284941635312245,0.4874641625936404,0.09677969492195967,5.104304,4.2664685
0.6516881232468762,0.42284941635312245,0.4874641625936404,0.4964459027019785,3.6781077,4.163488
0.41134076409041354,0.45101064468844765,0.20771845495121513,0.6287294642238876,3.6567168,4.9576354
0.5496880430464642,0.10349192996286494,0.1293976453356426,0.6760217337492413,0.87179494,3.843122
0.5509973790318504,0.49830809715706215,0.0686319878591383,0.39181562029419936,2.0040646,6.075574
0.4128176391961168,0.551803820421092,0.1635362110473685,0.6189619746712545,3.4447587,4.287236
0.08335096067734539,0.42284941635312245,0.4874641625936404,0.09677969492195967,5.007697,2.3486722
0.08335096067734539,0.22565798282692784,0.4874641625936404,0.09677969492195967,3.487825,2.1300373
0.08335096067734539,0.42284941635312245,0.6279377295604854,0.09677969492195967,4.910661,2.1604426
0.08335096067734539,0.42284941635312245,0.4874641625936404,0.5411744946140757,3.7584763,1.7426801
0.5500919960785146,0.4923329138052166,0.4228676685015937,0.3694910306072998,3.3989542,3.8985407
-0.08219290559659896,0.13595091000498893,0.01730464812811575,0.48728450220499653,1.1834512,0.74098796
0.5953850487466942,0.43000268795878194,0.17194915643628975,0.2193077526445428,4.622249,4.8346095
0.46314650758622256,0.2624496980861277,0.03858272587250947,0.6967526674539535,1.6925809,5.2219133
0.5354461883450478,0.42284941635312245,0.4874641625936404,0.09677969492195967,5.0993304,4.22706
0.5354461883450478,0.7711118034158244,0.4874641625936404,0.09677969492195967,2.9308226,3.1542308
0.5354461883450478,0.42284941635312245,0.08968985003454968,0.09677969492195967,2.6392002,6.1365705
0.5354461883450478,0.42284941635312245,0.4874641625936404,0.34741297012893924,3.332911,4.169466
0.3944016323252585,0.24540156499724297,0.11280315417838019,0.43479976485079064,1.698597,4.7437277
0.23430637254292364,0.10757669373541123,0.8239526150074633,0.24358250423357572,0.87825656,0.57134134
0.6464480231669886,0.7673544396791563,0.20918826424314832,0.42102301285232,3.1323798,3.7558215
0.45091411632953127,0.6812199159388355,0.5535307384914366,0.018637563462160476,3.4775462,3.234252
0.43985780539250896,0.42284941635312245,0.4874641625936404,0.09677969492195967,5.1697016,4.245659
0.43985780539250896,0.7843736309310207,0.4874641625936404,0.09677969492195967,2.820875,3.1513274
0.43985780539250896,0.42284941635312245,0.3376987705578704,0.09677969492195967,5.12415,4.31917
0.43985780539250896,0.42284941635312245,0.3376987705578704,0.5381257990927999,3.6877081,4.1769648
0.3122217335124883,0.6526877436440683,0.3889282677963734,0.4593125869082577,3.4135554,1.8676394
0.04797674300762601,0.6967243681593778,0.4845062102058088,0.2684440357472795,2.8472939,1.3119004
0.36042773054445154,0.2790154746719069,0.6206934518567854,0.1996247350360427,4.2150407,3.9020677
0.3227493401030731,0.6226310987632235,0.8261261711683482,0.20804042681018228,1.6675174,0.9821824
0.1227583785107821,0.42284941635312245,0.3376987705578704,0.09677969492195967,4.8115726,2.8667302
0.43985780539250896,0.027273121414302715,0.3376987705578704,0.09677969492195967,1.1937374,3.881925
0.43985780539250896,0.42284941635312245,0.4355238092388615,0.09677969492195967,5.141539,4.259016
0.43985780539250896,0.42284941635312245,0.4355238092388615,0.26954490337385906,5.0392194,4.1491237
0.4451676385293081,0.16740959527717658,0.7178013330316529,0.4059873204906772,1.5488633,3.5418568
0.06756503067826371,0.41007383451612966,0.46764536038685417,0.5575810289818541,3.6881962,1.4540321
-0.0682375628162336,0.044976302901882814,0.46435026576483057,0.46248390295227537,1.332175,0.81575024
0.13619069240286874,0.3317052370043396,0.5341936920399187,0.4352417644981301,3.343307,1.508349
-0.016326993615202054,0.42284941635312245,0.4355238092388615,0.09677969492195967,4.832654,2.726837
0.43985780539250896,0.7776037159510882,0.4355238092388615,0.09677969492195967,2.808519,3.108728
0.43985780539250896,0.42284941635312245,0.49569680506268016,0.09677969492195967,5.2167983,4.274638
0.43985780539250896,0.42284941635312245,0.49569680506268016,0.7302265349798027,3.8010879,4.173355
0.32757832428888667,0.21948241053168394,0.5134720861071099,0.6015905168112745,2.1269138,1.4034328
0.5037591322054259,0.23035614729739917,0.3671353874181941,0.6510261168633171,2.2253451,3.7493856
0.5349647705727062,0.05819078502274122,0.00952782614415507,0.45442932435302197,-0.08301998,5.093148
0.26651801434823474,0.3468357158489104,0.3690587497916806,0.07634371124040126,4.0503693,3.3934133
0.31508458152768537,0.42284941635312245,0.49569680506268016,0.09677969492195967,5.030456,2.869891
0.31508458152768537,0.5898617624111271,0.49569680506268016,0.09677969492195967,3.8898787,2.0967212
0.31508458152768537,0.42284941635312245,-0.0051897353769635125,0.09677969492195967,0.8425479,1.9040302
0.31508458152768537,0.42284941635312245,0.49569680506268016,0.2220870426378205,4.8691936,2.9849308
0.6159208631190397,0.31135135274078474,0.5219439954768491,0.7360194613123525,3.1263626,3.7154963
0.09703938015626558,0.8755617881254816,0.31083966012529224,0.5624232740861714,2.2351944,1.6547265
0.43970057163402,0.4708652353928784,0.287621424746864,0.5252507831898541,3.7092023,4.032088
0.3148791393955964,0.6050474432175821,0.7457540867374476,0.5785880039485427,2.249601,1.2340924
0.2791452428610147,0.42284941635312245,0.49569680506268016,0.09677969492195967,5.030456,2.869891
0.2791452428610147,0.6495260568284245,0.49569680506268016,0.09677969492195967,3.4960957,1.978352
0.2791452428610147,0.42284941635312245,0.6327348958178626,0.09677969492195967,5.0654783,2.8396378
0.2791452428610147,0.42284941635312245,0.6327348958178626,0.2642143468984486,4.6436844,2.33491
0.027693520918725137,0.07655072430517862,0.3023718318621959,0.6366415580504778,0.58192337,0.9066317
0.15420915783183864,0.09426573839043861,0.7854275694786667,0.614919474563898,-0.098182924,0.18848377
0.3066876372114137,0.5236027905667529,0.05403801701650927,0.5362480164426131,1.9292107,2.5111442
0.1399054265445302,0.6423098499714444,0.39051906141484277,0.43576803208473436,3.3123517,1.6642324
0.4707692754696694,0.42284941635312245,0.6327348958178626,0.09677969492195967,5.128599,4.3711667
0.4707692754696694,0.6295147746506058,0.6327348958178626,0.09677969492195967,3.6845276,3.2667606
0.4707692754696694,0.42284941635312245,0.7757636054846272,0.09677969492195967,4.446262,4.2941647
0.4707692754696694,0.42284941635312245,0.6327348958178626,0.5332842813900065,2.939269,4.0052104
0.3736711262069231,0.5475559835588726,0.33307221366672296,0.7285094048618497,3.629636,3.731409
0.352812169227802,0.3377159131645642,0.8117646195432208,0.666515675641417,1.9706799,3.354146
-0.012986166602809365,0.14420270109485145,0.21734256718510273,0.07670346499396172,3.7967966,3.3945007
-0.08217988920176077,0.15614000969175423,0.04360659139794524,0.07552335280694675,1.6351036,3.2486956
0.12839347758116448,0.42284941635312245,0.6327348958178626,0.09677969492195967,5.204145,2.9180517
0.12839347758116448,0.32602889761668896,0.6327348958178626,0.09677969492195967,4.569946,2.4211473
0.12839347758116448,0.42284941635312245,0.8204736888660843,0.09677969492195967,4.5145216,2.0416558
0.12839347758116448,0.42284941635312245,0.6327348958178626,0.5737359100446184,3.0462174,1.8249407
-0.06111636704780353,0.3650742101716875,0.174221837261645,0.5108996171747862,2.7689745,2.1349733
-0.07669520672683482,0.4247089071281698,0.250492526707009,0.14587575107583814,5.265773,3.7289846
0.5710295975272753,0.248815706930682,0.756704828433027,0.09028710132068338,2.7146144,3.9239879
0.040836675540754,0.5163404114106278,0.3550267060771967,0.15412952613280237,4.335551,2.249238
0.07579578558502988,0.4247089071281698,0.250492526707009,0.14587575107583814,5.401267,3.2530909
0.07579578558502988,0.6924284688253448,0.250492526707009,0.14587575107583814,2.6229107,2.2007172
0.07579578558502988,0.4247089071281698,0.5732107814761277,0.14587575107583814,5.2731843,2.1422532
0.07579578558502988,0.4247089071281698,0.5732107814761277,0.11118084570455619,5.2678037,2.1375473
-0.06833819065801326,0.3790687406404105,0.10528536448070094,0.6647639122525817,2.0161662,2.136045
0.2755873784473125,0.5699599067874379,0.8287219072685995,0.6719534357373647,1.3059535,0.7834804
0.6207660747967828,0.7172111061688549,0.5414512234733694,0.49190670885322874,3.3431482,3.2192187
0.5121285958144034,0.6437183596365283,0.4136443451931559,0.055404380844979756,3.3860915,3.1206646
0.1166250258597873,0.4247089071281698,0.5732107814761277,0.11118084570455619,5.065242,2.2694652
0.07579578558502988,0.4940834459483052,0.5732107814761277,0.11118084570455619,4.7460995,2.0676286
0.07579578558502988,0.4247089071281698,0.7352935079400961,0.11118084570455619,5.056681,2.0075278
0.07579578558502988,0.4247089071281698,0.5732107814761277,0.20417504441989462,4.924329,2.291505
0.31966440779402844,0.6058049944982171,0.05300264925274268,0.49819403672316553,1.855647,1.9651281
0.5331477309295228,0.05425068354220608,0.8010809251034193,0.05909216553580518,0.98321074,4.1443048
0.09252196915113976,0.8925591690446715,0.25646604260349987,0.3093253196219905,2.147044,2.0697148
0.3442911304440338,0.7710432346948566,0.3902617192993402,0.02093640676015338,2.163893,2.903118
0.36758912466300664,0.370825568474324,0.36314536495625566,0.6352722823568406,3.111159,3.8973358
0.5769113665268902,0.370825568474324,0.36314536495625566,0.6352722823568406,3.1473148,3.983484
0.5769113665268902,0.2774058906797636,0.36314536495625566,0.6352722823568406,3.0250604,3.7210414
0.5769113665268902,0.2774058906797636,0.17126452207008694,0.6352722823568406,3.0300229,3.962987
0.5769113665268902,0.2774058906797636,0.17126452207008694,0.5351214452311766,3.0300229,3.962987
0.5769113665268902,0.370825568474324,0.36314536495625566,0.6352722823568406,3.1473148,3.983484
0.5769113765268903,0.370825568474324,0.36314536495625566,0.6352722823568406,3.1473148,3.983484
0.5769113665268902,0.370825578474324,0.36314536495625566,0.6352722823568406,3.1473148,3.983484
0.5769113665268902,0.370825568474324,0.36314537495625565,0.6352722823568406,3.1473148,3.983484
0.5769113665268902,0.370825568474324,0.36314536495625566,0.6352722923568407,3.1473148,3.983484
0.2652111739086721,0.6600171783900515,0.34834767375976167,0.4691615607147881,3.3734336,1.8682913
0.5319067069288362,0.26043693000091395,0.26464479494326903,0.11738587509343287,5.1105347,4.824339
0.6446701739252844,0.6346025543612281,0.8243890942672943,0.4551960444422889,1.4430523,2.9657366
0.23563916917033867,0.6812312743860662,0.13934305256966342,0.5324146946645669,3.0331101,1.934214
-0.04045833032966249,0.6812312743860662,0.13934305256966342,0.5324146946645669,1.8857644,1.2999601
-0.04045833032966249,0.3274588372083782,0.13934305256966342,0.5324146946645669,2.7496593,1.9414073
-0.04045833032966249,0.3274588372083782,0.7507917190114161,0.5324146946645669,2.0047433,0.647776
-0.04045833032966249,0.3274588372083782,0.7507917190114161,0.24753980631522407,3.343939,1.2099091
0.5319067069288362,0.26043693000091395,0.26464479494326903,0.11738587509343287,5.1105347,4.824339
0.5319067169288363,0.26043693000091395,0.26464479494326903,0.11738587509343287,5.1105347,4.824339
0.5319067069288362,0.26043694000091394,0.26464479494326903,0.11738587509343287,5.1105347,4.824339
0.5319067069288362,0.26043693000091395,0.26464480494326903,0.11738587509343287,5.1105347,4.824339
0.5319067069288362,0.26043693000091395,0.26464479494326903,0.11738588509343287,5.1105347,4.824339
-0.055902086847214524,0.2356738134999854,0.6288547250040953,0.3318336904453254,2.0386038,0.87274575
0.08192750759961522,0.29621994220609205,0.22640864226685,0.46106955984274123,3.532471,2.651531
0.2505273852448703,0.05737099640845811,0.7831007518097216,0.7297988126545363,-0.24588212,0.26173952
0.33782194313574776,0.8395754037022347,0.783597226547199,0.7209032134641689,1.2673892,1.3254087
0.11803149049377838,0.8395754037022347,0.783597226547199,0.7209032134641689,1.0515641,1.2221613
0.11803149049377838,0.6126578383086203,0.783597226547199,0.7209032134641689,1.2456996,1.0333284
0.11803149049377838,0.6126578383086203,0.4115189104999523,0.7209032134641689,3.448112,1.621636
0.11803149049377838,0.6126578383086203,0.4115189104999523,0.09346138741198826,3.2543476,1.7855359
-0.0021183562241025994,0.30140145311664757,0.4239269645346954,0.4308286919993414,3.2682567,1.214979
0.271026169491679,0.12745210272839946,0.1884439142107012,0.47508868891560496,0.1798268,1.2574079
-0.03244554023940337,0.030782702160213837,0.15304617944855173,0.2797370649466586,1.520132,2.412464
-0.03218157600604808,0.4568654596306603,0.23429591000842623,0.5323953976108413,3.2111595,2.1682253
0.44599805136477355,0.4568654596306603,0.23429591000842623,0.5323953976108413,3.724488,4.9697366
0.44599805136477355,0.6641589063942908,0.23429591000842623,0.5323953976108413,3.4206145,3.7506678
0.44599805136477355,0.6641589063942908,0.03729580736340613,0.5323953976108413,1.4283638,5.839829
0.44599805136477355,0.6641589063942908,0.03729580736340613,0.43026810824772355,1.4104984,5.8605413
0.10327255568794914,0.8409313973321599,0.2624174829617298,0.5467783175276892,2.3021922,2.1037996
0.4607141951047663,0.0043024486174063625,0.44277128679458094,0.3989602798408072,-0.17868161,3.808412
0.3007997174462954,0.10494716040724628,0.49008457551799806,0.05007421562844169,1.2300534,2.9247787
0.2558137806737443,0.8286862666632402,0.3397901161354188,0.26555964758572514,2.4407048,2.1602354
0.42880021805223667,0.8286862666632402,0.3397901161354188,0.26555964758572514,2.5169296,3.3421967
0.42880021805223667,0.8433489216074115,0.3397901161354188,0.26555964758572514,2.5231833,3.3341885
0.42880021805223667,0.8433489216074115,0.6960515486500601,0.26555964758572514,2.2780163,3.2037868
0.42880021805223667,0.8433489216074115,0.6960515486500601,0.30268290806981923,2.2982452,3.250737
0.3113397950975133,0.19796297591645384,0.11804668964025336,0.04103943033746302,1.915077,3.330728
-0.019284282763527658,0.7902989159693448,0.7155004727997384,0.3770502346936837,0.041899268,0.5479373
-0.018530378009096946,0.7585687039387912,0.5533813286590629,0.7309590567158892,1.6578683,0.7720561
0.5799188075670237,0.7775768694985241,0.09235414627057317,0.24442176535776736,1.4274085,5.3661437
-0.05802922912848972,0.7775768694985241,0.09235414627057317,0.24442176535776736,0.41258636,1.9568081
-0.05802922912848972,0.4588665801573324,0.09235414627057317,0.24442176535776736,2.301062,3.1755695
-0.05802922912848972,0.4588665801573324,0.21635689527395333,0.24442176535776736,4.6469812,3.3240588
-0.05802922912848972,0.4588665801573324,0.21635689527395333,0.010506980468612401,4.905543,4.814915
0.11851790478149317,0.28251678144180925,0.14077586988758464,0.7108910554299293,3.1832836,2.468235
0.6406862111046555,0.8718101108642666,0.3711979161405931,0.1744736020231805,2.253071,3.134337
0.6510931886960997,0.43237235092820825,0.27641802744022875,0.30359806447358295,3.611944,4.654573
0.13943895260437367,0.2131466627982892,0.6538203644104986,0.015307049279797955,3.6716354,3.8120682
0.6452438651214781,0.2131466627982892,0.6538203644104986,0.015307049279797955,3.4453883,4.4947286
0.6452438651214781,0.37946271673018517,0.6538203644104986,0.015307049279797955,4.452158,4.6319594
0.6452438651214781,0.37946271673018517,0.2494407798602797,0.015307049279797955,5.403974,6.0579543
0.6452438651214781,0.37946271673018517,0.2494407798602797,0.48411986781691496,3.246245,4.887122
0.6452438651214781,0.37946271673018517,0.2494407798602797,0.015307049279797955,5.403974,6.0579543
0.6452438751214782,0.37946271673018517,0.2494407798602797,0.015307049279797955,5.403974,6.0579543
0.6452438651214781,0.37946272673018516,0.2494407798602797,0.015307049279797955,5.403974,6.0579543
0.6452438651214781,0.37946271673018517,0.2494407898602797,0.015307049279797955,5.403974,6.0579543
0.6452438651214781,0.37946271673018517,0.2494407798602797,0.015307059279797955,5.403974,6.0579543
0.48949455332307423,0.11875074812388675,0.49777547990584864,0.5089998798523503,-0.110001065,3.8375275
0.018947449590449708,0.14569520548021986,0.33947757562380904,0.23964612545549355,3.3227012,1.9472263
0.19600373854193076,0.5611915163085617,0.007297654894779991,0.05824680193662243,0.9028306,3.6001675
0.08016196254137666,0.9158162009661566,0.64088703948536,0.03324464123737411,1.1584468,2.6596346
0.2665629935471,0.9158162009661566,0.64088703948536,0.03324464123737411,2.1322289,3.0406716
0.2665629935471,0.5056975831967212,0.64088703948536,0.03324464123737411,4.711826,4.2989955
0.2665629935471,0.5056975831967212,0.7649510141443886,0.03324464123737411,3.9117532,4.214637
0.2665629935471,0.5056975831967212,0.7649510141443886,0.20375734953068655,3.6770556,1.8550454
0.3575556009216606,0.5666398400399184,0.7346948716626337,0.3302771653331469,2.4815412,3.1162593
0.4323322599448399,0.3948130870767801,0.21870553857963362,0.03564216868172562,5.071541,5.8242264
0.1372587601252896,0.8536196120090507,0.528900352168605,0.3979235075797618,2.6101484,1.6675857
0.5576669841009433,0.12314271636411167,0.5432952872180795,0.7363041563719861,-0.016012523,3.8434672
0.3091642350527387,0.12314271636411167,0.5432952872180795,0.7363041563719861,-0.019824231,0.81282055
0.3091642350527387,0.6890908087663474,0.5432952872180795,0.7363041563719861,3.201228,1.6140051
0.3091642350527387,0.6890908087663474,0.47883669947331503,0.7363041563719861,3.2014937,1.6750398
0.3091642350527387,0.6890908087663474,0.47883669947331503,0.4153405447328993,3.3218963,1.652817
0.02892387037177281,0.8491872684955157,0.7970213871292796,0.30407566795413743,0.87819535,0.41904157
0.42543626770518606,0.010107779465356792,0.4357705034822565,0.6968406292550817,0.29676527,3.8314664
0.3744133871212775,0.6150159362223917,0.3162142961965761,0.23938859395750708,3.6428716,3.1228175
-0.05802187905721544,0.6079726561547303,0.6288851877924907,0.6919384275070151,1.6561129,0.8631305
-0.009875082141843058,0.6079726561547303,0.6288851877924907,0.6919384275070151,1.6561129,0.8631305
-0.009875082141843058,0.057832197295443866,0.6288851877924907,0.6919384275070151,1.1445107,0.55765885
-0.009875082141843058,0.057832197295443866,0.5982966450337565,0.6919384275070151,1.6857778,0.7875228
-0.009875082141843058,0.057832197295443866,0.5982966450337565,0.33936267840936196,1.0212395,0.72387207
0.052544855690239825,0.37988426474851655,0.7381619632236228,0.41439390483770566,2.612881,1.3610004
0.13813324698106733,0.39665825415112455,0.34655980269329983,0.7046983810074501,3.5545225,2.0463753
0.6028962293270926,0.8476527947831891,0.22879906763034522,0.5823802254124253,2.8060045,3.7625008
0.3405848588443102,0.29843380300178746,0.5837973609502581,0.43857661841161644,2.9402792,3.659089
-0.011782316038267834,0.29843380300178746,0.5837973609502581,0.43857661841161644,3.3844838,1.200019
-0.011782316038267834,0.42100290459037915,0.5837973609502581,0.43857661841161644,3.358856,1.3323928
-0.011782316038267834,0.42100290459037915,0.5374359687561386,0.43857661841161644,3.3672924,1.2870191
-0.011782316038267834,0.42100290459037915,0.5374359687561386,0.4288514631295932,3.3672924,1.2870191
-0.07121474378962121,0.4708590953739842,0.09870874045391523,0.03310088184963075,2.43281,4.621236
0.49773938300701526,0.485361447352457,0.6674728495946088,0.42807092830083704,3.0042334,3.6882648
0.43935963918880827,0.22383596684944562,0.42865914728161497,0.7209949618712876,2.585299,3.7945428
-0.07014773548103968,0.5092092383137894,0.606520993808897,0.23511833276414504,4.0620236,2.0148897
0.19385549392176904,0.5092092383137894,0.606520993808897,0.23511833276414504,4.587738,2.2647083
0.19385549392176904,0.2534242493783543,0.606520993808897,0.23511833276414504,4.1904364,2.0788486
0.19385549392176904,0.2534242493783543,0.09791766218456069,0.23511833276414504,2.1382892,2.6972032
0.19385549392176904,0.2534242493783543,0.09791766218456069,0.5562886703915169,2.1658208,2.3177855
0.6562734109531895,0.6148942223362024,0.1825237715865379,0.04417937981148154,3.6818306,3.8834987
0.014528292220851516,0.5149010834833394,0.13256080890840352,0.29806601165679325,2.7886033,2.0142462
0.10631524499620228,0.08640424483858711,0.5523123919454774,0.6856175581081558,0.5755103,0.62222326
0.14704092533919766,0.17125621131635693,0.42153125738931235,0.5768419788456853,2.4678428,1.454442
0.23265855548560055,0.17125621131635693,0.42153125738931235,0.5768419788456853,2.5053687,1.6669763
0.23265855548560055,0.4888746676883122,0.42153125738931235,0.5768419788456853,3.6646185,1.9746531
0.23265855548560055,0.4888746676883122,0.08738630681471618,0.5768419788456853,2.4179215,2.538716
0.23265855548560055,0.4888746676883122,0.08738630681471618,0.18008972994709535,2.4292629,3.2917724
0.5069296548202235,0.07841849818703528,0.4812676217501361,0.13392011615594154,1.2314086,3.855746
-0.05883806409837887,0.703148290567174,0.514365903081368,0.47262555867856193,1.80002,0.7247159
0.19751121568022267,0.26912145941186294,0.0544683654802575,0.0004011768863669586,1.7621669,4.904691
0.0602236135025941,0.3081648057219599,-0.004824814521304867,0.4681863234175019,1.060581,1.0801252
0.2824006871423209,0.3081648057219599,-0.004824814521304867,0.4681863234175019,1.1942589,1.2314576
0.2824006871423209,0.5511821780839528,-0.004824814521304867,0.4681863234175019,1.0740492,0.41429546
0.2824006871423209,0.5511821780839528,0.29580453194630557,0.4681863234175019,3.6382582,2.0651412
0.2824006871423209,0.5511821780839528,0.29580453194630557,0.6004013528255534,3.6382582,2.0651412
0.017207189509443124,0.2677166189996014,0.4105766944033817,0.08748350460382068,4.4390926,2.1661599
0.494028285273587,0.7057207614438696,0.25723707716222405,0.6648078521246568,3.123732,3.9211812
0.5104554533296674,0.5131264547400742,0.5650522634672858,0.09993932928020752,4.8628926,3.9345415
0.1368970250858642,0.09759652462310386,0.049783360741697015,0.2329761528674332,1.017915,2.0483136
0.29574512710732004,0.09759652462310386,0.049783360741697015,0.2329761528674332,0.7623829,1.8984841
0.29574512710732004,0.19909683909458709,0.049783360741697015,0.2329761528674332,1.3459584,2.3718827
0.29574512710732004,0.19909683909458709,0.0996831799575725,0.2329761528674332,1.8658338,2.3847692
0.29574512710732004,0.19909683909458709,0.0996831799575725,0.04801749980437006,1.8481137,3.334288
0.13045690343879401,0.5723563560016376,0.19913528858981158,0.49858800346518706,3.4209194,2.1025486
0.17788615935253993,0.46206591009473996,0.8211809162311118,0.034418559947429345,4.3488955,4.1021833
0.04542345680111683,0.8264606873607283,0.06015036181812531,0.4916645785096101,0.60067207,1.6001861
0.5359050212043025,0.5130977698130104,0.6497037745392226,0.25222979920706834,4.6022515,3.7884228
0.5881392685586345,0.5130977698130104,0.6497037745392226,0.25222979920706834,4.6022515,3.7998803
0.5881392685586345,0.49284939944368,0.6497037745392226,0.25222979920706834,4.5833344,3.7721443
0.5881392685586345,0.49284939944368,0.5200858970697361,0.25222979920706834,4.6969533,3.8589978
0.5881392685586345,0.49284939944368,0.5200858970697361,0.7403000936908235,3.5807707,3.8655114
0.02595202620435212,0.7582835983050735,0.5346056524601178,0.5987470536462851,2.5462115,0.69024354
0.33520012526736964,0.047354148988510314,0.023420831808843277,0.03912589040008638,-0.19558696,2.991233
0.573700793873844,0.15154898309047526,0.040173659711578415,0.7359712263702285,1.4959344,5.3391614
-0.012762260680090884,0.2088696003385362,0.7646661898337105,0.5546073269131142,1.6031697,0.51226944
0.38879187605222565,0.2088696003385362,0.7646661898337105,0.5546073269131142,1.254121,3.332624
0.38879187605222565,0.3783703071550941,0.7646661898337105,0.5546073269131142,1.9902308,3.5420983
0.38879187605222565,0.3783703071550941,0.6134923324462783,0.5546073269131142,2.6726174,3.4223986
0.38879187605222565,0.3783703071550941,0.6134923324462783,0.45233266330611244,2.721276,3.4349015
0.5090500181911982,0.46645568465916964,0.41146501979611155,0.05502298467427022,4.9904046,4.2250657
0.13916744515002144,0.12873003140377381,0.4662840296683663,0.6936950504395831,0.5789367,0.75767726
0.29512780864336785,0.409175921094199,0.02003636276840873,0.02314391108454925,0.6072521,4.2913
0.018547300978062023,0.3321366499391578,0.29691118227234753,0.2904815418063933,3.8083417,1.8177722
0.028206866534548194,0.3321366499391578,0.29691118227234753,0.2904815418063933,3.8024113,1.8207645
0.028206866534548194,0.545660865592704,0.29691118227234753,0.2904815418063933,3.7502193,2.0778642
0.028206866534548194,0.545660865592704,0.09197133211690725,0.2904815418063933,2.0662591,2.8588274
0.028206866534548194,0.545660865592704,0.09197133211690725,0.1728023216983807,2.2670722,2.9532049
-0.05292923868072373,0.5242946285383452,0.31980456178914934,0.6899935434173194,3.2158155,1.696593
0.3927391480472048,0.3210740162531325,0.11093568232595388,0.2911943836434041,2.519945,4.925345
0.12493427377437806,0.5229699724233554,0.6207390177888973,0.3270115665578288,3.3313727,1.9896255
0.44333243684441104,0.5721742806763062,0.21922432666993155,0.08083702794050748,3.9660456,4.8511987
0.053354842115959214,0.5721742806763062,0.21922432666993155,0.08083702794050748,3.1941636,3.4896975
0.053354842115959214,0.0350407651225515,0.21922432666993155,0.08083702794050748,1.5488554,3.2355382
0.053354842115959214,0.0350407651225515,0.3448900247464523,0.08083702794050748,1.3773254,2.7186017
0.053354842115959214,0.0350407651225515,0.3448900247464523,0.38722148404770707,0.31170788,1.0192561
0.4095658816747031,0.8711264810818893,0.13528892029961428,0.28014975970002354,2.2601602,3.652349
0.5169217228039874,0.7717217885416376,0.5126973726338305,0.35790706218683965,3.399219,3.2957673
0.46024345802121613,0.5385639781734559,0.5827187909899186,0.20752308637958802,4.790745,3.9534018
0.26721364619225596,0.14172307095696235,0.4747304214797689,0.24983655028652405,3.1316855,2.1114535
0.5281472166143281,0.14172307095696235,0.4747304214797689,0.24983655028652405,3.2240014,3.8862398
0.5281472166143281,0.7210307304729557,0.4747304214797689,0.24983655028652405,3.4390385,3.1337414
0.5281472166143281,0.7210307304729557,0.05790184117589484,0.24983655028652405,1.7043812,5.8234057
0.5281472166143281,0.7210307304729557,0.05790184117589484,0.50870108771419,1.755013,5.6627355
0.3809873082777552,0.812293621717429,0.4091812794920692,0.1929998302172997,2.3720715,3.1026123
0.2537580263267546,0.250620053702316,0.10474818583062576,0.41400556971541747,2.1125107,2.2693458
-0.08056539282811125,0.19833972709406078,0.016252773385008554,0.7416798230899637,1.2476946,0.71177334
0.05584428319321523,0.4766398244593546,0.07884542135996533,0.6290112523936244,2.23913,2.3767304
0.5121074677450034,0.4766398244593546,0.07884542135996533,0.6290112523936244,2.460501,5.9067807
0.5121074677450034,0.6907835084235217,0.07884542135996533,0.6290112523936244,2.1415212,5.4824157
0.5121074677450034,0.6907835084235217,0.6185050485277616,0.6290112523936244,2.919324,2.8598619
0.5121074677450034,0.6907835084235217,0.6185050485277616,0.16693043159584772,3.4462502,2.7642515
0.05143008853201016,0.060081588208956926,0.1669476444194097,0.10572747121686274,1.5545717,2.2326353
0.2573497394783516,0.2205131279667576,0.5948313389364989,0.6465161699813571,2.1407273,1.5862684
0.12545397365348265,0.28749596019788193,0.0014185175972175933,0.36248188223225597,0.99181604,1.5051305
0.2561139511096776,0.5752814021848005,0.5544492130812356,0.547781256862045,3.4061935,1.53192
0.20233912745639404,0.5752814021848005,0.5544492130812356,0.547781256862045,3.5198255,1.5739025
0.20233912745639404,0.41617073909815705,0.5544492130812356,0.547781256862045,3.623046,1.8182588
0.20233912745639404,0.41617073909815705,0.30747837640810255,0.547781256862045,3.7397487,2.2975526
0.20233912745639404,0.41617073909815705,0.30747837640810255,0.4163850214893081,3.770653,2.2753298
0.30356134923653155,0.8081489601811414,0.07422095316837388,0.24763984808358683,0.7549692,2.4337096
0.15947041341031654,0.43941935472887694,0.7664742786010116,0.4713184823807808,2.4639664,1.1168457
-0.027107315908533422,0.4693205345903624,0.07074178096040909,0.6217605957306951,1.7793144,1.9815081
0.6193784483094865,0.7208545508621111,0.651841572597525,0.7138933358797068,2.4414618,3.082531
0.5539085976136536,0.7208545508621111,0.651841572597525,0.7138933358797068,2.4414618,3.0710738
0.5539085976136536,0.7824631643696551,0.651841572597525,0.7138933358797068,2.4287162,3.1546702
0.5539085976136536,0.7824631643696551,0.28086416593342983,0.7138933358797068,2.939388,3.3947732
0.5539085976136536,0.7824631643696551,0.28086416593342983,0.5615571260363659,3.0207434,3.3947732
0.020852444302069353,0.7221326215121344,0.41272398082721823,0.03362702633812728,2.139932,3.4693735
0.1806132533004764,0.37096764460007536,0.5851596131789497,0.6560655682963557,3.2137866,1.9806473
0.5954091906920479,0.29744217067157175,0.19372917963749395,0.632422502216496,3.1223254,4.34044
0.3157201026259372,0.7843734843012813,0.6395243732299706,0.2264880688588171,2.747241,2.034281
0.5056080170773077,0.7843734843012813,0.6395243732299706,0.2264880688588171,2.793765,3.1725035
0.5056080170773077,0.6153401691775033,0.6395243732299706,0.2264880688588171,3.7901816,3.0903623
0.5056080170773077,0.6153401691775033,0.5757424169458,0.2264880688588171,4.114815,3.1542528
0.5056080170773077,0.6153401691775033,0.5757424169458,0.3992854001471535,3.656139,3.1289668
-0.06966759127088827,0.7423111332508356,0.67748130990282,0.15968357782803008,1.5658607,1.2833117
0.14235825867895013,0.8376189271954133,0.52260781479819,0.5310025463552961,2.5116618,1.6379403
-0.041924954313447324,0.9132521027215148,0.6186531834065642,0.1414846690125486,0.06487855,1.0746237
-0.08236914619071399,0.25376708080522414,0.049507773122968425,0.7007181370326805,1.5483965,1.9285852
-0.007966659059694833,0.25376708080522414,0.049507773122968425,0.7007181370326805,1.5483965,1.9285852
-0.007966659059694833,0.1873605965614793,0.049507773122968425,0.7007181370326805,1.5513455,1.7024574
-0.007966659059694833,0.1873605965614793,0.22227150644645458,0.7007181370326805,2.6687717,1.9500735
-0.007966659059694833,0.1873605965614793,0.22227150644645458,0.2169020672531978,3.546605,3.1046631
0.5726973612926028,0.24558820482129207,0.7778056335229814,0.18656693848333103,2.6988301,3.6837234
0.488176992802864,0.45655495040274063,0.44678353968783474,0.17361513987689745,5.174778,4.0728993
0.22392357540765928,0.9120443717371347,0.49181943400392875,0.7213300078296108,2.8072839,1.9399388
0.5654277574340173,0.344232500232887,0.22908255138721847,0.45629149742165254,3.2349072,4.368093
0.4093414698223089,0.344232500232887,0.22908255138721847,0.45629149742165254,3.2003841,4.440638
0.4093414698223089,0.4857749499719688,0.22908255138721847,0.45629149742165254,3.6135204,4.706416
0.4093414698223089,0.4857749499719688,0.7813934508316164,0.45629149742165254,2.4589858,3.4646273
0.4093414698223089,0.4857749499719688,0.7813934508316164,0.044636602386102425,3.9490755,4.047374
0.42970607519964055,0.023197954370478335,0.19730758168996002,0.15089988691039122,1.310207,4.5572233
0.2517668611312559,0.11134781339662414,0.027461821668206907,0.29060815444807986,-0.38045534,1.785714
0.6088461823865247,0.059409266301679864,0.5937447371341235,0.42795884162507747,-0.31487575,3.9580328
0.46448272884746167,0.7454986447417808,0.4460575101050938,0.4446387107482117,3.3656983,3.1879253
0.029300769046529132,0.7454986447417808,0.4460575101050938,0.4446387107482117,2.5874774,0.9974725
0.029300769046529132,0.330165628091609,0.4460575101050938,0.4446387107482117,3.1748202,1.1791918
0.029300769046529132,0.330165628091609,0.18496872185400673,0.4446387107482117,3.0178337,2.100597
0.029300769046529132,0.330165628091609,0.18496872185400673,0.10991964399046236,4.8574376,2.837782
0.5744171460578525,0.714562898926189,0.07285803731074916,0.48795649843269473,1.8119375,5.556779
0.44736846953548437,0.7254029031787352,0.620494136595278,0.10645988072621645,3.4752223,3.153749
0.38581983621974947,0.5139769469011712,0.22885585141652368,0.22577765578204986,4.97826,4.9599533
0.10940270055829572,0.47807896413947626,0.6969776784726801,0.3999024819196535,2.9368262,1.3214064
0.4635628415060903,0.5139769469011712,0.22885585141652368,0.22577765578204986,4.9988303,4.8983836
0.4635628415060903,0.3864092213368653,0.22885585141652368,0.22577765578204986,4.6776423,4.9651837
0.4635628415060903,0.3864092213368653,0.17203874252541143,0.22577765578204986,4.2581205,4.7377872
0.4635628415060903,0.3864092213368653,0.17203874252541143,0.5025747820394706,3.1537175,4.6230626
-0.07206992918766773,0.16031730404258226,0.5368552676031525,0.024858289103285334,3.6233578,3.0007079
0.23033714927371396,0.013618281521453834,0.1992673755947271,0.2200888772775755,1.3769321,2.3626158
0.4680708609518952,0.025004230951288786,0.805392258870924,0.6466027618760535,-0.28516367,3.4524186
0.5324321494389216,0.5610336147762172,0.7781650401103505,0.43147261103652923,2.527105,3.586734
0.08778190486953154,0.5610336147762172,0.7781650401103505,0.43147261103652923,2.5875618,0.9448117
0.08778190486953154,0.8472714731456494,0.7781650401103505,0.43147261103652923,1.5971538,1.0517806
0.08778190486953154,0.8472714731456494,0.3593151227760693,0.43147261103652923,2.4442122,1.6420577
0.08778190486953154,0.8472714731456494,0.3593151227760693,0.35644717067009424,2.4226248,1.5723263
0.3877217669876828,0.2641860414791606,0.2926867690257224,0.12024763501548816,4.4087706,3.8369453
0.02606020740580907,0.468758215300876,0.42896415165478524,0.30715777202553696,3.1011183,1.0029618
0.040806702912454265,0.4866170465705393,0.5477319841868379,0.1413330554876566,4.2764287,2.0095332
0.4402395618302103,0.6309103803128764,0.37076476050900936,0.6295531151094593,3.4882789,3.1014342
0.5993112699220632,0.6309103803128764,0.37076476050900936,0.6295531151094593,3.4728262,3.1051702
0.5993112699220632,0.03002041985258197,0.37076476050900936,0.6295531151094593,-0.15762076,3.8145885
0.5993112699220632,0.03002041985258197,0.5971205338169917,0.6295531151094593,-0.28395626,3.9308302
0.5993112699220632,0.03002041985258197,0.5971205338169917,0.4289860275637274,-0.31487575,3.9515426
0.5731943021554918,0.29117851435422404,0.25188419116258304,0.03809357567864777,5.0392065,5.5245404
0.5083116502390354,0.400775617396242,0.768944148787959,0.2517176359128399,3.5289686,3.702355
0.3229669007839776,0.10414711941913657,0.4131067632802012,0.45434291855566755,-0.18911631,0.92655134
0.5092663313213867,0.5123349597424727,0.37794911862171204,0.10317453187002099,4.9227366,3.9149742
0.6351935054509724,0.5123349597424727,0.37794911862171204,0.10317453187002099,4.907972,3.9632218
0.6351935054509724,0.4067721587345079,0.37794911862171204,0.10317453187002099,4.7431507,4.1016555
0.6351935054509724,0.4067721587345079,0.37522401140893796,0.10317453187002099,4.7431507,4.1016555
0.6351935054509724,0.4067721587345079,0.37522401140893796,0.053381555610421544,4.5955124,4.434257
0.19663525640093538,0.74802832472656,0.4960915635634681,0.5378497798811424,3.4664629,1.8742077
0.19676512114451883,0.2917516298559666,0.23948831219970704,0.4795275066965985,3.2470798,2.6093469
0.3761071553023613,0.5077398042908712,0.5929293626524522,0.10840984550392105,5.088264,4.026665
0.48707740172542946,0.5861667075615005,0.39588402804700346,0.35840232424878593,3.3860219,3.2449758
0.11956023370270942,0.5077398042908712,0.5929293626524522,0.10840984550392105,4.6956544,2.6027176
0.11956023370270942,0.8064480114192842,0.5929293626524522,0.10840984550392105,1.936331,1.9614959
0.11956023370270942,0.5077398042908712,0.3996277085518862,0.10840984550392105,4.577427,2.6725922
0.11956023370270942,0.5077398042908712,0.3996277085518862,0.47041166739682083,3.6195633,2.0317054
0.3286139083175367,0.5643648707379385,0.7186252686673006,0.23170952143374632,3.7723103,2.1267743
0.5592667808519728,0.13948245433561457,0.14285005311080692,0.37077134321845406,1.8459016,3.9662523
0.1795451264161506,0.08836962853939978,0.24590181864676,0.6214933329314967,0.4577165,1.632363
0.006126910752485851,0.31434105620752817,0.09667171836855096,0.10400568472039493,2.2281094,2.8802602
0.18376568023979034,0.31434105620752817,0.09667171836855096,0.10400568472039493,2.3111274,2.9174304
0.18376568023979034,0.6883894861033482,0.09667171836855096,0.10400568472039493,1.7394909,2.3548703
0.18376568023979034,0.6883894861033482,0.5222754032112554,0.10400568472039493,3.3637166,1.9668983
0.18376568023979034,0.6883894861033482,0.5222754032112554,0.3825542050981632,3.2028177,1.6223152
-0.06085199021912967,0.03457056990323348,0.7788940439408484,0.1880760234974481,1.3234355,1.1664236
0.06104820649972188,0.6426065253017668,0.12363750885833627,0.2814966293009995,1.9974926,2.025442
0.17831091465197135,0.8408211065056146,0.5724567764066973,0.6234451882602663,2.9464846,1.8586569
0.024945579401683196,0.8958266301246494,0.17379807986904608,0.1967536158412315,1.3515265,1.9187229
0.22135142933927943,0.8958266301246494,0.17379807986904608,0.1967536158412315,2.0318453,2.471479
0.22135142933927943,0.2514127319508215,0.17379807986904608,0.1967536158412315,4.417566,2.8835745
0.22135142933927943,0.2514127319508215,0.010348196643519634,0.1967536158412315,0.86120355,1.8284596
0.22135142933927943,0.2514127319508215,0.17379807986904608,0.33655092108966045,2.745666,2.3016047
0.6014185543548473,0.20732828375335988,0.5002140787491157,0.26764060062259887,3.0918202,3.865997
0.12699547751247053,0.9176525279066285,0.38421918480132294,0.5797717033513408,2.4229982,1.8888811
0.4949290216727219,0.41420882851435215,0.6578229869905118,0.12016617760098211,5.18077,4.266375
0.5319496208466735,0.7640044753537829,0.26911333027090073,0.42083677188590585,3.1358886,3.5938394
-0.005141220866695315,0.7640044753537829,0.26911333027090073,0.42083677188590585,1.2238933,1.5467675
-0.005141220866695315,0.614286441507264,0.26911333027090073,0.42083677188590585,2.162325,1.6657951
-0.005141220866695315,0.614286441507264,0.8204050822956449,0.42083677188590585,0.6477147,0.33313558
-0.005141220866695315,0.614286441507264,0.8204050822956449,0.352245716092753,0.5182718,0.30942398
0.23549133622336071,0.7386615322912751,0.6850443562595311,0.14613889413000078,3.3774645,1.8504251
0.3378187511935874,0.43187613644437217,0.656619968340097,0.6251439852473801,3.0045922,1.6590459
0.614066348985547,0.1956012279257653,0.49133764174699696,0.553410985505689,2.323407,3.8298442
0.4118796115070994,0.240877641617665,0.17665805609995902,0.49431128256818724,2.3071802,3.9517903
0.14578207619857497,0.240877641617665,0.17665805609995902,0.49431128256818724,2.4272063,2.1164305
0.14578207619857497,0.8202528819985893,0.17665805609995902,0.49431128256818724,2.1544223,1.9166001
0.14578207619857497,0.8202528819985893,0.03900745025812117,0.49431128256818724,0.50196904,1.9066302
0.14578207619857497,0.8202528819985893,0.03900745025812117,0.4382808441698991,0.49445271,1.9121419
0.5766917211888308,0.1061674351751658,0.31159543286348595,0.41562414238805445,-0.18854049,3.8421342
0.6124043069539976,0.7535591418593066,0.15464464562928174,0.1374709465637238,2.8423877,3.5329742
0.12344945281645926,0.8852998624989299,0.674323791677565,0.6408806867648025,1.8289549,1.5510275
0.2567603305233429,0.041719487048716086,0.35467992925697794,0.4267133713367457,-0.19945146,1.1302247
0.19930569781974972,0.041719487048716086,0.35467992925697794,0.4267133713367457,0.14655466,1.2199736
0.19930569781974972,0.648075874146484,0.35467992925697794,0.4267133713367457,3.4634392,1.8449353
0.19930569781974972,0.648075874146484,0.267084303496885,0.4267133713367457,3.398208,2.2921023
0.19930569781974972,0.648075874146484,0.267084303496885,0.35125952068374744,3.0808263,2.2942464
0.01683912483084095,0.8541375995498819,0.6151426826586243,0.2574519879676842,0.95992357,0.65637606
0.003439554807626158,0.3059686927044796,0.057285964992169904,0.6256987320750476,1.3836509,1.921997
0.6107709337572184,0.14829676429539607,0.3976981331489466,0.6718046631119208,2.6740577,3.8449535
-0.06885693801359581,0.5711828549427809,0.36770170173717703,0.007263787906534678,2.0540967,4.0690947
0.5737611015850576,0.5711828549427809,0.36770170173717703,0.007263787906534678,3.5524116,3.1200058
0.5737611015850576,0.6167336623163053,0.36770170173717703,0.007263787906534678,3.4471045,2.7023718
0.5737611015850576,0.6167336623163053,0.7424192435637965,0.007263787906534678,2.8289473,3.1675546
0.5737611015850576,0.6167336623163053,0.7424192435637965,0.5310173980602144,2.4302857,3.0132678
0.01846202727776837,0.0456687224256771,0.16943901955478538,0.44940358165845495,0.7047526,1.2195153
0.3761080542652008,0.8384566989865077,0.10871378819796709,0.5847602999298331,1.641299,4.7888093
0.557048228368107,0.005624957120676122,0.6090863661420419,0.12316779753410143,1.3358778,3.713617
0.25840270040935887,0.6556157267273512,0.40157125180487124,0.0010014198300325218,2.4397867,4.781145
0.3671544209623513,0.6556157267273512,0.40157125180487124,0.0010014198300325218,2.431273,2.9529805
0.3671544209623513,0.5229866996483552,0.40157125180487124,0.0010014198300325218,4.4489436,3.7690349
0.3671544209623513,0.5229866996483552,0.04456323161541135,0.0010014198300325218,1.7760413,6.35748
0.3671544209623513,0.5229866996483552,0.40157125180487124,0.3224661005269347,3.4538403,3.8133042
0.21937956820740745,0.5365005466086967,0.007168982496039177,0.4726473909760074,1.2214631,0.85065526
0.07067365889004042,0.3864233242335784,0.7329189718911618,0.2868709866080117,3.6309822,1.3890421
0.10260072236780861,0.5115313520635238,0.7688065812597075,0.11016163769662765,3.8805623,1.4752861
0.35450746243278297,0.6369909501085793,0.555378364553272,0.1361509759553776,3.6482077,3.0353982
0.17334167474333506,0.5115313520635238,0.7688065812597075,0.11016163769662765,4.2370143,2.0881915
0.17334167474333506,0.7186475493385935,0.7688065812597075,0.11016163769662765,2.479636,1.514061
0.17334167474333506,0.7186475493385935,0.5624832842488615,0.11016163769662765,3.4188159,1.9346648
0.17334167474333506,0.7186475493385935,0.5624832842488615,0.7018689190221004,3.3719099,1.6724609
0.019258810958149422,0.03288010062521973,0.42499116504549267,0.22974120792278183,1.3517371,1.5932584
0.14651372985390465,0.7430943550069342,0.3638168398975074,0.5778184899738541,3.0143902,1.7613443
-0.02735615793995115,0.8937222489682402,0.4060322589702218,0.15202463074046688,0.06592856,1.6245974
0.45366145057574914,0.3393141216187274,0.4055181871113324,0.018993890788617993,4.4514613,4.465529
0.05878880312102365,0.3393141216187274,0.4055181871113324,0.018993890788617993,4.672398,3.8086753
0.05878880312102365,0.14821495130104756,0.4055181871113324,0.018993890788617993,3.8422894,3.7594583
0.05878880312102365,0.14821495130104756,0.11280736682470441,0.018993890788617993,2.5265331,4.1582007
0.05878880312102365,0.14821495130104756,0.4055181871113324,0.5278090760662657,2.8453841,1.798506
0.42081171400899076,0.7711998899481349,0.652459645286933,0.6729172517278137,2.5765707,3.1856198
-0.018600391916305678,0.2563346316810371,0.22830141200166923,0.18620276198417327,4.895049,3.278176
0.06727662892697318,0.09241449992759732,0.35772240971971353,0.1998595168357191,1.3413697,1.9237916
0.08070726253455719,0.3332203351439902,0.36790844130030326,0.6022249557065216,3.6291544,1.9135069
-0.04873808775790321,0.3332203351439902,0.36790844130030326,0.6022249557065216,3.2685754,1.5464303
0.08070726253455719,0.4029357644890972,0.36790844130030326,0.6022249557065216,3.6937718,1.9653608
0.08070726253455719,0.4029357644890972,0.25866277999989457,0.6022249557065216,3.630256,2.7777686
0.08070726253455719,0.4029357644890972,0.25866277999989457,0.37962373257559534,3.3990414,2.700244
0.620429058435583,0.604087696888489,0.16663366924560155,0.41984184652526935,3.3620558,3.675206
0.56026936169245,0.6242639531590117,0.1279795450464877,0.6335613117166474,2.3475695,4.9185405
0.42198461619336813,0.7916077831520334,0.16841203925019724,0.5451381773265922,2.6339443,3.6230414
0.6074958439136234,0.18924780330526314,0.826030644006324,0.34415815331132293,0.7874888,3.4437108
0.5876072107513132,0.7916077831520334,0.16841203925019724,0.5451381773265922,2.6335397,3.4495869
0.5876072107513132,0.631986039489913,0.16841203925019724,0.5451381773265922,3.2690146,3.3305707
0.5876072107513132,0.631986039489913,0.7098903795308863,0.5451381773265922,2.485496,3.0052881
0.5876072107513132,0.631986039489913,0.7098903795308863,0.4956225427483787,2.485496,3.0052881
0.03240286788535664,0.3139812440731511,0.31323876330059747,0.41529360135155,3.4321394,1.6307397
0.09307752253889458,0.8918158813787649,0.823345839517949,0.22878950582365928,0.89494246,0.61064607
-0.07407988612455206,0.6967557900267809,0.1486713095830038,0.3948098985007036,1.7702917,1.2513463
0.21436125760450475,0.8511734353058769,0.47344047483553536,0.21387333274726925,2.4911506,2.3632164
0.5348381366666312,0.8511734353058769,0.47344047483553536,0.21387333274726925,2.5581415,3.2897446
0.5348381366666312,0.7459976155614241,0.47344047483553536,0.21387333274726925,3.3350723,3.2582686
0.5348381366666312,0.7459976155614241,0.7593411110727234,0.21387333274726925,2.3148055,3.125727
0.5348381366666312,0.7459976155614241,0.7593411110727234,0.5343204961370631,2.019323,3.0530624
0.5720285437734093,0.36343732670761764,0.6789149302916265,0.6026090758116709,2.4118726,3.7296126
0.17048807272724498,0.13067600008490743,0.7826012718029046,0.2117081813949255,0.9653058,1.0530773
0.5848383585366469,0.08215391712403175,0.651124902190113,0.016052859996573663,2.003724,4.346596
0.5537257728988089,0.5478349472133921,0.10758171043654521,0.18906247357938707,2.8821049,5.77574
-0.07065080302084868,0.5478349472133921,0.10758171043654521,0.18906247357938707,2.4957118,3.3746154
-0.07065080302084868,0.13091606221256225,0.10758171043654521,0.18906247357938707,1.2650298,2.6138232
-0.07065080302084868,0.13091606221256225,0.8160191555873569,0.18906247357938707,1.2962441,0.74582034
-0.07065080302084868,0.13091606221256225,0.8160191555873569,0.378771267704483,0.56552833,0.052116208
0.6554499076441319,0.4300440568252566,0.02873530520938142,0.36045758177981213,1.3298414,5.94432
0.30352211217908887,0.318463283390944,0.38236393941886154,0.2757474200729071,4.070847,2.3603806
0.03504895445694024,0.916031648806698,0.3690520281999334,0.30122026694802884,1.7205569,1.2767335
0.5357416497850812,0.6341674503260961,0.4229965049016022,0.11873061645736624,3.554106,3.1194458
0.14633306202749352,0.6341674503260961,0.4229965049016022,0.11873061645736624,3.1323917,1.919112
0.14633306202749352,0.08646155596891525,0.4229965049016022,0.11873061645736624,1.4635526,1.7915643
0.14633306202749352,0.6341674503260961,0.6848935521866849,0.11873061645736624,3.3128893,1.906164
0.14633306202749352,0.6341674503260961,0.6848935521866849,0.4949626374086513,2.572092,1.2191797
0.18339470649954304,0.22693909701339354,0.750493666543098,0.7039365951392362,1.6123945,0.9253236
0.38648168176403563,0.2960271364109408,0.04022198668223657,0.08732803909258632,1.1587757,5.5552993
0.6193709413458967,0.23165598116639696,-0.000538018752063686,0.215783717340404,1.0527236,5.870376
0.48836963749473183,0.5866754171456665,0.3557162805804714,0.1452550490717783,3.980357,3.2430427
0.6236619240229356,0.5866754171456665,0.3557162805804714,0.1452550490717783,3.976621,3.2891555
0.6236619240229356,0.30159225096044295,0.3557162805804714,0.1452550490717783,4.4208336,3.914441
0.6236619240229356,0.30159225096044295,0.11386117474141103,0.1452550490717783,2.577938,5.091338
0.6236619240229356,0.30159225096044295,0.3557162805804714,0.4770316397534202,3.0250604,3.7210414
-0.06300838553116238,0.8585275633830447,0.22156436673239224,0.6407417851944395,0.69935405,1.5019805
0.44160984124808056,0.03315770356254921,0.2324589861794454,0.13796070260704238,1.413884,4.557209
0.04636891862967486,0.14841201856979191,0.43726907650347163,0.6032862018084195,2.847252,1.5394474
0.4757681641738326,0.3932263227188266,0.8229668046796584,0.3172778238973919,2.2174509,3.6807835
0.1996847105479943,0.30159225096044295,0.3557162805804714,0.1452550490717783,4.4601035,2.6476908
0.1996847105479943,0.05371545876577066,0.3557162805804714,0.1452550490717783,1.4706725,2.1093907
0.1996847105479943,0.30159225096044295,0.4321618299089249,0.1452550490717783,4.4590793,2.5193014
0.1996847105479943,0.30159225096044295,0.4321618299089249,0.011358714297219994,4.262287,4.9459867
0.23873067492060518,0.002850298440620236,0.4430657939041875,0.013971189091531475,2.1818576,3.844552
0.6311107303606728,0.5870887058940961,0.4628648020046113,0.47343094522276274,3.5893292,3.2729864
-0.08170109002177504,0.19594546112389866,0.4090473081350789,0.19806892857362254,3.7718787,2.6204345
0.10006828278950687,0.18040575945720105,0.4927286102194581,0.30614984761187714,2.4483657,1.423461
0.5818799797151245,0.19594546112389866,0.4090473081350789,0.19806892857362254,3.2306921,3.9705586
0.5818799797151245,0.4897196492686775,0.4090473081350789,0.19806892857362254,4.8080106,4.0174828
0.5818799797151245,0.4897196492686775,0.49174312499329925,0.19806892857362254,4.8492303,4.104855
0.5818799797151245,0.4897196492686775,0.49174312499329925,0.6921294932028488,3.842915,3.928942
0.19265731854513823,0.8210966808055526,0.6220197291442114,0.47977094505449003,2.5624678,1.8414278
0.5518847003229269,0.002420741471742094,0.21194086363697232,0.2675219428130191,1.1873616,4.4875813
0.6048488971119991,0.29117592105144263,0.07203780932785078,0.32434807762942697,1.5110966,5.2747135
0.5178106798578638,0.1691017378478361,0.3617639135606083,0.3334828603570159,1.9253405,3.8194883
0.5025746096536275,0.4897196492686775,0.49174312499329925,0.6921294932028488,3.8498466,3.8945282
0.5025746096536275,0.5690859832056838,0.49174312499329925,0.6921294932028488,3.7658741,3.297382
0.5025746096536275,0.5690859832056838,0.5001993363104748,0.6921294932028488,3.7658741,3.297382
0.5025746096536275,0.5690859832056838,0.5001993363104748,0.3046126878467561,3.6217492,3.3370535
0.19147677485155035,0.07060774883499388,0.0277158610769063,0.4136422516507636,0.042318434,0.9699504
0.054398404088935495,0.8964223103153226,0.43912639270201653,0.3914220157870183,2.0620384,1.2062912
0.03233095669410714,0.22175752081415245,0.08246546489542164,0.45768283054927394,1.5999789,1.9555929
0.23911810118520094,0.6123816797556474,0.06558652076102547,0.2638242254453331,1.7171322,2.2877035
0.5977695722777151,0.5690859832056838,0.5001993363104748,0.3046126878467561,3.6148176,3.3714678
0.5977695722777151,0.7982465492976347,0.5001993363104748,0.3046126878467561,3.0181944,3.4112778
0.5977695722777151,0.7982465492976347,0.18644670744180383,0.3046126878467561,2.7051558,3.7606468
0.5977695722777151,0.7982465492976347,0.18644670744180383,0.5082132761719471,2.7692704,3.7129214
0.1722620210696849,0.5748115699467782,0.4356183223494878,0.2774635984561442,3.8093863,1.920938
0.44887580147276485,0.054343354479352346,0.5538525822548558,0.39438621138519636,-0.48214516,3.840691
0.38953401575717417,0.7800485568962015,0.33942472909829785,0.47653144732543495,3.003043,3.2208233
0.19261830840245164,0.669842886844759,0.12951927770377383,0.2432578076345777,3.0078073,2.330184
0.10036842635928712,0.669842886844759,0.12951927770377383,0.2432578076345777,2.6661985,2.0791917
0.10036842635928712,0.6207629520077487,0.12951927770377383,0.2432578076345777,3.017018,2.0545905
0.10036842635928712,0.6207629520077487,0.360044384815517,0.2432578076345777,3.4014242,1.6572814
0.10036842635928712,0.6207629520077487,0.360044384815517,0.24375525608914825,3.4014242,1.6572814
0.3611222756479425,0.38115984941057723,0.11782727971260601,0.38915605118706154,2.215971,5.3651676
0.013338747125945086,0.6885978394934975,0.25741397541709515,0.27708514843975607,2.147274,1.9415164
0.31601025804505556,0.09318305382558645,0.155137190158995,0.3711699647930722,-0.031974323,0.926423
0.40383086818667746,0.7952420298833873,0.16689643842607307,0.5298583948600282,2.477242,3.4901023
0.4808986862376644,0.6207629520077487,0.360044384815517,0.24375525608914825,3.8198602,3.0183015
0.4808986862376644,0.4799699372645492,0.360044384815517,0.24375525608914825,4.646955,3.8174589
0.4808986862376644,0.4799699372645492,0.18332696359177617,0.24375525608914825,4.8583035,4.6187057
0.4808986862376644,0.4799699372645492,0.18332696359177617,0.45916915966256155,3.6388147,4.439745
0.4097401744224721,0.8590178104042203,0.12188355561177336,0.36608404161423636,1.6166066,4.761484
0.2610125418879584,0.4874004068470792,0.09367183960549977,0.2465233633621224,2.39743,3.128224
0.04078400529117822,0.0962319637513076,0.37578890909457024,0.7267421309851727,0.8978968,0.98179996
0.11596530764328884,0.6823451800868461,0.6462991123336742,0.21698617728918987,3.212887,1.69447
-0.0693725952785774,0.4799699372645492,0.18332696359177617,0.24375525608914825,4.225958,3.1701524
-0.0693725952785774,0.3566311018918511,0.18332696359177617,0.24375525608914825,4.45356,3.0544696
-0.0693725952785774,0.3566311018918511,0.05956349917529861,0.24375525608914825,1.8079426,3.0386322
-0.0693725952785774,0.3566311018918511,0.18332696359177617,0.19294602651959988,4.7993116,3.2697055
0.09538938833039458,0.5986082258636851,0.5503935823542995,0.47131523198050473,3.482994,1.2759743
0.4420676749314204,0.6952144454167017,0.3706030889611291,0.37708974543031104,3.1025143,3.114966
-0.0728519898204275,0.5674159268623784,0.7205619834555373,0.5090246429501271,1.388861,0.68626404
0.22990226969647132,0.7658192869486453,0.22767139408359852,0.23579803495338322,2.8716478,2.4657984
0.30723428381264306,0.3566311018918511,0.18332696359177617,0.19294602651959988,4.7668915,3.258188
0.30723428381264306,0.08873176265218907,0.18332696359177617,0.19294602651959988,1.3405381,2.1210449
0.30723428381264306,0.3566311018918511,0.3505451504301766,0.19294602651959988,4.2284956,2.857196
0.30723428381264306,0.3566311018918511,0.3505451504301766,0.10428296821213576,4.270477,2.7464082
0.13087473375093583,0.40273835544964465,0.5952765512089145,0.23946020495185036,4.521503,2.380143
0.2602795919424258,0.09235808790767752,0.6022040925290643,0.1655065428435982,1.270157,1.8018497
0.16452083528677652,0.8710336123494091,0.4482826366295853,0.3499130756104414,2.4214938,1.5786769
0.6130387205463624,0.42026601928026386,0.0646643964874313,0.3269188700801955,1.9403905,5.943133
0.4946580547635234,0.40273835544964465,0.5952765512089145,0.23946020495185036,4.433639,4.08317
0.4946580547635234,0.2977053550123503,0.5952765512089145,0.23946020495185036,4.1595936,3.9190125
0.4946580547635234,0.2977053550123503,0.3145627000550352,0.23946020495185036,4.1591425,3.7949476
0.4946580547635234,0.2977053550123503,0.3145627000550352,0.2677495591962966,4.249803,3.7613988
0.4327827158031686,0.08573794948739977,0.5884425435820696,0.7120215679112327,0.13050182,3.9083102
0.4793618079328926,0.8445875001023007,0.7528887504170106,0.0963040776176953,1.9840662,3.282841
-0.0015632277098290709,0.7548368709029889,0.5610145554667806,0.47508355748246345,1.6740042,0.76403624
-0.07027138730282588,0.7359638568864413,0.22684557358468363,0.25721234476237953,1.9636638,2.1445043
0.1746664234980534,0.2977053550123503,0.3145627000550352,0.2677495591962966,4.3360133,2.408258
0.1746664234980534,0.08859349568961772,0.3145627000550352,0.2677495591962966,1.1975312,1.969746
0.1746664234980534,0.2977053550123503,0.2694437947099479,0.2677495591962966,4.6590896,2.9823258
0.1746664234980534,0.2977053550123503,0.2694437947099479,0.6958204671229957,3.5266593,2.6835444
0.5190812044762744,0.046555465837787136,0.7458844445769944,0.31511131362082523,-0.3420849,3.5659363
0.47302525641934634,0.008361447727490479,0.5371435026191856,0.42360424672670405,-0.48214516,3.840691
-0.08301274272894098,0.020770372735563924,0.07514509036816844,0.5799403808056418,1.0084524,1.3185354
0.28836569742402285,0.5518678962113124,0.5774509167395373,0.4133297291414948,3.616788,1.741062
0.12399739689845037,0.2977053550123503,0.2694437947099479,0.2677495591962966,4.7008495,2.9951713
0.12399739689845037,0.6301895309160837,0.2694437947099479,0.2677495591962966,3.4629428,2.4797544
0.12399739689845037,0.2977053550123503,0.7424538671539879,0.2677495591962966,4.0269694,1.7938565
0.12399739689845037,0.2977053550123503,0.2694437947099479,0.6806632444075369,3.6590416,2.660946
0.5233193026602382,0.13363093280946048,0.2982172288393187,0.1339288504398972,2.5382795,3.987256
-0.012422353333627942,0.03149663727932106,0.04512452153119543,0.5520661416386545,0.97563195,1.3085128
0.2596289566912414,0.5056784692014862,0.8010762129274659,0.6374392532404087,2.5011172,0.9690074
0.0667779097265805,0.5205288184629566,0.05556201909111228,0.5998760926986328,1.8602718,2.3621466
0.22199013420690294,0.2977053550123503,0.2694437947099479,0.2677495591962966,4.6590896,2.9823258
0.22199013420690294,0.4864581398214316,0.2694437947099479,0.2677495591962966,4.9851227,3.2566645
0.22199013420690294,0.4864581398214316,0.1602298991799919,0.2677495591962966,4.4377275,3.1371956
0.22199013420690294,0.4864581398214316,0.2694437947099479,0.08033713466426559,5.118405,3.9645379
0.5388510078138601,0.549307972851889,0.6777297420283376,0.18031950762458845,4.8793283,3.8014982
0.44436750976274164,0.31595717115227595,0.6961255132918173,0.7323409838717225,2.345388,3.5264828
0.39875974373134715,0.2845212970239941,0.0811353873002493,0.637381739659471,2.001772,5.012738
0.5376347256726669,0.16462061267904238,0.5070557141027158,0.5730681224223133,2.159604,3.814582
0.6374617662180487,0.549307972851889,0.6777297420283376,0.18031950762458845,4.8793283,3.8129554
0.6374617662180487,0.1294520460897699,0.6777297420283376,0.18031950762458845,1.1274918,3.713955
0.6374617662180487,0.549307972851889,0.3627298460180625,0.18031950762458845,4.816048,3.9238615
0.6374617662180487,0.549307972851889,0.3627298460180625,0.14596901402114068,4.909201,3.9209192
0.2739611863473571,0.8011180628453727,0.28383314375734287,0.3076634399026901,2.6902618,2.0206642
0.058723335560617276,0.04863480060642189,0.19915098555886993,0.701366631060143,0.90313995,1.40455
0.32764949382973885,0.18991674911886314,0.407790225342159,0.4538817629437055,2.2450294,1.8865304
0.5825742944219571,0.18001498373382852,0.3491224598789086,0.06852426692208266,3.1366885,4.144924
0.3884027286349775,0.549307972851889,0.3627298460180625,0.14596901402114068,4.901144,3.8281286
0.3884027286349775,0.6768235666302229,0.3627298460180625,0.14596901402114068,3.3267596,2.9787836
0.3884027286349775,0.549307972851889,0.7943325245196967,0.14596901402114068,4.142867,3.7485306
0.3884027286349775,0.549307972851889,0.3627298460180625,0.15894843601968842,4.8582244,3.8340435
0.19579612880713937,0.8154800953442569,0.1650049525644283,0.06905419616683159,1.9270039,3.040923
0.0571257482700397,0.4990729233877693,0.11023453764172278,0.26400631805194763,2.5198739,2.868738
0.5065383256111021,0.5014409044552637,0.8020419741661183,0.20604126681915244,3.6925645,3.7202284
0.03723943416220589,0.784418109877342,0.1428985890629634,0.08974572409694301,1.57245,1.7708727
0.2482455419406716,0.549307972851889,0.3627298460180625,0.15894843601968842,4.7136097,2.763737
0.2482455419406716,0.7433125553939584,0.3627298460180625,0.15894843601968842,2.9192395,2.0324214
0.2482455419406716,0.549307972851889,0.7034107439983893,0.15894843601968842,4.735652,2.3487031
0.2482455419406716,0.549307972851889,0.7034107439983893,0.15907967446163693,4.735652,2.3487031
0.4179283438515339,0.8023516964447155,0.809589419928974,0.28260643079925174,1.6396714,3.0572152
0.26696925793861903,0.7106326991674883,0.013952624130869316,0.2309103975833295,0.6883672,0.9249456
-0.018701205930701334,0.3696222567827121,0.6733450097134502,0.04368375404236599,4.207364,2.4589796
0.5534958954336365,0.7969148303127889,0.08254668581345107,0.18449135561749583,1.2178885,5.545409
0.11171862134827627,0.3696222567827121,0.6733450097134502,0.04368375404236599,4.3922176,2.6996868
0.11171862134827627,0.7904389432589403,0.6733450097134502,0.04368375404236599,1.264902,2.028055
0.11171862134827627,0.3696222567827121,0.06966284287591043,0.04368375404236599,1.5951552,3.533543
0.11171862134827627,0.3696222567827121,0.6733450097134502,0.2092560177611311,4.133216,1.8252926
0.1796239249324184,0.7165235710396303,0.7934316423751836,0.4131805175352561,1.4875165,0.8524102
0.0805324660651935,0.06835902478388123,0.5770572897204856,0.6727684689835343,0.7930418,0.7541761
0.6626535781780042,0.10611333370785658,0.7493985154014181,0.6640568685095154,-0.3864337,3.5957603
0.20566906841897648,0.735251748065008,0.1215789372405264,0.18062016852669058,1.3805889,2.3792388
0.6550077750398385,0.3696222567827121,0.6733450097134502,0.2092560177611311,4.069784,3.9170494
0.6550077750398385,0.032240269548950096,0.6733450097134502,0.2092560177611311,0.89098394,3.7346847
0.6550077750398385,0.3696222567827121,0.6693496218268472,0.2092560177611311,4.069784,3.9170494
0.6550077750398385,0.3696222567827121,0.6693496218268472,0.18556049884395873,4.293583,3.9259927
0.41136528856208787,0.1342947546283133,0.375111747075842,0.17023268311370995,2.425403,3.8615394
0.4135320439128195,0.44618613744759905,0.44074097281585395,0.12252818672240903,5.147286,4.022636
0.6325513371438946,0.39958975893395143,0.49940028030902534,0.24169933179943823,4.1537676,3.9994342
0.5677460977259882,0.12095758583729266,0.05012269734966993,0.11484892642987884,0.9601303,5.5160213
0.21726324264641572,0.44618613744759905,0.44074097281585395,0.12252818672240903,5.0601397,2.7037416
0.21726324264641572,0.6651392188022669,0.44074097281585395,0.12252818672240903,3.49149,1.9772139
0.21726324264641572,0.44618613744759905,0.2672108336459597,0.12252818672240903,5.552776,3.65239
0.21726324264641572,0.44618613744759905,0.2672108336459597,0.43434256906229507,3.798605,2.9564316
0.21726324264641572,0.44618613744759905,0.2672108336459597,0.12252818672240903,5.552776,3.65239
0.21726325264641572,0.44618613744759905,0.2672108336459597,0.12252818672240903,5.552776,3.65239
0.21726324264641572,0.44618614744759905,0.2672108336459597,0.12252818672240903,5.552776,3.65239
0.21726324264641572,0.44618613744759905,0.2672108436459597,0.12252818672240903,5.552776,3.65239
0.21726324264641572,0.44618613744759905,0.2672108336459597,0.12252819672240903,5.552776,3.65239
0.3830618863387253,0.46820885399038126,0.34498493640135836,0.39155528569534326,3.678458,3.9523718
0.09924222483026214,0.6260276966665645,0.16165316038088298,0.15078579087429841,2.6296234,2.0200741
0.198643290690676,0.3055139409943073,0.37260436046731366,0.3601533867007518,2.98558,2.0999334
0.36753973800257966,0.26312045575524223,0.705114385646353,0.6750988501970241,2.4143333,3.4319978
-0.0750456840770689,0.44618613744759905,0.2672108336459597,0.12252818672240903,5.1731834,3.6694732
-0.0750456840770689,0.08942035277098803,0.2672108336459597,0.12252818672240903,1.7690741,2.880891
-0.0750456840770689,0.44618613744759905,0.7890659116562632,0.12252818672240903,3.7911522,1.1739118
-0.0750456840770689,0.44618613744759905,0.2672108336459597,0.6582726623976676,3.2071288,2.3603423
0.4671776918648777,0.1614490119778571,0.037206922629928675,0.5675192376167004,1.367125,5.153541
-0.005362037373324399,0.5774282786522646,0.665072303279849,0.3542812473786263,1.6202996,0.6804342
0.4680201756428234,0.7167320119045368,0.3116050444592439,0.08780671453721564,2.9861505,3.2327056
0.5074378809629655,0.6499011437018134,0.3727059854087566,0.6991099078929643,3.5387156,3.0789409
0.6075999445355925,0.44618613744759905,0.2672108336459597,0.12252818672240903,5.672381,5.419615
0.6075999445355925,0.6103058710507296,0.2672108336459597,0.12252818672240903,4.0285316,4.275191
0.6075999445355925,0.44618613744759905,0.22147328879039332,0.12252818672240903,5.598234,5.18947
0.6075999445355925,0.44618613744759905,0.22147328879039332,0.23232739264327049,5.1369305,5.153804
0.6075999445355925,0.44618613744759905,0.2672108336459597,0.12252818672240903,5.672381,5.419615
0.6075999545355926,0.44618613744759905,0.2672108336459597,0.12252818672240903,5.672381,5.419615
0.6075999445355925,0.44618614744759905,0.2672108336459597,0.12252818672240903,5.672381,5.419615
0.6075999445355925,0.44618613744759905,0.2672108436459597,0.12252818672240903,5.672381,5.419615
0.6075999445355925,0.44618613744759905,0.2672108336459597,0.12252819672240903,5.672381,5.419615
0.2612284037228031,0.1332777692909275,0.07279484094862224,0.058801019742293875,1.5205854,3.3639457
-0.007996326335432888,0.8249324128348028,0.1997334237021459,0.27862876744262977,0.49386406,2.1260073
0.047711404393000825,0.7231459264087086,0.7259568481982267,0.42239947916569776,2.069272,0.9789463
0.37574127760131415,0.043966084047804,0.5659555526461307,0.42996101162056277,-0.3626189,3.771798
0.4405780141868535,0.44618613744759905,0.22147328879039332,0.23232739264327049,5.202717,5.310059
0.4405780141868535,0.6357858034848403,0.22147328879039332,0.23232739264327049,3.6027656,3.895348
0.4405780141868535,0.44618613744759905,0.11593230826310688,0.23232739264327049,2.9710019,5.7466564
0.4405780141868535,0.44618613744759905,0.22147328879039332,0.3988434233487048,3.7439015,5.1277013
0.25189249945533476,0.7050765416759877,0.6341865681709694,0.10628658505507002,3.317455,1.9478469
-0.025031696123143696,0.5436389491861782,0.5387128235560324,0.3335801394457363,2.861907,1.1126796
0.07005638717234154,0.06360583536127162,0.6797935052953953,0.6496425773549745,0.09224562,0.49606806
0.3634282510532044,0.2993118230176708,0.3226048493542892,0.270574363051697,4.2436786,3.6834607
0.03318457784031338,0.44618613744759905,0.22147328879039332,0.23232739264327049,4.7440257,2.9952214
0.03318457784031338,0.3526036827121146,0.22147328879039332,0.23232739264327049,4.6061497,2.9583836
0.03318457784031338,0.3526036827121146,0.608304736100813,0.23232739264327049,4.2740674,1.8937483
0.03318457784031338,0.3526036827121146,0.22147328879039332,0.3852496084823187,3.0568612,2.5524273
0.15144376614683208,0.7594892941387892,0.8144716024593456,0.18004732129517362,1.3045928,0.9567312
0.018282510111539488,0.675770284739539,0.6985215728221029,0.4347292920160193,1.6435767,0.45033312
0.33058069112879485,0.49099124787135695,0.5663185753645869,0.6748486023102558,3.6534922,1.8398243
0.361164302678063,0.3485543051573248,0.08528822997149002,0.2850054338823149,2.187126,5.2116747
0.43174233075841195,0.3526036827121146,0.22147328879039332,0.23232739264327049,4.6851764,5.0437493
0.43174233075841195,0.8406829432562137,0.22147328879039332,0.23232739264327049,2.4192586,4.0080447
0.43174233075841195,0.3526036827121146,0.560458171131032,0.23232739264327049,4.342262,4.0789747
0.43174233075841195,0.3526036827121146,0.22147328879039332,0.20118774746042686,4.8801904,5.053696
0.6047089823918673,0.6931134713310976,0.705479893141982,0.06617653689558264,2.6890717,3.3285716
0.5996855793096475,0.6356488425732945,0.5601703439863711,0.19778586850335242,3.7774591,3.234848
0.3157057386469736,0.5029295214988458,0.7090242969722781,0.19062713015422258,4.5266423,2.6035328
0.04136932790774929,0.7427091638658401,0.5233419010816659,0.6726238991797082,2.8574893,1.057549
0.35862103624257047,0.5029295214988458,0.7090242969722781,0.19062713015422258,4.640727,3.8780227
0.35862103624257047,0.3385552989298293,0.7090242969722781,0.19062713015422258,4.3091326,3.6917548
0.35862103624257047,0.3385552989298293,0.6143778109286425,0.19062713015422258,4.4525065,3.4524431
0.35862103624257047,0.3385552989298293,0.6143778109286425,0.6969872307639413,2.9128442,3.2465782
-0.010857243424945082,0.62992686417889,0.02582093876198491,0.21199570182234947,1.2409514,2.3073933
0.46187138730647936,0.6940686161712195,0.7877221621018403,0.3209595921017332,1.6151917,3.0143714
0.09162255605942606,0.43134234625782186,0.6680142648196025,0.24818498078038684,4.395903,1.812189
0.6036685351500505,0.6073405450242846,0.7045474890237758,0.21942569018999689,3.1937428,3.2255085
0.44914932558993825,0.43134234625782186,0.6680142648196025,0.24818498078038684,4.6411076,3.9080803
0.44914932558993825,0.787261599448966,0.6680142648196025,0.24818498078038684,2.7627702,3.0930617
0.44914932558993825,0.43134234625782186,0.12802571736858584,0.24818498078038684,2.9340215,5.6701837
0.44914932558993825,0.43134234625782186,0.6680142648196025,0.7255110254826249,2.8803177,3.8603928
0.1773801779062364,0.032775272673680966,0.10865532778157042,0.5423712120627684,0.66736925,1.0611655
0.0047354135814933335,0.5281490124555175,0.3590978869007721,0.5545679133508266,3.0977433,1.3786178
0.6541451448338994,0.25455586159152377,0.3225379893774662,0.5342404902951081,3.0564876,3.7799659
0.24574995081937823,0.7275267330152002,0.2483570866442272,0.10256635459522909,2.953882,2.5950267
0.6087002659312754,0.43134234625782186,0.6680142648196025,0.24818498078038684,4.638294,3.9253213
0.6087002659312754,0.12917085712402088,0.6680142648196025,0.24818498078038684,0.8191894,3.6096601
0.6087002659312754,0.43134234625782186,0.47387280152470973,0.24818498078038684,4.8686466,4.068902
0.6087002659312754,0.43134234625782186,0.47387280152470973,0.08340195135314585,5.002395,4.097912
0.23785836569877372,0.9022065931702987,0.6328462873050137,0.6740019184604442,2.1474986,1.6301472
-0.020597631272224567,0.6940547014807814,0.14069075015141932,0.10152646243427907,1.6157066,2.1359353
0.21627860870594573,0.3210917061438421,0.6581231734272913,0.5873004152570118,2.5621085,1.479545
0.16895189526648247,0.5902384667156264,0.32148448173690086,0.4962672795040888,3.387576,1.7815377
0.1252965653097865,0.43134234625782186,0.47387280152470973,0.08340195135314585,4.811619,3.7100704
0.1252965653097865,0.4204545719119146,0.47387280152470973,0.08340195135314585,4.9035144,3.8278587
0.1252965653097865,0.4204545719119146,0.44089965451420227,0.08340195135314585,4.8947306,3.824959
0.1252965653097865,0.4204545719119146,0.44089965451420227,0.1405156630702926,5.045455,2.8976054
-0.05774730249121039,0.6524828689297193,0.025731687464750328,0.22381006062585126,1.2641323,2.2984884
0.4809340702265369,0.32895754641460506,0.32909118288030154,0.559553248889884,3.1244357,3.7022295
0.1320414361519867,0.2453019135943788,0.7284635145693515,0.3522499198384317,1.4413177,1.387935
0.40163713185143723,0.49839743264348835,0.6047951245272748,0.6201146191400966,3.5935545,3.7652645
-0.08063220217681498,0.4204545719119146,0.44089965451420227,0.1405156630702926,4.967322,2.767231
-0.08063220217681498,0.8939300761258133,0.44089965451420227,0.1405156630702926,0.0235335,1.5107737
-0.08063220217681498,0.4204545719119146,0.5595569038393496,0.1405156630702926,5.016095,2.6774216
-0.08063220217681498,0.4204545719119146,0.5595569038393496,0.5943366782539208,3.30166,1.2866198
-0.07123729754627882,0.24914432866742464,0.21049148781912388,0.4442333582632436,2.46966,2.162714
0.5578334021109713,0.5064927053637724,0.4430999359623095,0.7268825102872256,3.6946783,3.8590236
0.640258151867726,0.6278682800889892,0.10969602134096448,0.2903236427024787,2.3267598,4.998807
-0.010942996604471941,0.165521435148952,0.3314548252921807,0.5610301915344458,2.707594,1.4967463
-0.053158706141869336,0.4204545719119146,0.5595569038393496,0.1405156630702926,5.016095,2.6774216
-0.053158706141869336,0.7440325984750515,0.5595569038393496,0.1405156630702926,1.6175687,1.4249738
-0.053158706141869336,0.4204545719119146,0.3359507808057311,0.1405156630702926,4.9577866,2.9882772
-0.053158706141869336,0.4204545719119146,0.3359507808057311,0.5713576838414873,3.3460524,1.8352895
0.5185349777455549,0.6507117699712257,0.7344974431402219,0.1540567450797283,2.9050517,3.170561
-0.07218231592197132,0.09905927437067996,0.09912947748904335,0.7209763261122113,1.110702,1.3299146
0.2646630502382482,0.8042059388553908,0.6107127400727407,0.37040034880733685,2.5561657,1.4139994
0.47480178745936985,0.8239666000278079,0.1176626850458348,0.564539682199694,1.7467121,4.890846
0.5810274375471408,0.4204545719119146,0.3359507808057311,0.1405156630702926,5.136107,4.3401494
0.5810274375471408,0.8373475883917321,0.3359507808057311,0.1405156630702926,2.3835375,3.3049731
0.5810274375471408,0.4204545719119146,0.4210671575829012,0.1405156630702926,5.1676335,4.2850537
0.5810274375471408,0.4204545719119146,0.4210671575829012,0.7073802342339839,3.7120786,4.188276
0.33301464659838753,0.41367455533659125,0.4576901674302771,0.37450509057339687,3.3778143,1.9241797
0.11409779522363629,0.8151909964648603,0.16391335857033598,0.11515033197964894,1.5027688,2.1465344
0.5103493052270623,0.8372707708044587,0.6248420714245405,0.28732864136513925,2.6759071,3.3437448
0.3647658983490748,0.4409899971306306,0.6912576300863859,0.7324690003059828,2.8906476,3.7794275
0.6372527193269292,0.4204545719119146,0.4210671575829012,0.1405156630702926,5.1676335,4.28653
0.6372527193269292,0.45906564657760995,0.4210671575829012,0.1405156630702926,5.1959343,4.148848
0.6372527193269292,0.45906564657760995,0.8205018870101032,0.1405156630702926,4.57565,4.099604
0.6372527193269292,0.45906564657760995,0.4210671575829012,0.3988264635713712,3.7241743,4.0743537
0.2787149201761797,0.35932838148297996,0.707351302040116,0.012106536217146389,4.2603517,4.0613403
0.004275880768573784,0.2441354792651218,0.1867404620716581,0.30688386828729364,1.8959391,1.8586876
0.040904752764976085,0.49305767253605737,0.608949540898675,0.4801819036220145,3.2056563,1.4495479
-0.011317389442031187,0.7057797891393602,0.30830213229938147,0.5332120298335212,1.699481,1.1686785
0.6646826525269883,0.45906564657760995,0.4210671575829012,0.1405156630702926,5.1959343,4.1638465
0.6646826525269883,0.8565732034790114,0.4210671575829012,0.1405156630702926,2.463361,3.198262
0.6646826525269883,0.45906564657760995,0.6354789780583657,0.1405156630702926,5.325032,4.26707
0.6646826525269883,0.45906564657760995,0.6354789780583657,0.713839059217797,2.8911593,3.8980188
0.3555911934854409,0.07361410960044168,0.7994772429644977,0.4042050439939473,-0.2886623,3.323942
0.26154715789183725,0.094507947028172,0.16062116130817553,0.4087307507865887,0.44056726,0.9478675
0.25892494742042993,0.4065837378794499,0.1690061564025446,0.4109989514679313,3.173751,2.692079
-0.04252255545072191,0.5314900079688778,0.1090651381100475,0.1526250118266965,2.5977793,3.3144045
0.06230015233189702,0.45906564657760995,0.6354789780583657,0.1405156630702926,4.5695195,1.8601766
0.6646826525269883,0.4373609086314474,0.6354789780583657,0.1405156630702926,5.3019075,4.295662
0.6646826525269883,0.4373609086314474,0.4073753394240746,0.1405156630702926,5.207116,4.1733227
0.6646826525269883,0.4373609086314474,0.4073753394240746,0.4387716615355899,3.7756755,4.0967565
-0.07323900282803485,0.34629352545049485,0.2186310010412992,-0.0030028904732866367,4.2816834,3.5024993
0.36798704190587583,0.3804277733379151,0.3825944884141798,0.42225937145479975,3.1440365,3.9180481
0.10734893702738114,0.2278724299904087,0.09350455972067442,0.48940055507565816,1.8047618,2.1631548
0.5433530653780024,0.5591195000428346,0.5304946625561086,0.04893682728598134,4.4498525,4.0537477
0.329529545483784,0.4373609086314474,0.4073753394240746,0.1405156630702926,5.0295186,2.8151805
0.6646826525269883,0.332754015403804,0.4073753394240746,0.1405156630702926,4.504121,3.9745193
0.6646826525269883,0.4373609086314474,0.24142049358143894,0.1405156630702926,5.633978,5.3407683
0.6646826525269883,0.4373609086314474,0.24142049358143894,0.08017630767458425,5.411065,5.6643624
0.07775434068971444,0.715128519449832,0.4204442107810888,0.36089839324145245,3.0921736,1.2719207
0.473932924592379,0.4563364588026899,0.1940882285998419,0.05590290321150346,5.4141307,5.945889
0.5024664069318306,0.5091987063774432,0.12554307937513612,0.26463209795511133,2.930156,5.642708
0.22731552061323057,0.5801344010814864,0.20369158892374664,0.5109480144489211,3.3562615,2.1792736
0.4559737661267548,0.4563364588026899,0.1940882285998419,0.05590290321150346,5.4141307,5.945889
0.4559737661267548,0.5464156969641603,0.1940882285998419,0.05590290321150346,5.2355366,5.575278
0.4559737661267548,0.5464156969641603,0.42596396413770105,0.05590290321150346,4.7175646,4.040934
0.4559737661267548,0.5464156969641603,0.1940882285998419,0.2502736220670734,4.9943385,4.808287
-0.035572607454186986,0.45355712294719064,0.4963014527444067,0.11637691860717678,4.6974554,2.5992584
0.27400595506471037,0.31807314624786587,0.5971340248054834,0.5720858199649506,3.0071461,1.799088
0.1826148319812565,0.1373229853491389,0.4910433298377849,0.45653899184438984,2.5496624,1.7763731
0.5910292010285249,0.42548315494513345,0.49795533324593094,0.1803380565665442,5.1369944,4.032048
0.6166582163289361,0.42548315494513345,0.49795533324593094,0.1803380565665442,5.1369944,4.032048
0.6166582163289361,0.019813023238978822,0.49795533324593094,0.1803380565665442,1.2034159,3.9318256
0.6166582163289361,0.42548315494513345,0.4714056037720548,0.1803380565665442,5.1061273,3.9750621
0.6166582163289361,0.42548315494513345,0.4714056037720548,0.1686889807518028,5.174769,3.9721198
0.5352970565082044,0.5328505512179933,0.7027699712175365,0.011273062384731223,4.3578153,3.8310146
0.36577162978489197,0.040962081747813794,0.5503146333797883,0.51531239310264,-0.49242923,3.6838462
0.0936789401007835,0.12644772492265766,0.6227923069127373,0.02525214902115278,2.0922256,3.2095027
0.21605805154897773,0.2899350152915119,0.06864405479019356,0.07011179674774223,1.4524258,3.6400557
0.08302794457584696,0.42548315494513345,0.4714056037720548,0.1686889807518028,5.045412,2.1568325
0.08302794457584696,0.7292076951107691,0.4714056037720548,0.1686889807518028,2.5261636,1.4422083
0.08302794457584696,0.42548315494513345,0.5191578134192015,0.1686889807518028,4.9817038,2.0625508
0.08302794457584696,0.42548315494513345,0.5191578134192015,0.06690584437767907,4.879347,3.212256
0.5457642327574349,0.2895411939899737,0.5953466872583068,0.1849081064208384,4.403165,4.037697
0.3625930022098679,0.19404511151456294,0.7245046317435876,0.1820726433780777,3.1253126,3.6226833
0.6525532803510091,0.24057880609553894,0.6316637929714018,0.5607059513064634,1.5822918,3.6087098
0.15764446143493627,0.7130899865432259,0.3734520487133048,0.134499185687023,2.7919867,1.953232
0.031119700626208627,0.42548315494513345,0.5191578134192015,0.06690584437767907,4.7304378,3.1743038
0.031119700626208627,0.2812198530843655,0.5191578134192015,0.06690584437767907,4.4604917,2.8156083
0.031119700626208627,0.42548315494513345,0.4895245812699746,0.06690584437767907,4.8064976,3.2377884
0.031119700626208627,0.42548315494513345,0.4895245812699746,0.15884168480293323,4.9012284,2.2140167
0.44759040817236795,0.5342351109367578,0.6600678385837985,0.30304700601282164,3.151357,3.8016784
-0.04595707439161832,0.26266883272509656,0.1559505073737996,0.10397223019241505,4.471316,3.0946012
0.5996096535415464,0.6468704139529282,0.4334801293515275,0.5040743922227122,3.536969,3.143419
0.08731354597159714,0.765304262986386,0.24131038484152514,0.1445824494860339,2.1781821,2.2578795
0.4914296245121478,0.42548315494513345,0.4895245812699746,0.15884168480293323,5.215444,3.9708436
0.4914296245121478,0.058656569980618745,0.4895245812699746,0.15884168480293323,1.2236885,3.881254
0.4914296245121478,0.42548315494513345,0.6585807119123283,0.15884168480293323,5.233916,4.008526
0.4914296245121478,0.42548315494513345,0.6585807119123283,0.4999038510475984,2.9614737,3.8398578
0.27630550225373585,0.020731824767915352,0.1355227683255608,0.335877760003207,-0.19431442,0.91275835
0.0831342769002822,0.598240024951854,0.34045633757468247,0.5103748877695651,3.4868133,1.5913575
0.0675522732739854,0.5191745207961329,0.6640811934961482,0.543293912474649,2.8659344,1.4246775
0.6309329195263945,0.6481294258332513,0.08155672845796982,0.522698076411956,2.1598444,5.3421745
0.18004927563012274,0.42548315494513345,0.6585807119123283,0.15884168480293323,5.238685,2.453779
0.18004927563012274,0.330978280248972,0.6585807119123283,0.15884168480293323,4.5231495,2.1364841
0.18004927563012274,0.42548315494513345,0.747312280746422,0.15884168480293323,5.0855126,2.0790563
0.18004927563012274,0.42548315494513345,0.747312280746422,0.0661573567423552,4.920833,3.554717
0.6042710605561848,0.34026388530663754,0.69490593009399,0.7124197282080154,2.342575,3.5379183
-0.010752184131148076,0.45603925140689494,0.7251085997136782,0.27832759710439703,3.9879,1.6991135
0.3981652014691107,0.11931545059774118,0.370856827220666,0.34260079963889467,-0.96745664,3.632282
0.051991153335175025,0.8556511830747051,0.022553751588170554,0.6868290227661653,0.35987502,1.604557
0.3922025691906873,0.42548315494513345,0.747312280746422,0.0661573567423552,4.916667,4.214854
0.3922025691906873,0.300604954426666,0.747312280746422,0.0661573567423552,4.207359,3.93425
0.3922025691906873,0.42548315494513345,0.056920700871862996,0.0661573567423552,1.7524778,6.2786818
0.3922025691906873,0.42548315494513345,0.747312280746422,0.5966671989402421,2.7591434,3.6425784
-0.0681321131818614,0.8297504150076218,0.8241006448535483,0.3207913238800053,-0.097795956,0.41531762
0.17061638930079204,0.09515508096660241,0.434217495101155,0.32040203541950874,-0.02466892,0.70834786
-0.06543109529923795,0.31203467600247725,0.7441637429917399,0.11410107376492815,4.152054,1.7132429
0.1794126478449688,0.7965770336275213,0.1321128867538092,0.4049708477353491,2.4450278,2.0320737
0.16136756108841432,0.42548315494513345,0.747312280746422,0.0661573567423552,4.930292,3.5171633
0.16136756108841432,0.489559595859383,0.747312280746422,0.0661573567423552,4.359217,3.4803414
0.16136756108841432,0.42548315494513345,0.25042457099143783,0.0661573567423552,5.397908,4.076873
0.16136756108841432,0.42548315494513345,0.25042457099143783,0.7139282642216642,3.694472,2.594847
0.28585262752864427,0.7285542701505916,0.12549781672552954,0.6848510703517476,1.9953372,1.906494
0.47011321336943823,0.2093289591005436,0.5861211796250955,0.3168915270880923,1.7124656,3.8525438
0.38282840940213136,0.6472555862909299,0.4561018797069453,0.10156279746848182,3.2757366,2.9924705
0.13137553456715445,0.41967576515413274,0.7483960259102148,0.38302334816984285,2.6249382,1.5632575
0.11226492974644743,0.42548315494513345,0.25042457099143783,0.0661573567423552,5.311461,3.8746817
0.11226492974644743,0.8441478682721582,0.25042457099143783,0.0661573567423552,1.3899645,2.4635625
0.11226492974644743,0.42548315494513345,0.7970348873806409,0.0661573567423552,4.194263,2.9526596
0.11226492974644743,0.42548315494513345,0.25042457099143783,0.6988554241234262,3.7919655,2.5856533
-0.06775436121185639,0.6512849293725154,0.33122942492826274,0.16428577034789524,2.055088,1.8168672
-0.051567859901613486,0.05292333506029623,0.6235946393656641,0.5961425583441731,1.1839653,0.5997246
-0.034857844297493265,0.6968726208881364,0.6734016373690216,0.6936204916311759,1.2173918,0.6306168
0.41113326642552506,0.8757263142808318,0.36729436565349477,0.15197681946177607,2.1467168,2.902793
0.6681845283259485,0.42548315494513345,0.25042457099143783,0.0661573567423552,5.561434,5.60024
0.6681845283259485,0.8132586819216105,0.25042457099143783,0.0661573567423552,2.2975466,4.1190286
0.6681845283259485,0.42548315494513345,0.5944796164833152,0.0661573567423552,4.9467797,4.22853
0.6681845283259485,0.42548315494513345,0.25042457099143783,0.05026452705550352,5.6247315,5.7953944
0.5577676116889746,0.8921272290654052,0.6728816618972074,0.41420642846572875,2.3015935,3.1828876
0.6083363896296475,0.33808814543070476,0.6578853555735921,0.22072909068632993,4.035415,3.7530622
0.17464100483083633,0.21085973354184295,0.2676947400945821,0.06165473236350036,3.6066666,3.5860183
0.06842168779741477,0.6341983645166414,0.29796551941265065,0.19265624816472735,2.9259293,1.8478624
0.6435038889673576,0.42548315494513345,0.25042457099143783,0.05026452705550352,5.6247315,5.7953944
0.6435038889673576,0.21521798422427318,0.25042457099143783,0.05026452705550352,3.5668666,5.5611253
0.6435038889673576,0.42548315494513345,0.8158148197798368,0.05026452705550352,4.3670535,4.3774476
0.6435038889673576,0.42548315494513345,0.25042457099143783,0.4253264856800776,3.746223,5.0163946
0.23557614196418364,0.1411726804497171,0.20711784548837855,0.718390080800063,2.7817032,2.351427
0.0978061534691076,0.09677360205976093,0.35483005164874365,0.2835455726534022,1.0771574,1.6511838
0.19558871614000795,0.6302749362739997,0.13031312822477661,0.5530703675466171,3.1155505,1.921099
0.2099046354508226,0.91120360079027,0.7645228910714449,0.34587135002633573,1.7639561,1.3407304
0.44738758669105094,0.42548315494513345,0.25042457099143783,0.05026452705550352,5.62606,5.8859315
0.44738758669105094,0.6744437852408294,0.25042457099143783,0.05026452705550352,3.364853,4.1318855
0.44738758669105094,0.42548315494513345,0.16873286330378248,0.05026452705550352,4.979761,5.7736955
0.44738758669105094,0.42548315494513345,0.25042457099143783,0.09630123443773894,5.561505,5.3174357
0.08656054814355997,0.4700047825313649,0.2795211013865159,0.1350282917487071,5.143837,2.8222752
-0.06466110041916139,0.2966722779122737,0.42823708006571376,0.27813003130412284,4.4047356,2.1179466
0.6465302371522511,0.6268993464950663,0.002676481029157439,0.13390761568834006,0.6713189,6.266618
0.6158318524108916,0.6117469553558683,0.3010801388290835,0.24280267367320005,3.8446996,3.3222551
0.6135817601757342,0.42548315494513345,0.25042457099143783,0.09630123443773894,5.553822,5.2040954
0.6135817601757342,0.7233102467180226,0.25042457099143783,0.09630123443773894,3.140327,3.956944
0.6135817601757342,0.42548315494513345,0.15169021553602527,0.09630123443773894,4.877037,4.8017836
0.6135817601757342,0.42548315494513345,0.25042457099143783,0.4009767998573359,3.7172751,5.001991
0.18879830425570654,0.7031957102054243,0.4519419952624117,0.5575915970842722,3.2520497,1.6758704
0.631306296700446,0.6299403920512576,0.21553442187891828,0.6773699889042852,3.4604027,3.5966463
0.22177316681203474,0.8160024859076418,0.7707281282453574,0.01595363207270137,1.8365586,3.3872828
0.5366298127241679,0.8158093884815578,0.7655708305281633,0.698765668455227,1.8476727,3.1552072
-0.013067522173476495,0.42548315494513345,0.25042457099143783,0.09630123443773894,5.1996994,3.7084079
0.6135817601757342,0.7241770345000846,0.25042457099143783,0.09630123443773894,3.140327,3.956944
0.6135817601757342,0.42548315494513345,0.33294091953300237,0.09630123443773894,5.0102873,4.010049
0.6135817601757342,0.42548315494513345,0.25042457099143783,0.6288477235412557,3.698128,4.9812784
0.407542608086395,0.6514974879597069,0.342490377651226,0.6889305539019368,3.4441926,2.9998264
0.060038569211711704,0.5269574190662167,0.48404627346824597,0.23633820287384208,4.0216813,2.095058
0.4903264133120536,0.39370470053209905,0.6923547249386813,0.3562704215308514,2.1623988,3.7192707
0.2823496282479824,0.2226935203171796,0.7558137288103753,0.0563437950393357,2.6091487,2.837027
-0.022523906037471217,0.42548315494513345,0.25042457099143783,0.09630123443773894,5.1996994,3.7084079
0.6135817601757342,0.3484540720988818,0.25042457099143783,0.09630123443773894,4.9933467,4.819269
0.6135817601757342,0.42548315494513345,0.32847281910587384,0.09630123443773894,5.0102873,4.010049
0.6135817601757342,0.42548315494513345,0.25042457099143783,0.23034401786116374,5.186199,5.125713
0.28702277517832375,0.7246923249803503,0.6536828500019215,0.3756053351901478,2.514087,1.4241655
0.6188267561094128,0.7811636607441526,0.33737601681630996,0.5063208728679633,3.1211205,3.322601
0.4969683194614233,0.3987897077473974,0.4092854195422028,0.1780026398801908,4.3658676,4.0439615
0.5929542315142887,0.10406267748320541,0.1690202259535453,0.32139555779600926,0.27759424,3.8759353
0.19845170551174218,0.42548315494513345,0.25042457099143783,0.09630123443773894,5.4516253,3.4947224
0.19845170551174218,0.5668850038786197,0.25042457099143783,0.09630123443773894,3.9211671,3.075361
0.19845170551174218,0.42548315494513345,0.38021556701234077,0.09630123443773894,4.949538,2.7194853
0.19845170551174218,0.42548315494513345,0.25042457099143783,0.47839815221215787,3.7569737,2.810964
0.48705899996690627,0.8349448799857271,0.7122009360858231,0.32774342080848484,2.2982783,3.2063122
0.17169022157823954,0.13194985172103602,0.526393385739491,0.18934561818713289,1.1655104,1.7706463
0.10129173563059614,0.6285107518235042,0.30312342387110686,0.09106589954193464,2.8733687,1.6241146
0.156928976157111,0.16865007223371542,0.503106013087628,0.018783288051714895,3.8668234,4.0806856
-0.07825056394613826,0.42548315494513345,0.25042457099143783,0.09630123443773894,5.1996994,3.7084079
0.19845170551174218,0.5572918971705834,0.25042457099143783,0.09630123443773894,4.8314085,3.351099
0.19845170551174218,0.42548315494513345,0.335713200037937,0.09630123443773894,4.953823,2.7915497
0.19845170551174218,0.42548315494513345,0.25042457099143783,0.5845109120531973,3.7569737,2.810964
-0.060253087538563496,0.4505352244126759,0.35599487220856746,0.7137756998632341,3.2644742,1.6615992
0.0983387914978985,0.5161977273624085,0.44897508747881604,0.10345301842001928,4.626012,2.1759427
-0.033404046341267576,0.3190923598602766,0.6211014587553131,0.5330735197834535,2.9864233,1.1474594
0.3644814840600642,0.5080875972386227,0.11881462449604988,0.13404263072315456,2.9068832,5.744144
0.4594744767519371,0.42548315494513345,0.25042457099143783,0.09630123443773894,5.561505,5.3174357
0.4594744767519371,0.7499576120208209,0.25042457099143783,0.09630123443773894,3.1243877,4.13427
0.4594744767519371,0.42548315494513345,0.7662344868878498,0.09630123443773894,4.420142,4.094438
0.4594744767519371,0.42548315494513345,0.25042457099143783,0.5946216871952323,3.7057571,5.100403
0.5197516112510495,0.009754817533193627,0.5571110373081883,0.03351321950841421,1.3810663,4.019998
0.6066364869017525,0.9024224014867763,0.723715335516191,0.2182384688139862,2.0503244,3.2413633
0.5421275654679724,0.2604876680379711,0.38185089749481044,0.3167525203355872,2.7562208,3.7347972
0.43310310962029896,0.7657880745729067,0.690471321252255,0.6611776776118781,2.288059,3.1357934
0.6206885113549975,0.42548315494513345,0.25042457099143783,0.09630123443773894,5.553822,5.2040954
0.6206885113549975,0.2048284254838859,0.25042457099143783,0.09630123443773894,3.6756668,4.800268
0.6206885113549975,0.42548315494513345,0.8138352652157627,0.09630123443773894,4.384676,4.062852
0.6206885113549975,0.42548315494513345,0.25042457099143783,0.4372463617801152,3.7280068,5.001991
