NP_ratio,IL+HL,HL_IL+HL,PEG_PEG+Chol,Pred_nLnLE_RAMOS,Pred_nLnLE_THP1
0.6085559339486597,0.2597170381834247,0.36394278123950885,0.08361331738405292,4.187569,3.8623667
-0.040097783913839544,0.716851993982367,0.28606477868947133,0.19416986903942143,1.8927375,1.7823077
0.2064852843797671,0.04488926196191918,0.00580058815955429,0.13435551258705333,0.44983354,0.8495086
0.42140682392382606,0.05414165438212517,0.5760137281663079,0.15718029324046912,1.6260608,3.5484288
0.101937737133188,0.7249208973904019,0.17255820731296548,0.5744057736467874,2.7365067,1.3801348
0.16080131574374645,0.1609135794311836,0.45083307230318437,0.6950294601683598,2.9183915,1.7491597
0.015218014450112685,0.5357705416656303,0.7369782270160317,0.682698533939483,2.3879404,1.3046445
0.6233906723694569,0.16578322472261015,0.4147764643141129,0.4969820137080889,2.3036325,3.7485595
0.15900210412642002,0.2425874798230073,0.527344861381038,0.04684291005497858,3.695599,3.0351436
0.133172044159295,0.283663012918814,0.7396055019200356,0.5086295825957761,2.5762827,1.8574026
0.390596805024389,0.43131716190677466,0.24914646136937255,0.011721028996086498,5.585055,4.9862647
0.36993301869066314,0.30444255514847424,0.11148064610890178,0.11612092434353176,2.4763794,3.8450935
0.055487977845828235,0.6914667018619823,0.26184366596031755,0.6172492005453091,2.7112896,1.2925403
0.2605004476289776,0.4182019759781131,0.23557096350062354,0.4401226736053744,3.914729,2.7307026
0.3604910173812453,0.841001133025865,0.7545730823348098,0.46111100587684556,2.1060433,2.3384774
0.34421540203299134,0.08308154691741022,0.20603928304663893,0.17842569858854587,1.7728249,3.3198853
0.48530019193405566,0.4574615100065958,0.45348922506791456,0.007856127177756599,4.9257946,3.5994213
0.23622682356730962,0.34506669647117955,0.7413496175782804,0.47520835822537827,2.5741708,2.0454693
0.5885920865661444,0.5269537143422655,0.014024696601206702,0.35702424657376497,1.3192765,5.3840775
-0.03594360005889857,0.8523714659865107,0.42682506150437044,0.2592933865431047,0.3942381,1.066507
0.29887805139871887,0.3996749043746545,0.5032291357313479,0.3551054919177589,2.6362176,1.8519874
0.19901629289565181,0.1768478600283897,0.05677980717457548,0.35831560813713687,1.5982162,2.0068703
0.16494434463171292,0.7943720303627424,0.7714731288720087,0.30784388328917356,1.8701684,0.5585546
0.5028952992990967,0.11820382435648312,0.6950292403722113,0.22737344385518954,0.92875636,3.410433
0.6121427871119539,0.3584164510514967,0.11883840592859193,0.03212003335528983,2.6151903,5.9302397
0.634935454801384,0.48513831578771305,0.5302853235147915,0.4069858390129206,3.6058195,3.7019207
0.6640875763054271,0.20422290566203144,0.6108001446021271,0.22658638588749455,3.2224946,3.65418
0.2305248143346883,0.32900507935396817,0.6132433548839394,0.3153558401157423,2.9508317,1.8703253
0.3675180805920052,0.7721839321127434,0.6723158260044796,0.6013242555979141,2.9812694,2.3831675
0.38668397421056366,0.46225084272039096,0.4989193510079393,0.2502311810276447,4.987835,3.4818184
0.6344599048017253,0.024814794010817095,0.4456070056063542,0.04028477798997039,1.7341564,3.9746115
0.39557259763610786,0.7348103746950729,0.08691764984638754,0.04967227503210439,0.79757226,4.419562
0.6301992096277514,0.2548124113330942,0.7242519853738018,0.4899202775455593,2.3233604,3.7321353
0.16796969642431892,0.4762190171930203,0.827124882724973,0.43096595550670774,2.6658013,1.0650346
0.11265048886421324,0.8068188573348062,0.05309070761437101,0.5365574207266127,0.5125044,1.2234832
0.28691942743427257,0.30408113011444005,0.5534955923967256,0.12482386663193143,4.0839524,2.6628232
0.4013508958136882,0.9075571857248593,0.4971027337057989,0.16647168633347592,2.4816403,2.603104
0.2700783236910136,0.022718654153982717,0.7288975002513338,0.6746076378781002,-0.5888164,0.886302
-0.013341249955460592,0.24192948557077368,0.04759181417720726,-0.002273992052486448,1.476529,3.6560743
0.2981054460296151,0.21495189507948884,0.45609491715372,0.12444027191235835,3.3428526,2.4910507
-0.00792070100804737,0.39409279474374037,0.713080637857652,0.12578316547535384,4.330254,1.7806509
0.04137969973912667,0.48955064958606903,0.3559310209808036,0.20544506985729474,4.2591887,2.4061131
0.39140709864103723,0.2338184501187056,0.20386208828565067,0.4641292287604462,2.3517087,3.7771957
0.5097487841963055,0.48154086497109044,0.5652220319625033,0.7002376117894973,3.661761,3.764197
0.31407722697738394,0.23482968869372717,0.5070660781312198,0.12109148885101548,3.3489928,2.4842057
0.1708181910433466,0.6063701856558633,0.4659359930465258,0.18877003553676333,3.7760491,2.0474768
-0.003248888597513995,0.17631712818969889,0.19360711203405376,0.051183512736555636,3.99038,3.334768
0.48754355805338917,0.5184460294063484,0.48947530741789275,0.07308329931395172,4.6400676,3.938426
0.022710938418620666,0.38742762216503485,0.8194223083026005,0.19626757008557494,3.3074899,1.1326216
0.5111134583020525,0.5728957681727448,0.5394382245000342,0.39190147012580706,3.5052078,3.4722168
0.05811581102763626,0.25002569860520274,0.4450752513432899,0.257215729290634,4.266224,1.7967441
0.45920383236638823,0.4905208861784238,0.1309643507469417,0.5205178004427541,3.7909884,4.6136646
0.5865244599757327,0.374538146806736,0.14695271750566627,0.5862917443283086,3.3711338,4.5349345
0.33427758584595335,0.6686607774780641,0.7204250025937764,0.4300188191764957,2.5270548,1.2679687
-0.015299371878336271,0.0028063956402426767,0.7625268935395934,0.47360114343585724,0.62123924,0.621016
0.5005696887164428,0.6262473135227395,0.5407872589169072,0.5625663891382222,3.5166466,3.133939
0.08527355009667208,0.5721524929841223,0.4817217556522395,0.47471817492496104,3.7334206,0.92346334
0.09609172820198818,0.4344672950783643,0.4723294443654038,0.4704876630601961,3.8544304,1.7463775
0.17268561594839033,0.05610021215674819,0.8254515858388254,0.1281383448593941,1.3440288,0.77925587
0.2946168118888594,0.20811487547619828,0.04714225300684209,0.39565821766868103,1.2906588,2.1309452
0.4424393920366015,0.046455512053979305,0.7984936874548637,0.4808811125910134,-0.6392253,3.47085
0.3687690417331329,0.8862044791766881,0.40628568858793807,0.2353913730155045,2.3407183,2.4877353
0.18543086969166966,0.7410023283865207,0.6379630328104267,0.02162897174941052,2.8048277,3.5174162
0.06881850435921157,0.40694067683256063,0.17301594936631204,0.41441265435606883,3.4058383,2.34775
0.329427375503631,0.09804616228233277,0.2984385101367869,0.4415602030598007,-0.093779355,0.9979281
0.5836531690800063,0.3075685960092937,0.09276509814080545,0.16760101644558864,2.2587411,4.786439
0.2774650806277795,0.41196299646338025,0.22485088041925735,0.2095943478728976,4.9530163,2.987192
0.5150729602963076,0.5531974455761786,0.05790157951610459,0.04367625493883569,1.7130827,6.391856
0.35231130219519385,0.3014051049619948,0.08279085668147274,0.5887079114467334,1.9905579,3.945509
0.6150986654710977,0.12983113380025596,0.6455001585256736,0.14237905580503787,1.6099676,3.4211996
0.6099453188177015,0.49312587385814854,0.8002345716669356,0.6206667795080988,2.6021001,3.495187
0.257778788858167,0.12709327516738944,0.7020894446115558,0.6415547254446973,-0.7014592,0.88799816
0.17823435089493428,0.8317504240899308,0.2719129270841377,0.0680563319275501,1.9709088,2.527076
0.49431644059282925,0.7469124374342425,0.21857738558754342,0.41693661060356263,3.1666422,3.9699564
0.30850492639240107,0.8902803709732829,0.6877770229003722,0.2820065535553561,2.5234528,1.5533253
0.005679421572369996,0.8639357213029075,0.02564029910839938,0.7302885211513297,0.26247224,1.0305231
0.6431260664702158,0.0904635997339395,0.789707357708534,0.5195544159266375,-0.6392253,3.4765625
0.3291547627870761,0.6754280513390402,0.6218930172189389,0.5168067802282529,3.363726,1.3784235
0.42466665984659735,0.03002635770357642,0.0484152689951039,0.20397030105471048,0.81574976,4.6123796
0.3887667662117285,0.02015361809802446,0.46791130264993047,0.17528087273818818,1.7211603,2.877044
0.573579396066437,0.6631071658745864,0.47795887176461055,0.062078488467048165,3.541808,3.1915596
0.27570829128153035,0.1641613077282663,0.23711546951706133,0.5579836024704542,2.5249176,2.208415
0.651326678633336,0.649226079934233,0.7741693843277376,0.16466733531900743,2.5922513,2.952524
-0.025046643513312362,0.1323122472585873,0.08826799314173556,0.6278011980470999,1.15834,1.3865236
0.020770610968970635,0.3963907691834299,0.3976002871521429,0.406144706679759,3.2705586,1.3643357
0.6677873277038237,0.061419675305320595,0.028023081137639478,0.3794471619108225,-0.42198804,4.663813
0.2465644960652505,0.07573215170909688,0.1825261428498876,0.41161552309666555,0.2946428,0.8469884
0.4413330896661365,0.9030289630808824,0.16198844992958225,0.2371323144182363,2.1251597,3.4431078
0.653599132138926,0.5887026882198318,0.14126408270323398,0.5452030066551908,3.4991465,4.4000297
0.5168647459576801,0.18383523644858313,0.5073531295478062,0.648648878189786,2.0412543,3.7669954
0.15649094186822066,0.2118689631037534,0.17500424608178125,0.05702807231442904,3.2350345,3.6190429
0.5267849374445845,0.1417868175071936,0.43541685556610144,0.1202847212274855,3.9152792,3.6106133
0.2777243175486851,0.015399245987863798,0.0801352612172621,0.6880704162870249,0.75779057,1.1377039
0.1058158804567227,0.29551981485631945,0.07670475705265381,0.37997436069363594,1.7509484,2.104291
0.46256999491474565,0.5652080315740902,0.5283205870149574,0.4448307829141732,3.4474564,3.6487489
0.1648056946525362,0.26514535284591695,0.8061066361691904,0.013778021329053886,3.7027168,3.702098
0.08477339029933618,0.6398673663358906,0.6688826321008143,0.7055364471706922,2.846715,0.6571134
0.15313019700990266,0.7670863667629749,0.20565200478519513,0.28655238427228025,2.639295,1.5076555
0.18871962531673242,0.6675840083823367,0.616990452034424,0.7311950880327729,3.3835394,1.3643918
0.43005453117197684,0.19746647519647195,0.708659860904861,0.34923214471950814,1.1972011,3.4759164
0.6622347907300223,0.31275182304816473,0.3899194486203286,0.7373927908066823,3.0893188,3.8015566
0.2737656374357764,0.4028676554902848,0.3127091640208788,0.3949959632238406,3.2884855,2.0898294
0.15490732534752782,0.593075508541156,0.6905148897251233,0.6914347423652142,2.423433,0.8078554
0.03629609593338916,0.1865522268474773,0.303376681230056,0.3015860679256081,2.8208547,1.1641
0.23832537214560606,0.27284694548685484,0.3825726917347127,0.18328213552726663,4.043399,2.7455595
0.501223092741468,0.30061678624571087,0.7426609035427939,0.5500878094163916,2.3233604,3.7321353
0.030584866592701626,0.31951299090012836,0.41843208029109147,0.6993726988491585,3.2976272,1.6065782
0.3161136052653781,0.2743171271407717,0.5357164210936659,0.41615924988348013,2.6853468,1.9274127
0.3382815853335511,0.33706015150530916,0.3944279508960151,0.3507201193508886,2.5594037,1.9046209
0.5160833094917009,0.9066998584990167,0.2937082866463801,0.07132389726760377,1.7896603,3.0938866
0.6198939742253966,0.07869890057079106,0.3951260210143806,0.7104950437462555,0.15880443,3.603812
0.4505793048758096,0.26875894440673,0.7188242535796774,0.10581612390908757,4.3273964,3.577394
-0.01710422651399498,0.9126867778227072,0.6371916818713323,0.19492477987525103,0.19890703,1.2647593
0.5711691910283818,0.6717420470968443,0.5709495416032149,0.5925076003767481,3.5618534,3.243852
0.5070534698845943,0.7018814565472753,0.5313489094403616,0.22956139875452897,3.3973272,3.1815126
-0.018192212946280262,0.7288668724305473,0.12089477460255502,0.5847766382548283,1.6774563,1.1696105
0.10083634568079246,0.37242867435023747,0.21369375453512948,0.34531298839240954,3.2197554,2.1426904
0.17018437026072208,0.4785252880039478,0.29101808046744837,0.17934864257036762,4.6595564,2.9321554
0.4466772777415002,0.6606995217888633,0.3919055869089679,0.5434477029448168,3.4592412,3.18066
0.381112049292787,0.2068444979816622,0.373308699665001,0.2581819583019697,3.0418284,3.1925087
0.45333343978460056,0.3444719446154623,0.3813545978839849,0.5952077213695822,3.0198662,3.7968776
-0.032239023040696854,0.2804683967314844,0.8174204401924654,0.09898494956778595,3.4731243,1.1170831
0.2847509286503899,0.024500679384659847,0.5847145693312445,0.5317190783246744,-0.6130703,1.0248811
0.1944115674633452,0.8913746332029631,0.19991414581962114,0.15438020292791305,2.1500387,2.0247307
0.33552240110680964,0.8632059482054292,0.07214980713689026,0.15311225188425534,0.42689693,2.0362642
-0.0014415540563275583,0.5681075213827718,0.5222342174554613,0.37523063869427503,2.4380467,0.8192394
0.07957973065146222,0.050301597437951755,0.26283327903404646,0.5550365277811289,0.5572825,1.1415262
0.5795155209759598,0.6085254553231678,0.24035036686731792,0.6057635394872076,3.5237112,4.5086393
0.3096695684386897,0.589164409169912,0.4901037838175779,0.0916792433790935,3.8085287,2.166685
0.5327678486842423,0.5168534078285583,0.36883291205528984,0.6521548676842471,3.6629941,3.770984
0.34871240362028344,0.2004632568045276,0.5981610999178716,0.14460625617324213,3.8268535,3.3219852
0.005223468597610914,0.43837486168213985,0.7422213213829354,0.18980840160075155,4.398708,2.0067966
0.2168766129877162,0.40589423431420163,0.7404992136022369,0.7113652823509522,2.6796157,2.0610712
0.016928451537443753,0.00864860709028378,0.6302572114492913,0.7398714890006601,0.15435398,0.55345756
0.024153755820656694,0.38613282953624156,0.7634311560282894,0.5380657824787143,1.8966839,1.0997428
0.43237589334191384,0.29600255544354964,0.5559547088422684,0.7070246042838509,2.859521,3.8187532
0.19984949612288055,0.739234939700842,0.5210323403531937,0.6216327468969397,3.4475884,1.5919827
0.5307973499793127,0.6223892474302138,0.16259205988044026,0.6404811227380339,3.3973563,3.7831545
0.4105997153975327,0.720679580416701,0.3466302537452608,0.13883886732542908,2.893348,2.8435888
0.016380390299157804,0.1778112750681086,0.5865421730230577,0.7065680864053806,2.6594095,1.3709124
0.3055554485107379,0.39275153192777834,0.3652871200110647,0.3989128747904137,3.1515157,2.0921736
0.4703979689314592,0.6104516093683696,0.8251219875463554,0.5155506599151092,1.4404631,3.298027
0.15236778110777088,0.6847562614792281,0.7521325038645993,0.33410281378162004,2.0828593,0.49633768
0.451803598149997,0.29290031203986866,0.24007107707184794,0.5682800203887729,3.1545198,4.423646
0.21255037709753927,0.27569428539280694,0.45046224123661627,0.1582313898093365,4.207801,2.7228818
0.42641098325025234,0.7976227574766115,0.2944363979118288,0.39166342383924,2.7251391,3.0118058
0.10792480146550514,0.3912496998030237,0.41277837758687314,-0.0019287599810511686,3.9356122,4.266971
0.302775433309643,0.3625640485992433,0.7075415872355346,0.6128096130805969,2.5009224,2.1488347
0.4478722389570167,0.5374981828260337,0.44896816725213545,0.14358610025208696,4.803518,3.7629933
0.6664139988366431,0.4654777017179407,0.06558777860128051,0.003839232520062033,2.1905315,6.2502265
0.2402857294487919,0.6197635826063348,0.12720809468599006,0.5778376898825982,2.2723024,1.7849861
0.02858558758566604,0.8942624217730223,-0.0016823598988793941,0.33078671951025984,-0.88380784,-0.5819444
0.6262560255360987,0.30952052395646723,-0.0046795362925053366,0.361896916148967,1.1333885,5.005148
0.22768671052938422,0.7231252568157808,0.13939417376451615,0.5116960196518411,3.0098605,1.8165526
0.11411715895432555,0.5703226009905492,0.21653230490040049,0.6241648028093034,3.4196606,1.5736102
0.5909190622631577,0.02787136504378868,0.5834150987228176,0.6370123475204952,-0.5982944,3.653836
0.11805390271992981,0.11956189331791361,0.07000207202800415,0.038389621452677644,1.1444124,2.918296
0.1795770840916373,0.2714131863112055,0.20104513075079333,0.07611238905147802,4.5127096,3.38582
0.5487160905162637,0.781213820499909,0.36626875000885406,0.5903649962069316,3.123215,3.0158436
-0.0005723360951170389,0.39044179307190674,0.18727211617356546,0.4244993978363429,3.2349145,2.0961847
0.25622376844235245,0.37550873881389873,0.6356890345050751,0.6330370520096191,2.503056,2.2061865
0.027994947493513292,0.8701739772021312,0.025850560268125333,0.19347806146025653,0.14736387,1.7485356
0.24491526722273255,0.5244559111526995,0.7388577499132515,0.4652299752996859,3.095557,1.9727205
0.4972425671972844,0.4395707578065649,0.059702746754906215,0.5843888125092174,1.9878845,5.1775866
0.5365127405149364,0.3984897035262747,0.5110430268195039,0.493389468592612,2.9373562,3.8950307
0.6248441878351828,0.8854621786018243,0.16563030281877303,0.6593838657053234,2.2711413,3.441523
0.2568892748450246,0.5119409856094541,0.2582731477759936,0.5728567359232557,3.923742,2.8193774
0.48161313532953626,0.5625420939992907,0.2240776259723218,0.2922668273736208,3.9906232,4.9736323
0.03391050050853965,0.5800799161874616,0.04990408614948661,0.07711236050898812,1.5448836,3.1654992
0.6423880080490219,0.18146024674902772,0.3239409787160956,0.30099669610919305,2.2429733,3.516423
0.2682907646041761,0.7235933557335235,0.1741503279406743,0.638076754409529,2.8980732,1.8427184
0.6484286545478469,0.5317585769101127,0.020070852261640425,0.5526861125210051,1.294243,5.600519
0.1045983647365752,0.05950866351973051,0.338685791314578,0.09553054809145525,1.7085696,1.4709654
0.6392389073660873,0.8297087951938029,0.7555920113643665,0.5348061305612137,2.135256,2.9447494
0.0392966700238927,0.17419034010336307,0.008746706312749,0.3886011916760767,1.0230286,1.1287035
0.5441266320707849,0.4461315396391599,0.1261073386371693,0.6821043465140414,2.802975,5.260294
0.1455319062664041,0.46191831525888666,0.14900747299452963,0.5325597604972504,3.7832901,2.7445638
0.14417130371011805,0.5669600239093082,0.508157906906621,0.6089406096217058,3.479742,1.3456055
0.15153788212022073,0.05063569941516924,0.10432070175190072,0.2330706434287073,1.1313465,1.432949
0.09165641155355646,0.48685486296429326,0.5402775016517517,0.3602775896067412,3.5754566,1.5261633
0.043157063814792535,0.555712461843017,0.6671983124172846,0.44239969819181274,3.0643237,1.3963624
0.07894860319881535,0.6501417670131322,0.12555239195056137,0.5956863010458013,2.17857,1.3115791
0.385096743578218,0.9173091608234483,0.31507863109686807,0.26380214871997165,2.3278477,2.4905558
0.4391345073008627,0.5595307078020979,0.41767987934922635,0.362278509498087,3.5913477,3.717126
0.5557299918172531,0.1730235803489514,0.5802033196195652,0.24260357473521835,3.3081224,3.7129495
0.5746758998469448,0.9009403067033447,0.46388562758824026,0.017139262228222134,1.91875,3.0504658
0.04035582490637192,0.506259626888283,0.6996016235248218,0.14144171932063132,3.9873898,1.873897
0.6385809248806907,0.7620032010486694,0.23415382819483627,0.28991677625737006,3.1489782,3.6639087
0.3143005951738966,0.7591792514338921,0.2184556276283968,0.6478300902408944,3.1832948,1.802999
0.48236027593690983,0.2512161127863431,0.7753873431479662,0.23622783709141987,3.116162,3.4962947
0.5919551647297596,0.14020975788179346,0.573937657996523,0.18265054266233754,3.84569,3.7576642
0.48060123331991006,0.8748677164013413,0.5730960193472543,0.07046605943729065,2.2958786,3.1666248
0.08918490062169003,0.8147382740162514,0.4606011977852293,0.22039556987218495,1.6432908,1.3712021
0.5493046175583854,0.3386325817881623,0.5166661851794088,0.4475753018783377,2.812422,3.8021004
0.0906389311653603,0.09272874584851275,0.5551534704710708,0.08855605575170733,1.6684098,1.3252542
0.45866474311183086,0.41159937849709033,0.5593628924684722,0.5835129339970859,3.5430238,3.9500248
0.6482718235126658,0.7191439294891689,0.6912817533735199,0.692426076413813,2.4104605,3.085427
0.41017965521307004,0.3154938656335538,0.08148323365261798,0.3637138171058758,1.8434483,3.9575222
0.4717927676961661,0.8893968771200235,0.23112723699673993,0.21177945360650488,2.2636824,3.7561116
0.5526407258210226,0.08495773763472664,0.6482367320567405,0.12238639082310085,1.6099676,3.4211996
0.0724477879458107,0.8224903997138167,0.4601166922812108,0.4988132775824692,1.797035,0.87122065
0.4607059208319429,0.5577427466623724,0.3272841537319366,0.5049075873699158,3.6657908,3.7768211
0.11576172930540805,0.8247525338685696,0.20177755114950058,0.46223802235736144,2.0958176,1.2991678
0.22578182303155786,0.22684701121442852,0.7720832201660611,0.1981707843670266,2.612658,1.7170366
0.6628719232767418,0.8883482303667745,0.06086974854274176,0.5827420783785677,0.73128307,4.26829
0.3760568203066627,0.04324790398904443,0.7671103041286775,0.3248478901853428,-0.3165387,2.4317534
0.010485409228456977,0.8342457395209115,0.4320362084043636,0.28518546536843553,0.81728655,0.85432726
0.011826798947539532,0.736730963933821,0.022418426549846743,0.6996614473087713,0.45923623,1.049887
0.07183977222524858,0.32725649934183293,0.6125707764238881,0.40360743806618965,3.2099059,1.4864144
0.0247854967527337,0.07262846219149428,0.062281737649244835,0.6434415298681958,0.78846407,1.0985203
0.03295815874162342,0.7054121919988265,0.7593092915334759,0.6004966020553346,1.4186074,0.22560005
0.3321424856033816,0.039799787533632495,0.7330102589149943,0.448454677538962,-0.66983575,0.88799816
0.4385268606997801,0.3950163441240216,0.7967131567118506,0.6349680168257291,2.2507343,3.782035
0.2971140256248467,0.202181299893269,0.14031859051623058,0.05386988635320042,3.3141382,3.4679568
0.01283522851354095,0.06597300608562318,0.7993742631239844,0.4963364097621411,-0.07348911,0.26039463
0.12859810126049948,0.7687356694416477,0.0644131374797385,0.021751590602445817,-0.057561852,2.4799387
0.46833483959985983,0.7696698036808348,0.22603885179721694,0.2226964192127307,2.9535878,3.7595017
0.6619001448156221,0.23180417227201444,0.14446793435756014,0.618096085988136,2.3437636,4.2377815
0.3869695314634085,0.5917687905966775,0.7846163068469983,0.6853016900084473,1.3901118,2.5634818
0.25838511148231424,0.7652113482857676,0.6725013882796865,0.056147153859177054,2.7484381,2.3193226
0.20921819869930736,0.12400327220272744,0.287424820058971,0.48336513049254753,0.29007912,1.0045953
-0.010949605504336497,0.5833916637659097,0.5017697420265084,0.08895310511997598,2.4924474,1.484112
0.0024531933137329487,0.016251395029806714,0.006748699245891031,0.7180281204525388,0.10941261,0.23023583
0.5341640881485813,0.7587131009204267,0.6806212992449772,0.08208145485059304,2.9343526,3.2576656
0.18149280616123398,0.7644467008028762,0.6693184027744439,0.6091611027219084,3.0945075,1.3252635
0.36244628926963485,0.12242089242097652,0.7564968092056148,0.36945752591556674,-1.0966594,2.4495354
0.3065549672911148,0.3844933311377644,0.09671478561579966,0.08990642672297558,2.168198,2.950225
-0.0054225320359829465,0.5490638805477519,0.10337124271173626,0.6578381348637675,2.5912442,2.3129501
0.021343330353031445,0.5960456188387744,0.0903017317231767,0.22549140215158592,1.9991642,2.0451248
0.0933521853532271,0.3000232652027297,0.648899977806638,0.32981019163106795,2.7598343,1.3080581
0.21742584276202703,0.14552122531980768,0.5602364720737819,0.12007032324131235,4.0549574,2.4975429
0.3058960147263125,0.12908096754881027,0.3104637631676601,0.19272792504578265,1.284713,1.5596741
0.28187035339203487,0.8651601646068416,0.46821667226185176,0.12622371176931246,2.2448413,1.8816547
0.3694465855853834,0.16892192029710523,0.7768282933286762,0.6264164231560496,1.4270024,3.161761
0.6596427696553168,0.6865588384082684,0.7503928784816906,0.6628017720421776,2.1242778,3.0646417
0.12461872858280519,0.5514133741979231,0.430609181470407,0.20779578647416744,4.5383587,2.6823163
0.5120708557719769,0.06325058281253881,0.5012337103457886,0.2496923868093381,1.1690246,3.4451776
0.48973263523902794,0.6818782713380628,0.06689828591261604,0.1432715492981693,1.5171245,4.6569896
0.5976779076313811,0.7320382641133832,0.09136594217437519,0.03456549960609526,0.9888691,5.389154
0.16705195894492797,0.42358420487597415,0.03372041965028359,0.5927149311736581,1.3382728,2.7342145
0.1172407309320136,0.6637274189645948,0.3329403970216784,0.45180129635501604,3.4916425,1.071784
0.18698466066316327,0.6024419409899949,0.6741938042349419,0.5767196881828426,3.2399154,1.2540985
0.41564402032885955,0.17912187669024526,0.3872866186549978,0.1460027086588214,3.779243,3.492724
0.34885783173009804,0.04706830227671108,0.16094884758727288,0.08590486923365771,1.6688627,3.6022635
0.4895714035964133,0.05541439428884566,0.6713727327732063,0.5019276329213728,-0.67474794,3.594882
0.5856887171481259,0.13561889353168083,0.40793136977783195,0.2151743487149401,2.258635,3.6531887
0.6274803010806658,0.19596785911584033,0.7048178115845092,0.22866753560754807,2.99096,3.525602
0.4353016984962574,0.534305557808294,0.26215352767584754,0.09696150957035866,5.312369,4.99758
0.43600508507972197,0.8482555127738327,0.48879028815741954,0.019487049388222925,2.2462485,3.1518211
0.517945528007129,0.13903992691538733,0.5326243227374344,0.37363526474417663,1.5164261,3.5281055
0.5675630708440657,0.4549134656051937,0.15369553924908427,0.2630745411279939,4.8691397,4.911481
0.09098014241491824,0.6202362026769827,0.49493906524071324,0.6310914549654396,3.7415385,0.89923286
-0.04520370229001096,0.7781450853970163,0.35392660696497447,0.3411302497497487,1.1958902,0.8492021
0.2806350103005073,0.9165955979959287,0.4250886709632294,0.6587025486596989,2.5496724,1.5091136
0.4980080608934911,0.5482875362689978,0.780131643647221,0.6860000012076553,2.458697,3.6009505
0.4036787475650006,0.9037608760497887,0.5852522649574123,0.6295309152726262,2.8263505,2.411584
0.04664357845688197,0.3504984186439705,0.6785068208202378,0.017707361043806956,4.0828176,3.2833364
0.07079477303115647,0.7899316131828164,0.7801067278980915,0.014925246959285113,0.20062883,2.1115298
-0.022769747550611077,0.34004726880968555,0.15287078241748558,0.48835074735590606,2.9451458,2.292037
0.4566403588397057,0.7805619954675231,0.1593368144898795,0.7251713992249171,2.8184862,3.4210887
-0.001958578652055877,0.4548006815153822,0.6750008251550326,0.31013106379069305,2.7131686,1.2447225
0.1369656509804123,0.11106340348564016,0.176835714275311,0.2987795997388548,0.5516288,0.79259515
0.233776363814103,0.8581331522042112,0.7540100449344407,0.0717221000976888,2.013711,1.891438
0.018343592074301487,0.5228605437946751,0.746935635329008,0.6384256815504099,2.3695726,0.9003353
0.4660240116837266,0.7002635667787105,0.16476202217873692,0.3429001452972745,2.857701,3.8094566
0.20651503800596416,0.29202021250245536,0.67615286789327,0.14905393682055687,4.248407,2.4616244
0.02635398801690475,0.10402248642230098,0.016422688157968542,0.2242395542653103,0.047214933,0.5374437
0.015533211312166756,0.577222354792561,0.7574895658848927,0.40584091745479733,1.5150023,0.11087985
0.3737308221796948,0.09404044447339861,0.3350576666570978,0.5163849102452936,-0.12225638,2.6942217
-0.013735922250010926,0.21022228843330945,0.4359495279838124,0.31213266045314647,2.65208,1.1838516
0.06288759899891572,0.7440820622723712,0.623490218813604,0.6493850130359715,2.3379328,0.61273164
0.11514786056752734,0.5988699974750565,0.0951754167730093,0.736493960277041,2.075984,1.4392171
0.01801358856295343,0.7542670684372337,0.22930312721316293,0.5800602074938273,2.1170294,1.0901213
0.08170204932046539,0.04577181617244929,0.07869480989795184,0.7324284496134005,1.0179812,1.122387
0.00450825437209839,0.9108806825327338,0.09838725125738187,0.7286639637546835,0.29491812,1.024551
0.49890518584616544,0.8611290084135458,0.15619424144299746,0.011062786178451318,1.6235064,3.8937762
0.34278699876006047,0.44249313897084,0.06786788612362275,0.5538741024021584,2.1052032,4.311477
0.5902988799594451,0.43350592079101036,0.22752526938646217,0.5373317366982671,3.9151466,5.0948987
0.2923347716835739,0.49931515349196387,0.24576189526997513,0.2305457428134561,4.854445,3.2652347
0.5985644951344355,0.6806797054185213,0.14760620792092374,0.7298743108260274,3.2408307,3.82594
0.19125386649928894,0.6247499140127301,0.3373486549686038,0.5068366787635489,3.6076555,1.5424131
0.5145650112639247,0.3423737549094043,0.5716483445410635,0.39298147776393727,2.922992,3.6932015
0.04987509660086473,0.4631581628987753,0.31751790866353385,0.08219178822043813,4.908862,2.8822803
0.1268009624732987,0.43686153015212,0.7157547294355489,0.13244409716109298,5.2588196,2.5078828
0.24135389932973406,0.17243154586393247,0.7842770254448778,0.6968210797966573,1.6530548,1.3467264
0.20394083139164687,0.6775961421665163,0.8219980190780745,0.3209674288838768,1.6163224,0.7365833
0.41889674778178315,0.031432177926582636,0.7875912315885886,0.1314219338032718,1.4343525,3.0972593
0.12168699097416293,0.8662304905062171,0.03709825464597485,0.02793284238245181,-0.3044815,2.5316527
0.3193293282811612,0.09684206273493283,0.785919688331938,0.00504047997835665,1.7604703,3.2423499
0.6367786274380814,0.8431797504830536,0.18907179045106126,0.6927965645235166,2.6661246,3.6232727
0.6225991921755479,0.2194787754681251,0.0024155739668452704,0.7036464132651311,1.0699346,5.204399
0.1364245642859485,0.23791694224568916,0.06635799374433288,0.6109234532399528,1.4948866,2.3719742
0.356595545568952,0.6751292227313697,0.5939258472449227,0.5563379730181052,3.54451,2.6126382
0.47681995498936575,0.12430070961458772,0.44021544113835326,0.26748969434519504,1.1311857,3.4393826
0.11313904078371025,0.19905663415829403,0.8260969775964597,0.05038083274763856,3.269661,1.7881148
0.07303567612198711,0.07365133717782009,0.6656284944347524,0.6342704719142201,-0.20580666,0.6986461
0.08965930744757021,0.6792928218316041,0.6926448403267096,0.5025559513932318,2.3811376,0.70688677
0.5683781591021114,0.2864675359636356,0.25323437939516186,0.0576009144199303,4.851292,5.654697
0.38183850696910754,0.4327676201850253,0.588521651251577,0.6161108768229606,3.5215836,3.303516
0.5339006226768813,0.6618645736502088,0.17763044837329858,0.5610781951279968,3.3215175,3.8559802
0.08720125466772065,0.36466086123923896,0.6242569169506739,0.6944855652653503,3.1821105,1.7473258
0.4250920896512351,0.7989333742209631,0.2822588396286005,0.27935324700604264,2.430594,3.0390272
0.4638705019497849,0.8042544423333355,0.04592820316206376,0.24690433995425795,0.6241139,4.672105
0.04779980726822279,0.5980963761373372,0.5332584927732884,0.026314655729047228,2.9653728,3.8755302
0.14704900100936663,0.08048595013609301,0.24654792104532133,0.223196786793415,1.4518037,1.5855882
0.006835498521269398,0.6699779871848818,0.57901320194385,0.4458174083595593,2.560003,0.7314181
0.5869665397491065,0.08820565781404052,0.20890354855191162,0.405132139628461,0.19788787,4.142346
0.4310878457868702,0.29796253313567295,0.6189607708337485,0.4044720660913766,2.7371697,3.6218283
0.3727926939898065,0.0483579298003092,0.07461046638816171,0.21426934857689925,0.89987326,3.1298401
0.3211296049369046,0.595090043669507,0.6361422686174534,0.5662744075327493,3.1212187,1.2302493
0.39807621021458656,0.8981037623751935,0.40396269187525524,0.1192740166422623,2.0105827,2.4760745
0.3176348360311022,0.10268768528601524,0.6029449006806633,0.6831981901399566,-0.33750075,0.85490805
0.5079854074702256,0.6186023347905797,0.6144708737972023,0.025366814455114992,3.3393488,3.2912176
0.40120275983810805,0.32133230308560673,0.5639355131514567,0.6276832041302012,2.855084,3.362046
-0.028976798765428895,0.4828363342112056,0.44679794788219046,0.5218917319565165,3.242423,1.3939278
0.3841411363660418,0.07667748048966343,0.07985522929280098,0.5060697393059169,0.57511044,3.1710527
0.4539516582142476,0.5597048659063801,0.2327725731634282,0.1037410388751838,4.873046,5.05637
0.6574096343487675,0.47953926378483375,0.768332561198731,0.4693716287753038,2.5087047,3.6396735
0.3274643429319557,0.509290768570418,0.5099841710560968,0.2928645217421064,3.691419,2.0585525
0.3436091771278864,0.8625584421636453,0.7942518807661496,0.731737338835462,1.2641876,2.1946867
0.23577293711479325,0.08444982087529762,0.5223901824497521,0.6528318136865151,-0.3158563,0.9296715
0.6550816935598036,0.6130087011003319,0.7530309565006603,0.4183832884889544,2.3414025,3.2573936
0.5645106315315096,0.7405080504859272,0.2969769557809251,0.21600386566763727,3.0403483,3.2267618
0.290240785557071,0.8810774463153754,0.6831609366503941,0.006289289839886447,1.6734483,2.7504666
0.250646554617741,0.855382168296279,-0.0019341546452700535,0.4276777711029411,-0.6710949,0.054919943
0.408387862832175,0.059987051657498174,0.1784131632378035,0.5788459516918378,0.2630202,3.1462507
-0.03554071532863144,0.27832685792912265,0.7180843736951977,0.7203396225445242,2.3646424,1.4721704
0.09403965916112035,0.870007597323368,0.4254832165427487,0.03682258927683375,0.9744959,1.7101666
0.16251409354204932,0.5638473053387113,0.1793208917087328,0.3741517613609349,3.6946423,2.4272203
0.47897191890834395,0.7579501792808666,0.6259059895625623,0.5353960094090604,3.1117048,3.0067391
0.03429285483719033,0.7023273194281575,0.4373864472404393,0.6152691262200816,2.7036316,0.80053633
0.23266602292748811,0.4405777344530195,0.039494054817871986,0.47870781516796657,1.7965746,2.8579109
0.5899338886682187,0.7524874184800878,0.5520942342057498,0.594447860825152,3.3034651,3.1048703
0.5406893633786659,0.6323003681640444,0.451508514348463,0.5176621165471723,3.510938,3.1036491
0.26572004050991854,0.6882000644391133,0.3245716539735638,0.4385919546475575,3.1885364,1.5408373
0.10258163349456077,0.892531763953609,0.7910916302675701,0.04775242939613146,-0.017129883,1.1399381
0.5323157990555905,0.853474106786966,0.8035188191632893,0.6224037537135548,1.4578817,2.821393
0.08057139128778283,0.2089620727698957,0.8107155613894039,0.5427061293984067,1.795687,1.0764049
0.34487415260578047,0.058069320066078706,0.6663790119060709,0.4007499740702666,-0.66213614,2.5029113
0.20259995975349437,0.305675467781362,0.6062243139957124,0.6795414045239937,3.1676354,2.102693
0.24805391939547572,0.6551692330674233,0.458803267293344,0.6764010271201075,3.6370933,1.5063792
0.6218754700246134,0.04060824831217441,0.4913466590382381,0.724741367100421,0.17215107,3.615132
0.28226020969300797,0.753403554295086,0.044524028083743415,0.4560998889645088,0.3635503,1.803644
0.36690066461927023,0.8477569017442851,0.4866760393066547,0.6962575362884106,3.0109465,2.418905
0.6156431008670381,0.5621946183838493,0.5197881826692676,0.07459234848338873,4.3655686,3.8511682
0.19718020071850956,0.3778877467938689,0.10584703385961963,0.05186601883122023,2.5452945,3.758608
0.5129099368243725,0.005433597432140301,0.27100773242410586,0.5966684841632027,0.10633241,3.8882673
0.12978740713761222,0.7070695033216549,0.42311890275094305,0.30443506586545976,3.349707,1.1599711
0.5354769426170349,0.31989570441628273,0.37222986965366056,0.2614913710902707,4.0729704,3.6331177
-0.008330535678338129,0.8187468539960469,0.6640607369303321,0.36059347917628126,0.32719797,0.508408
0.28546488819923027,0.7800683662152142,0.34024087875516995,0.037445484753372144,2.3617876,2.312018
0.45294477070537126,0.6923037542619352,0.3566895770203948,0.7167167893542249,3.0578368,3.118345
0.5999492838474317,0.6901767501663612,0.5995031851494231,0.6136829428065058,3.2262402,3.1286342
0.42353114994526087,0.19773236398061733,0.39978574397224925,0.657356802436031,2.3608356,3.7733943
0.17875798097732648,0.16736287505132008,0.6409431590196114,0.741440663346494,1.9419467,1.8505203
0.6025953101832893,0.47433552391442785,0.09772239465003459,0.158655981813334,2.7675903,5.706646
0.5517452872103263,0.7325050280165004,0.6012296624071537,0.6232876974367559,3.2593567,3.1640587
0.2114050413220917,0.25767594028504853,0.04233668695427698,0.13060968875245219,1.2220019,2.76694
0.6401143624839261,0.15877604306524185,0.3441366010644567,0.10517288206337749,3.8833745,3.590018
0.4056961358941745,0.35802586733730624,0.3778719034078774,0.3581697069185056,2.8956938,3.2681406
0.1405438652693463,0.5495064716537519,0.322528124468953,0.6664101301918691,3.7691607,2.088551
0.20820347941601625,0.673624114369427,0.7699616954324164,0.2962481669672728,2.5671642,0.9366584
0.429591261053961,0.39754244493198004,0.26418845625552606,0.6679793062946168,3.4687371,4.9132104
0.28015071603289327,0.7783807529484663,0.7747788142960146,0.5330270066785613,2.2321212,0.9250676
0.2550779573692231,0.756309559238641,0.7295818552021153,0.5120877320281484,2.5681298,1.3000418
0.4556272629447184,0.4355517615501074,0.25110343705795235,0.530413859895142,3.9116042,5.0730915
0.4232614811933477,0.32354563108330225,0.4294414287676488,0.25984412475911944,4.099866,3.6447394
-0.022433091539071068,0.9019526275232362,0.22097924896614213,0.2398052224800685,0.55404836,1.6349854
0.3744041994780425,0.13339737587051145,0.7647586395025265,0.5002554730034577,0.76754856,2.9962509
0.41406881932516115,0.08617568854691073,0.35204260489151523,0.44891510388122263,-0.094324216,2.8595145
0.5592010563318539,0.023528925301707235,0.6308821829975455,0.6322621013537686,-0.67474794,3.5774355
0.4440568762581527,0.8760975599116334,0.2728920225859519,0.035569755650802226,1.8994747,3.3947575
0.46558293085534636,0.541423191452667,0.3415772620155416,0.676262232733782,3.7998672,3.7505496
0.32315212974458285,0.6152021771708985,0.0036219752550154293,0.7196439821651137,0.86372346,0.73004186
0.17736503648694918,0.4472698557269965,0.4053676607425607,0.14951255338372682,5.0043697,3.0365405
-0.026652059093653785,0.513899395558979,0.5906646447256729,0.7260434232752146,3.1078079,1.4757024
0.490476502924819,0.7285026414024595,0.34305652598041864,0.514552738063385,3.1171563,3.179999
0.3216924935491045,0.6833260857219284,0.5676330513973594,0.029674154683275143,3.32045,3.7143352
0.13183001425925817,0.8028220652020057,0.2814405992754635,0.2518627641748497,1.9086252,1.806233
0.18235966300601414,0.5526909447513043,0.19035856667224998,0.12276212934646633,4.696136,3.2353761
0.2130113709899239,0.368395865722795,0.7813715144097774,0.4498778877785167,2.3271267,1.5891072
0.3568207694617746,0.37072493164014114,0.37641988090692907,0.6046321143021864,3.1333642,3.4071703
0.37800090456427904,0.760745265633334,0.2539880950134936,0.0013782795236315214,1.6365794,3.2779047
0.40905286903021204,0.6113213540321051,0.4808340481106934,0.25251459121333353,4.084767,3.2003143
0.33276682652459616,0.804990570618841,0.6425836673170686,0.2045837237354313,2.5495203,1.8865778
0.3471383268650157,0.10954270839733914,0.28947796106652984,0.06874386376903995,1.6515201,3.3220844
0.4330669062921133,0.17123621385634533,0.038585844542686536,0.5228498368582679,1.4810914,5.0280538
0.3793341794123663,0.7840581882429777,0.08493274627519261,0.21927211864733936,1.0266432,3.3044024
0.23951840086016135,0.8380795792588152,0.32126353388628265,0.4584313857506654,2.6732328,1.5751047
0.13557859246635234,0.7473933462055868,0.054551868644464346,0.4529331812145078,0.6962349,1.3966529
0.20006701024775186,0.06232359465198623,0.6394279566004398,0.7237296097673412,-0.2858831,0.902254
0.3013789121528547,0.640818688368216,0.6203040075974565,0.42497806749759626,3.4062376,1.2921299
0.2955529030095744,0.3613487084440323,0.41668498975059826,0.3881373930507045,2.9613316,2.0062656
0.10859947954851105,0.8061280282010697,0.10174292667726184,0.24506593405668334,0.58160144,1.4468039
0.09283867981379475,0.6277734019359243,0.5453521851199216,0.02299195708111147,2.9570873,3.5147777
0.6606785653730048,0.4941968140928298,0.31409882771754977,0.4330382169408718,3.7456028,3.749124
0.6256973363264315,0.47556261233500957,0.16775119885176287,0.16872741971357735,4.8899493,4.7349224
-0.04190857351797387,0.419094358939108,0.8234235246592956,0.14059375472057084,3.8843193,1.4018757
0.1308545489161959,0.6421595049246825,0.21038763772917646,0.5534887285019144,3.4380796,1.5084664
0.22994272142053557,0.4377109962982266,0.3905151246588098,0.40166924948087973,3.9040725,2.158287
0.4577124651669479,0.4098589572352238,0.24315052989175634,0.3065329178362214,3.941214,4.8870187
0.32641513998241745,0.14785764932803439,0.37372702098678695,0.3809277949338542,1.8365701,1.6960369
0.46927562506278525,0.34754653140406044,0.7314978038395104,0.6300921416837629,2.4129984,3.7321353
0.5716095684840847,0.46735891811188973,0.3114851274475901,0.3379790541356127,3.3825984,3.8102021
0.33498899598673787,0.057790944363285315,0.6434179609333531,0.01461014182481788,1.8949162,3.332105
0.4416643183407565,0.10323422164573424,0.26984891447963993,-0.0006548881846304071,1.4937629,4.364749
0.657837506808446,0.23634622813065506,0.1830297203567746,0.25104610215516,3.163846,4.127117
0.48491035169558455,0.6541472798935997,0.5189574688744213,0.5939351361872995,3.5362973,3.2189777
0.20319584323602785,0.6364753800117543,0.29256900398478813,0.5036490750618151,3.5439599,1.5424131
0.29319303666264884,0.8164416169305452,0.49780031071923087,0.02025061732339394,2.1610157,2.9159498
0.07568560126209224,0.19090472373782322,0.7212299995875283,0.19961337988894823,3.134585,1.5547402
0.18635466214647184,0.18863164060562435,0.7981372062127247,0.19912538290233744,2.8666914,1.4163218
0.17653493501219547,0.22068842602335648,0.7587504461390763,0.2732900099668552,2.3163238,1.5004859
0.07494299078028416,0.9158055715422846,0.265212029194239,0.6460794534846253,1.9153523,1.2242094
0.24418411103937399,0.7271637428218692,0.7276325971930411,0.4913078580028504,2.442039,1.2858869
0.43201689517394465,0.5409465773766331,0.4367658271237464,0.6039516455292098,3.7359626,3.7976365
0.5468042164314985,0.8821730807157039,0.6403166750485519,0.3089438010967575,2.5260742,3.0054321
0.3787046528232203,0.715616378938344,0.7493077475500332,0.1684416258465865,2.7417147,2.657123
0.32278723226248335,0.5860448741920371,0.4699922593281751,0.4680322827334332,3.6799126,1.5655918
0.3587697579235924,0.10899560236324854,0.3632323205513808,0.16499049458337822,1.6773558,2.8445942
0.19142872058739158,0.013269016486407804,0.027253824402881165,0.3395167632582068,-0.39663967,0.8139392
0.565900960399018,0.8012186645917257,0.6842219932392991,0.03152265126878008,2.1585965,3.27701
0.2493037194357134,0.7197441978459306,0.8043251835285379,0.29700314435709857,1.5249544,0.74199957
0.17369846421909918,0.0109449860050139,0.6542823663351937,0.2324161442479938,0.90184104,1.1882534
0.4781972608684249,0.005666931172582834,0.7377146983614178,0.37263684449835255,-1.0362352,3.3412952
0.6436249518528133,0.6781363237002185,0.3986552295965635,0.37118681420000077,3.5439959,3.1643257
0.5763684978061522,0.2387571878430677,0.19872689887679484,0.5760453313740048,2.3393924,4.5312405
0.38979074127347885,0.4611936705984495,0.44167089482043226,0.45517868592157684,3.760699,3.3117123
0.38775449868693196,0.725251539487083,0.7766383284140802,0.3444301415930704,2.1651607,2.5177193
0.5229899797507811,0.35937069906284047,0.7335563988541037,0.1179944230698912,4.5696287,3.6660006
0.6469686047006197,0.7959414278091551,0.7820607029194634,0.7016659720535264,1.4140611,2.8683586
0.047450315938996665,0.5159876137256676,0.46136088476997283,0.4177969047924103,3.8515124,1.5191171
0.4480072363264736,0.7853594289205896,0.7135554694825436,0.6231771155677654,2.4257739,2.9447494
0.5298506939875229,0.4647954572308794,0.16625781139500215,0.30379009935593543,3.671115,4.7865624
0.1293502889578686,0.5901771971971658,0.5972688748098829,0.4598988974581638,3.671903,1.0135067
0.17287698929134115,0.8812425131919143,0.12340442836640386,0.06740268251920947,0.42350686,2.35652
0.2603593631469174,0.5192304132537922,0.5461348210899232,0.31338321718062345,3.6671176,2.0585525
-0.024674290516442675,0.2226640066448975,0.051373000880532746,0.26870772998076087,1.4781661,2.5357904
0.1200008611953383,0.5048682521101199,0.10860836721206753,0.13712505415828116,2.919357,3.1888652
0.6590263202990043,0.8875242422312601,0.5268602647659527,0.6536697631736422,2.729602,3.0548687
0.3594135419011775,0.6885214108494884,0.2592614164878867,0.12378574323581892,2.893915,3.2854774
0.06276230530138877,0.3487525335692852,0.19279190697126128,0.5476200574024309,3.2924838,2.4124107
0.3622279018764365,0.8270176347937908,0.12929004286381035,0.48490036497492417,2.3500137,2.6446695
0.19846817348045753,0.09969306701302198,0.25686584354857567,0.6465588961238895,0.4949513,1.2530082
0.13171447264702796,0.10127254918348153,0.33807354465968037,0.24473328202231254,1.2786222,1.0695019
0.19642664055946213,0.6525492173619082,0.6647035872144871,0.2880736961788739,3.4881337,1.487997
0.07787553350548533,0.13694410194687276,0.21131929828313864,0.0804625622185653,4.0959044,3.1921039
0.0411862531715093,0.46958460084461634,0.8141954350609125,0.4406832741742307,2.2560456,0.7688846
0.25005472732288114,0.5711081163575985,0.2966321543171583,0.08062239242755675,3.4456532,2.8934996
0.002185754069767225,0.7351884605214508,0.7231366778499431,0.33260293235436866,1.5885968,0.43989456
0.6419036232021118,0.5251044829613166,0.029287693415533705,0.17105800579704822,1.1527604,5.6513486
0.06076166979694937,0.03897340420252497,0.3209298646423759,0.35214479320573083,0.0056396974,0.49730307
0.3833443966072148,0.23960150452257375,0.2791818974718654,0.39422846465570294,2.120904,3.2464623
0.04371632720059862,0.6574954717749377,0.4922414018045747,0.04047205993189271,2.5819497,2.1820545
-0.015885521093392932,0.6297540508057861,0.46233784301154673,0.15110852024150964,2.4003718,1.324078
0.22826934337634985,0.5842641694601355,0.1097015168894609,0.540892744056923,2.5042248,2.0211701
0.1828430711909778,0.2798911240475303,0.444557503835227,0.708226240974394,3.3007867,2.1929078
0.12807184849121006,0.6171937913085304,0.3042176614416087,0.6199370917393285,3.6180766,1.2053692
0.6441319169648883,0.32299213748795264,0.4944059859924618,0.6647003172624903,3.1093452,3.8118663
0.611212831481823,0.02624209228710242,0.3935575437608488,0.432281953826755,-0.07293253,3.5840628
0.2916868025683856,0.34101674334593696,0.6091328849279547,0.6656361869294889,2.820558,2.0893147
-0.03123498590769344,0.5025268774025586,0.8017065511804639,0.2350821722908137,2.703271,0.9318045
0.41697301128418984,0.06988482802236089,0.14634692270371344,0.34958492389782725,-0.2409475,3.24353
0.28750856747415815,0.7090845678176555,0.7303264363012001,0.3721460059245257,2.3790565,1.2858869
-0.03866827513780777,0.581029497335152,0.0854340930178119,0.5104678589263707,1.9925151,1.454614
0.09999778889702023,0.26790587783572173,0.041486969629200836,0.18642287572395227,0.993624,2.7608
0.35111658364482295,0.8018216169673831,0.36258714816746795,0.3629691073943895,2.719143,2.411247
0.5569478763788798,0.4979176844435949,0.5626746151383801,0.7351845163232326,3.598724,3.764197
0.6181804005175551,0.5508878383684815,0.1216998817937652,0.73784448808499,2.7428672,5.194078
0.2310813904970428,0.16074588551510163,0.2808998986481136,0.23804696959637558,3.2870102,2.648705
0.14516719918609744,0.1486805770145764,0.4717066553748506,0.4015367822213269,2.7309778,1.5184816
0.2540997765456814,0.8799141895709749,0.4243248812619485,0.07931769998292071,1.8734078,2.2360764
0.504999852971234,0.4448219185094232,0.31815738892340883,0.671234248977073,3.7566273,3.84361
0.6642188429684538,0.8678428496058029,0.57526777068766,0.1285491773896992,2.6296575,2.9974427
0.3968963643524961,0.7298927588598147,0.6598750766910202,0.5276766317498852,2.9265797,2.551998
0.023315785772790157,0.29401358671494715,0.6782201135003133,0.039274732675754806,3.9637246,2.2195399
0.33953017517172973,0.34280493604736284,0.4273666255256188,0.3144748038530574,2.8908617,3.0674102
0.3805203674719449,0.37896619422505007,0.35155955074780154,0.5509104093053843,3.1333642,3.4071703
0.038566104648583635,0.09138304139205602,0.13508134313530093,0.012528279496125554,2.153359,3.8403816
0.3002364952966208,0.8302285653196353,0.3496615629218709,0.6396018522083122,2.6751428,1.5751047
0.47092766820808,0.029072410335236592,0.5881373135057645,0.3769902877508995,-0.9410145,3.4145267
0.5842173570318374,0.8952484736987912,0.22987995172138304,0.15288864265743723,2.1208196,3.6714025
0.25607100462454135,0.7828631896936163,0.5256511955741379,0.46782709523584437,3.3877726,1.5574379
-0.048313082524759514,0.40789921291278086,0.2411153172658048,0.35554103130381753,3.0996516,2.046913
0.19219851444919434,0.9045689839085844,0.4652056871156199,0.22536656114125958,2.5029066,1.9769344
0.6331552148756636,0.24757068376576924,0.47988695604813225,0.4088524544971242,2.4878051,3.6236742
0.606613798674148,0.05167393864896456,0.7861095635476174,0.6514739650330367,-0.6063706,3.54571
0.3548699937598459,0.9088916353608346,0.5956276759681868,0.18417148392171476,2.4215057,2.5962062
0.010029494375996241,0.03481799011548461,0.5687065277534186,0.06101626325338243,1.5584997,2.0354383
0.543420024640905,0.8233643346860366,0.8212805386852147,0.3508334098187644,1.4605585,2.821393
0.13794167524320827,0.3282861628419277,0.2075210894893724,0.32671457977836454,3.375362,2.1665943
0.6074027717467808,0.28443010842928,0.04258493400519129,0.09843818392847405,1.2395769,4.8926334
0.5821191177444321,0.7938402423353365,0.7657223638393312,0.48588931291826354,2.077822,2.9447494
0.43439178252426386,0.5089502134054085,0.024191718651755234,0.2691118790943783,1.1317767,5.632096
0.491550227798155,0.8097119822549388,0.3969105372301673,0.37903526508015445,2.6927714,3.0158436
0.003343396847642434,0.44963224877032715,0.47713912706063766,0.07630863095585902,4.8497095,2.6429403
0.47981420954308224,0.016588081451178568,0.30702852692492927,0.5852338163472938,-0.10018771,3.5840628
-0.03679710644228791,0.8196907633142511,0.09217487405303866,0.34582590549110015,0.36669886,1.055706
-0.040915452517740765,0.21588800929590987,0.7354370224153061,0.7012213395557966,1.8458756,1.4327866
-0.010450147946938396,0.16505730091415388,0.3895099665877085,0.3166840755131175,2.972063,1.4891405
0.044765807197590296,0.21838798975501555,0.12279561555324489,0.45348318694374506,1.8129383,2.1620762
0.24570573679554636,0.6275136603726417,0.4473003363323752,0.43401683865379,3.6264603,1.4430223
0.5249354583027477,0.15381349859526178,0.16025620703234184,0.07007545627686862,3.7620368,5.0251794
0.19683878111517722,0.35369222697460745,0.4631928468776862,0.5718185997707386,3.4338403,2.2716267
0.10992653094457687,0.811573150690925,0.7888008462759268,0.6635878160182206,0.70712596,0.22113952
0.10686783915620236,0.8152353319630157,0.5373587709042046,0.11463957218765505,1.2057006,1.352524
0.1420819889375342,0.18789612068958622,0.6561943567799065,0.2934055573935083,2.1059797,1.3537236
0.2398470728486497,0.4131685472121012,0.09494531539419883,0.05975141162524941,2.4460766,3.8868523
0.5755744486138484,0.8255476836171396,0.5892734329443764,0.15919548076923937,2.5725203,3.052838
0.4098009274214015,0.7737117584181146,0.26675822954131495,0.08507354661560028,2.435775,3.329398
0.21038104542148245,0.7828185322264329,0.6087728251389898,0.5383933821479431,3.377567,1.373113
0.27283107330353196,0.7370894833586923,0.7973643889677048,0.6906287608002172,1.3509128,0.7296565
0.4650023497533367,0.22331481696035513,0.5003283381872753,0.4218884409867112,2.2345395,3.6106615
0.16274094693909924,0.0202158588325966,0.32280960109936113,0.11324863433538239,1.73858,1.6638151
0.29947309689140184,0.5668262854767623,0.13889646383814333,0.44304252641176495,3.305266,2.1647625
-0.014710678947651878,0.7419032657814406,0.03424144985065613,0.6398098708008454,0.51773053,1.1032661
0.581154713235778,0.4244072104336702,0.33532496527536776,0.10195638533373548,5.018513,3.9418135
0.3712474159529455,0.899245703497726,0.4857356889996466,0.3869987375827334,2.9125092,2.4393394
0.2095973795840737,0.288591942632303,0.5467721261077384,0.3137166726826502,2.8926015,1.901004
0.2340037188051331,0.49580213812286966,0.6424053185577602,0.5771076920450042,3.2626538,2.0134017
0.17538137815385207,0.46617319568128845,0.11443468187187074,0.06323565787688779,2.9996874,4.1127005
0.3475414187409426,0.911775617495893,0.7583128253465493,0.739168625382928,1.8135176,2.318043
0.6166326358673756,0.8975348562068897,0.34927247682807555,0.3762694256934965,2.5778375,3.0158436
0.5114991316700583,0.33961100165937236,0.6600789923834667,0.29521132021734586,2.542479,3.5515542
0.2692623657007478,0.9182556282122458,0.5120779815955141,0.412677895392208,2.7693746,1.5644729
0.41270758039735445,0.07136766058918458,0.2828921736423201,0.05823955039839887,1.6924366,3.393814
0.2046196159638316,0.15720585450596586,0.6345904822679824,0.061535760291128866,3.7997453,2.819179
-0.020539163034118315,0.9147090503284052,0.5161671509932013,0.49091156592489255,0.49822,0.6456572
-0.016547262544303463,0.2532222730723356,0.09341297154508307,0.5339950174084076,1.9806823,2.298356
-0.04967523044435124,0.703002603890451,0.6839049178178594,-0.0032275213036214315,-0.118024155,3.029675
0.47288133743211674,0.49439528857270126,0.26853997270631036,0.6000648977118086,3.9248936,4.777641
0.29375325957292525,0.6955067359750693,0.7458371897460727,0.10099032559863301,2.458521,1.6072415
0.15453982488655754,0.21747750346444655,0.5982218497426363,0.6362220205682735,2.1339338,1.851377
-0.007272956020697406,0.5004330766871445,0.3457174911822298,0.09762719866288165,3.987214,2.2678802
0.5054601777662934,0.7094148342100443,0.5180232745741083,0.513683814909032,3.264244,3.2408838
0.4675981535022819,0.15011484869977207,0.154923303250925,0.26459368483672663,3.3661082,4.069551
0.011206896509008954,0.14399763109496283,0.5143290961004565,0.27466766677259874,3.4354498,1.4375757
0.03258296902327952,0.3348033803898165,0.7070462639978594,6.834813325539519e-05,3.6044304,3.277456
0.00950753380963991,0.6545489883171107,0.09659190201211815,0.14768138103378484,1.5083104,2.0352626
0.6168222212799318,0.7867743792129129,0.32690762132399737,0.5814084480134512,2.9706748,3.0158436
0.31920028958867325,0.08934232835443284,0.8121826315743866,0.22781982548787483,0.5220803,0.6336104
0.1042974151076559,0.07777519593366201,0.7685366725903598,0.5716573701722729,-0.29280153,0.389732
0.3164427709756056,0.14966129612342727,0.2521297305157927,0.1154631188268509,3.807044,2.6073031
0.04955611122609123,0.5471688826933931,0.32785966956175266,0.42078025024960614,3.854541,1.5932467
0.08390223430954012,0.8666664903416876,0.45661571080905106,0.6062994243977822,2.1892269,0.929121
0.5874110023600696,0.5209095260783639,0.18982344195082554,0.4298308792248893,3.879038,4.957866
0.6306691106154911,0.3312489521506998,0.5699097563872952,0.19169587013217756,4.334633,3.8028967
0.611013281778852,0.7075080240548992,0.6940567852061034,0.4264673400502462,2.4110777,3.1058614
0.056524142906529504,0.5433222828806735,0.7349237160930855,0.6707905692282836,2.787281,1.4831172
0.5613639955266897,0.8784657496642351,0.1364648788548749,0.5045800631002783,2.3238711,3.4078746
-0.04257252017568258,0.34685371113333313,0.3842840063847642,0.3004240019085075,3.3603935,1.4965059
0.5084600118708612,0.23322235838744812,0.6682416559853763,0.08354529936327479,3.5119128,3.8071077
0.46094406905737634,0.030756492610191404,0.7922336916158536,0.23176085402129548,0.70024025,3.2797174
0.5194507678440664,0.8331496332498209,0.2778538084996606,0.249151668969354,2.4308586,3.0930178
0.08114508623135257,0.6958567041325162,0.5436254053676225,0.13561670230949835,2.6766102,1.4406163
0.6075301444784421,0.10748544872848421,0.28806734055775557,0.46285794369212757,-0.07293253,3.5840628
0.038253652557611054,0.31461483728318534,0.42078392996532815,0.10017106802255805,4.5608563,2.1502507
-0.03720449541881747,0.3456096989404822,0.725166709005318,0.4597205626570634,2.5722153,1.4926047
0.008568763614280703,0.6453436758347016,0.7660874367760869,0.18138376208811008,1.0300044,0.5973875
0.4747463686508779,0.8310197549453016,0.48750078935105734,0.39360726393366524,3.0081103,3.043936
0.3010025117121456,0.4222670462227777,0.6977257704849551,0.6601222258994711,2.9831312,2.0881224
0.2020309301885852,0.2710036930725539,0.35514003234117686,0.3352535586540885,2.7342522,1.965354
0.4024192281127689,0.0984266117357194,0.8241503787371297,0.16620471280841534,1.3171765,2.6107557
0.006318438128640309,0.25901223194669454,0.6506253558039454,0.13490182805123682,4.106445,1.8100566
0.43773790803060736,0.643641530226776,0.3862182990960133,0.1638632004060236,3.4496076,3.0692499
0.5205574595441206,0.11132124393141944,0.5153491970732171,0.2838836300261303,0.703918,3.447468
0.6130355668325574,0.8935425842044721,0.4223975450423386,0.26112634392673945,2.384759,3.0041032
0.47413957078817365,0.05246913058948964,0.23019958251004832,0.07800192115887941,1.8604771,5.2482305
0.05288304778717645,0.30800200250932247,0.34111781109204414,0.0070716958855971835,4.2762976,3.91647
0.3891404930476249,0.5746432762369076,0.3713360847439961,0.32864736383150145,3.674815,2.8659806
0.40710436094659425,0.3374673235916025,0.6531032761912297,0.4255534339219175,2.4367254,3.186619
0.5507724170977281,0.35622674645480407,0.12487289695042061,0.6792285279374484,2.6097503,5.0206456
0.5766671151245379,0.7497374989568825,0.07623561643938255,0.3172576224446735,0.978293,4.5066895
0.4290159530956948,0.5442617922745575,0.5353713851740085,0.291095295452704,4.3887854,3.78028
0.3204139343746377,0.4875322671030639,0.3928193760202037,0.7109379137506965,3.7181768,2.212697
0.5724580388401258,0.3062825056538317,0.009984366188178682,0.5917300242055217,1.0754288,5.0611043
0.19411439861538043,0.5461533099167091,0.23452444681479206,0.5094984989037301,4.0541415,2.8012705
0.10922692700929502,0.5072455582070928,0.6989843747214611,0.304978382723775,3.2171576,1.380756
0.24703676182303358,0.17922440836474982,0.036408762305369005,0.37042496638382744,1.0721843,1.9858062
0.6543531655128106,0.37676005940787133,0.703822707762824,0.4355791246777984,2.5629306,3.877556
-0.03803545254794482,0.33226063281374285,0.5314440694961177,0.37609394794257517,3.0629747,1.187152
0.6468012605826788,0.19939862053291896,0.81607516472447,0.5673480392421201,1.5918564,3.5702503
-0.04581865699632666,0.8470169767351139,0.19514557950962572,0.41374638501025013,0.98811436,1.071687
-0.030234860426560376,0.6856532021537602,0.7730625887235986,0.4973033365351036,0.95758027,0.2608351
0.27637651719721806,0.28491718759224444,0.5780575291405327,0.5874979970819036,2.7734537,2.2330704
0.38576096730159626,0.4516645940160408,0.35756641331309474,0.10652050031470377,5.1506267,3.6941993
0.2521348496256045,0.25362388798528496,0.5607537479551286,0.7098586077503921,2.8252425,2.2580981
0.47361718512447354,0.6335103910681789,0.37921624238419893,0.5186682064376175,3.3919702,3.0981238
0.21514385570655625,0.4270455310573223,0.08885201263325511,0.20728689808901685,2.5135205,3.5077806
0.1467435951876459,0.5870765705778469,0.7158744981453105,0.3864120563034443,2.3684778,0.77918285
0.14816863318249512,0.5327809096659855,-4.626778235633771e-05,0.17291246055452625,0.99610096,2.1556635
0.5021146100328019,0.38814081650204973,0.6021091270892972,0.4721775276295143,3.0513816,3.9243324
0.42606693398344625,0.734023096335315,0.36701518952372136,0.02730558519249685,2.5656142,3.3399322
0.019330984611006408,0.15221543982761637,0.5245555389200063,0.3091085963809881,2.5577347,0.92914236
0.30362844903864966,0.607513514686865,0.6251673852199142,0.4374733714909277,3.2712202,1.232862
-0.028228766810388002,0.00728592346669666,0.8207928128370132,0.4359694081106253,0.6358969,0.4892819
0.42746549889557234,0.42761946070373236,0.8078715767831932,0.3281702697129439,2.735471,3.422523
0.41973042356551804,0.46018828960825275,0.1837700479288475,0.5010934287994473,3.8568578,4.681886
0.5377365850423502,0.15266545132093706,0.07143757449827898,0.10973418219819887,1.6692538,4.4588437
0.44474939601744684,0.6003615428155263,0.586306635200493,0.6807592155450614,3.5986288,3.5625632
0.26170817921370015,0.2756446483115868,0.10814238816520862,0.39098357411833995,2.0931501,2.3053944
0.11238025578801296,0.0932556585091601,0.0999567386752878,0.25391391073602504,1.222632,1.3524752
0.5547761361855991,0.8394923430693078,0.4541182721744935,0.41126889524536087,2.830459,3.021369
0.3314843927820158,0.6388258125423142,0.36046297631855667,0.7150489738933529,3.4394681,1.488579
0.05113508175498811,0.29877877475138487,0.12878733155156052,0.5240292446631414,3.1328628,2.3670006
0.2185462355987154,0.517563537266736,0.5998517465401618,0.21986649224489677,4.4987416,2.7078524
0.15610068866281374,0.31769312491195345,0.3580802706849885,0.35308957890263803,2.9862635,1.7875565
0.6217876558258355,0.6896929125076973,0.4199743134746034,0.43963789978418594,3.2243192,3.1443048
0.0638004734155621,0.4562108625378772,0.25684831799929075,0.305500934348212,3.8686008,2.2953293
0.5170298136147138,0.11299129365495991,0.8028885746742568,0.6546229991862962,-0.6312835,3.495301
0.4958617148256043,0.42989302605866586,0.3067802339150246,0.5631084991872186,3.6703002,3.9056196
0.4147095596578063,0.8509580483396281,0.2174030246620222,0.012881978149023185,1.8095213,3.9398525
0.223781916161239,0.6124128176087972,0.6080901146717824,0.6689358672788276,3.562816,1.2767496
0.20508605416580938,0.52146404989548,0.6553267915593366,0.1732157469430244,4.8212786,2.7325726
0.0767883388411063,0.6566445296951093,0.6048016994530274,0.4215953590706213,3.3685522,0.8203089
0.19031684829810575,0.7610151764219489,0.26453625516310264,0.6069327133557222,3.2378685,1.8434335
0.28364433414775103,0.4884072308566173,0.41170908229724934,0.608065106186526,3.7325807,2.2386568
0.11614036390031275,0.4012049878234872,0.3089610911270454,0.3995555134528034,3.6808283,1.7726915
0.22369524608156993,0.7447073521778419,0.07497742588508167,0.09249963431133436,0.392446,2.1059744
0.21650323535875704,0.03313662395622404,0.5581262289252796,0.11072740418784718,1.7137185,1.7000021
0.5360552808873674,0.45039115538915,0.8134851050652095,0.40772134856673015,2.6295774,3.3818233
0.0861319651059962,0.6219902757618578,0.19803594245073944,0.10953224566512616,3.244557,1.7666507
0.09701468357488825,0.6374434008518156,0.1507680258143963,0.3345913418514629,2.9966362,1.2640091
0.16587024270471123,0.0819332113801666,0.1518491102296937,0.5554312541831791,0.57547903,1.0619384
0.44579476666316586,0.03301191931319592,0.3594050356700016,0.201023432504812,1.234248,3.5320492
-0.020612279843381945,0.8909258491279366,0.46888599158666766,0.5592049586807555,0.57752746,0.6230902
-0.033831402208399614,0.32441404979431315,0.6316295748633338,0.6611801959058224,2.5146081,1.4783545
0.6284341279798811,0.8592216406678145,0.3290664674542789,0.18897590874459808,2.1156666,3.0173876
0.28890509075533505,0.31007006352241845,0.043415629372568466,0.08696139352565585,1.1094949,3.0972097
0.6280638259113012,0.03521261424234095,0.24846249422477887,0.05312571756150536,1.8892003,5.585223
0.15359558487210018,0.7161874205965588,0.361598955861608,0.04482358224960145,2.363583,2.5932322
0.161795296981052,0.2731156203398212,0.2495581376713009,0.28850197869185623,3.7483473,2.5921552
0.563282458787873,0.20493937575842477,0.11690753407045883,0.04242919359668501,2.3383281,5.6063056
0.631321147671717,0.1283834590914911,0.3992435065477583,0.1170228959411216,1.7256107,3.4776843
0.05392586803143913,0.4858935425166206,0.47622623120948876,0.06630923228636486,4.2362814,2.7928662
0.4392989605605477,0.4805485315864856,0.30208799304587863,0.17777308711068424,4.8577576,3.818142
0.47655399656567715,0.8262001104432874,0.40095099057228306,0.32070543707205423,2.7004614,3.0303266
0.36561922430685206,0.3959513584216369,0.6033752659701478,0.3979482637120189,3.0255296,3.195359
0.06747311701653834,0.3716091696063082,0.6589763578899696,0.49407101345875604,2.8412206,1.7339172
0.037241639788551384,0.3730958687500238,0.6566992459838513,0.6772135956915236,2.4677572,1.59887
0.5506373807339257,0.5753676868125003,0.6972151059643608,0.38454442589906696,2.3287926,3.2093973
0.2009437616080989,0.8445396935113288,0.1921517968379055,0.7212886624556765,2.6012776,1.7444923
0.545422735014042,0.5936510828678434,0.2932055408608732,0.6025396576652856,3.4927685,3.6646097
0.604818341434952,0.2111957284594608,0.05624238521402773,0.27800717417029913,1.098666,4.5061984
0.15783569310519385,0.13813016717344895,0.6269097674492488,0.5820140126656209,2.0897841,1.6453019
0.5844376850454895,0.11622884755786622,0.013779139954848769,0.7221177693495705,0.099624544,4.8869658
0.5804273954856578,0.8442791523112697,0.44361540345717704,0.6260793880780088,2.805025,3.021369
0.28567242247928243,0.3667538054291514,0.5474026170438783,0.24800467922413702,3.8143551,2.3216667
0.524530725201519,0.018312634503351223,0.21998047583692748,0.14641014857485707,1.936686,4.224028
0.1802585163851792,0.31183858464497183,0.12030797449411365,0.2536511218538989,2.357364,2.6581094
0.3403407542700536,0.7654954627078167,0.30536143163972024,0.019161361212759805,2.2772331,2.9125898
0.578461123297425,0.22186810268981882,0.61562807824205,0.31850510677715305,1.9167956,3.5243645
0.34180019123933875,0.5609745790667898,0.2146561206553044,0.28096535777246195,4.4496865,4.552414
0.22230231625453933,0.4039495164728252,0.28375955713411033,0.38183367495303167,3.2622197,2.0614772
0.17197436971518698,0.6815614899656215,0.6736859572604563,0.5400096239771384,3.1598597,1.1256495
-0.03428281465200313,0.054348578322111867,0.18049560857790325,0.2407171881871357,1.488007,1.7079368
0.5213950129881922,0.33303067650618756,0.27441914648261423,0.20360799981789288,4.355557,4.052424
0.6523968975544756,0.45276443718358955,0.11292334623368001,0.2722214258825658,3.078796,5.378184
0.403106204025069,0.9078562520002104,0.2281932100481301,0.47321590375186,2.5342681,2.8334908
0.47537109294289653,0.9053911517957808,0.5132857489571969,0.3273326505970441,2.7529213,3.085686
0.33644465730576234,0.7763812953774986,0.018010342660648607,0.6194088613816412,0.2623955,0.5165031
0.2635210282243134,0.20310287513108435,0.8024107935459484,0.17998288725272307,2.889905,1.4572114
0.27133235198908867,0.3259301517573077,0.47419990817069657,0.39018945763068913,3.1135018,1.927715
0.49278713880918096,0.6464986991377992,0.712380743585318,0.7139192778425312,2.3533485,2.9784822
0.21469625354528238,0.17036147393941803,0.6281786207836857,0.21727900236503594,3.3154917,2.3022246
0.36524635941462474,0.5282530288363189,0.35097517252754,0.5413617026443684,3.7429984,3.1910307
0.15921990925972213,0.36603673630521316,0.5573698617132726,0.0036744739615863567,4.6095653,4.3582172
0.2228844986947185,0.35378014487424525,0.6772746400435824,0.5645747711782827,2.6984513,2.2300358
0.6651927209316801,0.256571319273419,0.3164553772460848,0.0876298199088607,4.1837025,3.540389
0.16846143231941302,0.4043548079010098,0.055100827814462114,0.5909470149150601,1.9184449,2.5603397
0.48827733991712724,0.8776217305129336,0.3295415705264021,0.33024365050190624,2.5181088,3.0248013
0.2318956906994839,0.3138349687655365,0.4095592148952514,0.13090628857010883,4.2556415,2.770587
0.5923838635069238,0.5452894252801991,0.3320260847546642,0.10852918465493547,4.7862754,3.8273823
0.6494228761806649,0.03677268900039397,0.7487614885452508,0.1924557367858955,1.3057275,3.5009422
0.6137985493463222,0.5796106790360054,0.5487745393145792,0.30679432588846134,3.6845253,3.4700027
0.5553836642544223,0.06763509842513257,0.20774460862785601,0.023313281107241776,2.4397798,5.8501453
0.2880346096330024,0.3181643938910704,0.11528475476742844,0.055366672507723355,2.2982013,3.5841422
0.4067506605252535,0.837499269553995,0.13463028468502422,0.7273350876270901,2.2986987,2.766172
0.022100255321879383,0.2868438834335146,0.2381383967951613,0.48255085008144893,3.0361462,2.1090572
0.1439595316421216,0.8131640833187415,0.3319425495028521,0.4436507547363565,2.2790356,1.1899831
0.4042249768366951,0.3893220876931224,0.7103405635289534,0.7419818301345794,2.4147093,3.3653896
0.4965143491115371,0.698508436209513,0.4783463420826629,0.7232095559130355,3.3522859,3.1464374
0.2369198646778372,0.8998015773350622,0.2553353077886634,0.7042497969663506,2.629952,1.8208716
0.3255418133100918,0.0010630854813791508,0.7512586053570062,0.6115774423427388,-0.71493864,0.6509453
0.5698743302743716,0.2821983834239316,0.4131038527889903,0.5265664025585478,2.9488752,3.802403
0.13496634357877973,0.8830682595732869,0.4795971692028573,0.47807903742874786,2.4670005,1.1470448
-0.00964886603786469,0.125398293279321,0.4296742583389868,0.28242900532010623,1.6038424,0.777043
0.09511259254667727,0.18997238765248078,0.6493740703621838,0.19087103868753846,3.4498947,1.5902892
0.04844766341770536,0.6350494931731255,0.7271853223033983,0.06700382113253806,1.4308928,2.0096354
0.3119481116920657,0.014651106425214286,0.7362112813679647,0.42278320125941626,-0.66983575,0.63414365
0.2536913815324192,0.25565994186826885,0.48482435467108365,0.3159687665804852,2.8704655,1.8949034
0.5068035254510166,0.8092853660402601,0.7791393325339308,0.03323389147974491,1.8767968,3.2647839
0.14911373584532073,0.316498209227708,0.33382048646423507,0.5870304936563491,3.2570672,2.0831041
0.6355275790846,0.3565298913967195,0.6922203379831502,0.32390501025003626,2.675883,3.6396232
0.2291118655887267,0.1805044419402506,0.6856918219490526,0.40265282311936856,1.99007,1.615844
0.4181151520258857,0.5295777068392253,0.6067420947586266,0.49821405180760936,3.5807781,3.3127697
0.264934471954741,0.6592148815848267,0.3601944851422237,0.42782244065117114,3.5153635,1.5928049
0.6333728778861129,0.40222074030656385,0.06890491449792939,0.09576936382434229,1.7272248,4.886004
0.224590772071181,0.379689313013548,0.6818994155675068,0.3643517928795606,2.4445515,1.9562396
0.27526115020531927,0.7927919488914315,0.45919841572322473,0.7161952829853827,2.666692,1.481644
0.5456573804152974,0.42596717564399295,0.5052498149643494,0.06442379132733152,5.108871,4.29193
0.5257423783678953,0.8606608722495634,0.5664335209671684,0.5289375801865457,2.8924105,3.1016026
0.31337989852925857,0.11390818764424672,0.23918951828725762,0.4507772097032822,0.16307896,1.1345164
0.12615377754303908,0.22544386126038213,0.3811545834721592,0.17035169676308823,3.5929217,2.5824854
0.19348893247914484,0.6513279335736841,0.24734690119059413,0.23129936875611168,3.6714258,2.2735043
0.5824120884766198,0.3338370247112523,0.3254225865512513,0.6321173585034033,3.0152636,3.7968776
0.477933060270697,0.16650168215505692,0.7174610238316175,0.2560013322345966,3.048025,3.5059285
0.13884631844853734,0.47170491778433643,0.49589738813205025,0.3485180092300078,3.562069,1.8541083
0.06053825358325253,0.3218632535672216,0.21210839648402283,0.25610969774577586,4.4416127,2.4856362
0.21885019358204333,0.01855816140636646,0.4579493497106591,0.45687162894588246,0.31775135,0.9386044
0.034980803837967936,0.4149320398309053,0.43404762672919467,0.17219223719090146,5.0498614,2.3611634
0.15699283937978342,0.20641847761674054,0.4327055303242108,0.20976871693203122,3.0927258,2.3602257
0.5474592864427037,0.6579333388839474,0.03812538095975861,0.6248023952527657,1.5379695,5.1739416
0.019891753492349132,0.8500733409003421,0.2594319465788314,0.5572842114739885,1.418761,1.0760422
0.3973473186532643,0.06816253001751851,0.002002740489801323,0.21251545901283295,0.2502787,3.2891965
0.35012062114664977,0.42164985657288784,0.14306900245651383,0.24145748390769622,4.7494926,4.279677
0.5626657643263319,0.14262304591848562,0.17533457928830049,0.13643430838219228,3.7839868,4.04719
0.13995075812325702,0.2447789288660093,0.43345163743157755,0.7154533632598072,2.4803386,1.8794053
0.16001495911811747,0.23523062632693298,0.15715652395991023,0.413276764330971,2.4101205,2.1263015
0.6190400317331984,0.1753999888065175,0.11958821628744719,0.3425453300966393,1.506911,4.373572
0.10305635075634655,0.7183259062924772,0.7097180561604662,0.2626911929856817,2.1990964,0.86912334
0.027044559508802732,0.5306163118896325,0.16952154583614915,0.025498346458931818,4.8008943,4.7160215
0.4670456865846874,0.041792891100545036,0.3094335430884748,0.13293290735968177,1.715824,3.4677193
0.35803562923730975,0.8497905741630555,0.7197735578964589,0.33198487093457946,2.4469683,2.347435
0.6458396430677112,0.5356577281576483,0.3134486173456461,0.20891692449665708,4.599767,3.7972627
0.1499272567470048,0.3495649124588529,0.6445583282077709,0.1173407423492268,4.463655,2.366099
-0.04775600302476156,0.676601553196178,0.7833733624616669,0.17671513104469777,0.30461589,0.7506071
0.4832682331842712,0.6065017302368831,0.20325001911700422,0.36598839779283815,3.466688,4.583924
0.21400850056081427,0.13457955044868636,0.15586156844391374,0.1619330708349003,2.3658464,2.2787442
0.02596238216327465,0.40818264206535865,0.6628645297708217,0.23866217067060377,3.746647,1.7265726
0.26841968004577244,0.7043178876565046,0.1975334817005632,0.419339567589903,3.124909,1.8160881
0.09822724177385105,0.8966255717148045,0.7930846613070895,0.12943410426201438,0.17609206,0.30912876
-0.04910442332986836,0.11677181352850777,0.7631362949695341,0.04604725314143948,1.2783486,1.5518246
0.3377928624333192,0.6381650653605543,0.06946852578378793,0.6724113449657063,1.7296978,1.7196114
0.5607174869884997,0.194669592435293,0.5691683485929538,0.2024155544816465,3.2965393,3.7515872
0.41194528189452345,0.26059018751422247,0.6796662405347753,0.10392712823914038,4.2951865,3.3031166
-0.04404398082524299,0.7386657396024644,0.4708001021277652,0.09948469616094606,1.259424,1.1652789
0.06683000398020891,0.19497819528216798,0.6338769209905996,0.15671573679413686,3.5750654,1.6703176
0.37652319010361746,0.7481957215346616,0.33085705833076917,0.09321953805687495,2.531432,2.610632
0.3948400408234987,0.7706919484851611,0.386166901997684,0.1399346432519589,2.7274892,2.5311387
0.42812785141032744,0.6981869828060433,0.7947445775395425,0.3523769946378059,1.3420571,2.9339743
0.5478069085394068,0.6098036372664043,0.011371481065267704,0.7409384465513476,1.2172103,5.3485622
0.27905831961853617,0.5563046226077033,0.16679490767432115,0.2893767731793178,3.942437,2.9392664
0.07048286051703091,0.08143724925812738,0.02160586049033447,0.7182336803790796,0.20884955,1.1153852
0.445666273431312,0.10039773287478712,0.25029078484798983,0.15214881405001054,1.9214984,4.4082766
0.5413963300401307,0.7260123008865907,0.018264552475340586,0.45405715133975466,1.1184115,4.9058423
0.08299920307989793,0.3838474850624521,0.6291722468675742,0.05494552344073257,4.5489964,2.4266095
0.4508136478333043,0.8179275976600109,0.11755156107712003,0.6098405569024028,1.3886001,3.9138408
0.24296519398046895,0.10531267945964393,0.3079426679995637,0.2166765956665476,0.9487675,1.4881556
0.33308963547619924,0.7454059647758925,0.581684670693327,0.4949257016392844,3.374543,1.5239285
0.2962195639887236,0.8139161166447786,0.6179829947192411,0.49195852626422626,2.7970428,1.4037808
0.18114817279408713,0.5149011345975287,0.5023313106204635,0.00916380651199973,4.4626303,4.4778
0.6243672606588395,0.4586366372598067,0.27628855492756316,0.4617861464703233,3.8997147,4.288371
0.09539955643729746,0.0378110277275541,0.5622271331064024,0.37827957110531596,-0.47772086,0.43382406
0.6672760975242553,0.24137946997558427,0.11246161680650185,0.1554165238575462,2.164792,4.5801425
0.2514528637950026,0.06920209630347994,0.004979351831433005,0.5485240449514613,0.09111469,0.15422682
0.45479638029194097,0.1265776922086605,0.49191281377216756,0.6883270238037881,0.1804184,3.593687
0.5887503965799309,0.36311701082089226,0.6966522119335485,0.10707855032587174,4.538446,3.7407994
0.12453237766445481,0.5391457864887242,0.030521951908287093,0.4760645567916968,1.3001955,2.6546874
0.6325307329674429,0.012758958853949188,0.17082172761447795,0.4095883583522727,0.31813475,3.7720947
0.21993345004085663,0.14497509954633425,0.5789466400700163,0.11171417144076522,4.0456333,2.4922638
0.07610313012698157,0.3610272558081856,0.41409220623734655,0.13824106708855916,4.8024964,2.4158103
0.3924599658726682,0.43053323815761513,0.01712262158323715,0.712769109914969,1.2303361,4.427676
0.5096050533433562,0.6249851165825413,0.43831579871698484,0.6619579143987737,3.516969,3.1036491
0.17440231891847147,0.2948883976201005,0.5234926918769015,0.5446447001984686,2.9303608,2.1661897
0.48406339432045303,0.4921664879738214,0.5646834801665885,0.5980958971623314,3.5767596,3.7846315
0.26279531919580956,0.6999515071702661,0.13008791223390564,0.34341233371533614,2.7835033,1.7232776
0.4492332815675403,0.1311351245919907,0.2998989401369115,0.5256346364993811,-0.10018771,3.5840628
0.08812118125670783,0.41381555385686825,0.10130278229494102,0.03131150243022027,2.5379786,4.609582
-0.039368796415153194,0.4915230072051208,0.6892916344883628,0.6032546046653592,2.4945893,1.3646622
-0.03186353436219523,0.8839372609792815,0.08331933987356133,0.19694571819600193,0.14981422,1.8351619
0.0826660417380138,0.7997696344054268,0.19635417713953324,0.27738801360490595,1.8057264,1.4433041
0.6058421860029674,0.2972714629692763,0.11390721577196748,0.47675572032161817,2.1914706,4.674409
0.1509256943004133,0.5820081180142802,0.019537021716681122,0.7188841772837301,1.1932664,0.5243468
0.12202113331534752,0.4440641623304807,0.805752566049895,0.5657121638446737,2.6814537,0.96907175
0.6204140241593152,0.2455829927380722,0.365649340136314,0.24727225262005084,3.241181,3.6331177
-0.044576108135228845,0.5009765733382409,0.3708580154757681,0.23933450741490273,3.9290378,2.414117
0.03142759995152704,0.5770022958676452,0.6103524327221256,0.3464078582666354,2.895769,0.43926328
0.0005066213445104745,0.7111921526198888,0.2450103509211737,0.2975885522510669,2.310672,1.4708318
-0.012114681696671743,0.8404126029869664,0.11015506067271161,0.20674084347092883,0.4634582,1.8047619
0.3770529330165792,0.22992477260784644,0.6209375087313541,0.39699370287842894,1.8584069,3.0797095
-0.021402299375583623,0.791519654743854,0.2218193928316513,0.46969290784524653,0.7964763,1.0168855
0.31130955170814484,0.5571204244838663,0.030975243511741895,0.702556696596738,1.117763,2.684444
0.5279250896606719,0.2164998969445193,0.07325033315954178,0.33599988844102485,1.151411,4.4718537
0.25933687856691423,0.14095541198132433,0.5447317444324863,0.28321271496376454,2.6202004,1.9559867
0.5275578042290006,0.2641397389647937,0.5427384108651174,0.5799664500460647,2.7034388,3.8021004
0.5220593606725358,0.6292354902332612,0.40356132028102365,0.036127880642952206,3.221698,3.133289
-0.0329929396551393,0.7123847830714565,0.007785304523128111,0.06503016086451291,1.3296907,2.240406
0.600665479131095,0.15669850172900984,0.20449356617202363,0.010278423040136408,4.211009,5.3796844
0.03563641432567673,0.4813180050455252,0.7603362017140463,0.5518955855970895,2.0822198,0.89962727
0.11099869005838149,0.7508916469085039,0.7442173407388635,0.5670258382207707,2.108575,0.5819382
0.37241309439247344,0.5381624659916596,0.02099705608925556,0.6419739731054388,1.1947579,4.582616
0.4635198706209545,0.5255813188667399,0.8097103677753752,0.6507325305756506,2.52258,3.495187
0.0879441992132763,0.5066730052989287,0.2155282081142992,0.5893268777972879,3.9606974,2.5013418
0.05451132704561096,0.20140295655341967,0.4404689619991645,0.6901320669136856,3.2457628,1.4482453
0.5239471698790138,0.6426611236910907,0.3192184046907763,0.24393228256527436,3.6145482,3.077964
0.29633201223055117,0.4171812807320587,0.18804279244526548,0.6784704529477393,3.894289,2.7232966
0.24330992766770193,0.8455408580042386,0.6289830911343447,0.4821010404852486,2.6450627,1.3337035
0.046091779069054525,0.4485885686723765,0.5770078634979613,0.5419849827594172,3.7621264,1.6469886
0.09744906211120287,0.048727172917498805,0.004796870518265905,0.5081381107258488,0.335018,-0.020084757
0.4595893921963276,0.47080484211676726,0.06262584889157448,0.36832194004185537,1.9644319,5.202824
0.5947177255595661,0.11914378805853457,0.7241867038916301,0.1809836561231329,1.2742105,3.4754694
0.22018307357332773,0.24387458679394475,0.8146312164957521,0.7048495999119611,1.5011156,1.4175968
0.4997093405190968,0.21233856624855443,0.3758981873653006,0.560123516336916,2.1122127,3.77807
0.3180389673360793,0.08857370238285243,0.05867160365912317,0.38953685347901146,0.44520643,0.8078114
0.18368995064994864,0.5226944278925816,0.5499757458922222,-0.0011091911129447038,3.57741,4.7635407
0.11865758174948925,0.6234439910247176,0.6705495926783173,0.1633341746242702,3.1149871,1.5349337
0.6660391809672576,0.648387146634915,0.23232555912820368,0.1125540104307486,3.4864092,3.941893
0.18984733224462286,0.795097525761576,0.2424649623564969,0.3826717697149444,2.7220013,1.849246
0.33704721340078553,0.09564187753441429,0.26101878262103706,0.339954412194696,-0.41763282,0.9054979
0.40049197949253185,0.35544751918842904,0.14944254355760866,0.03044132206293877,4.4478517,5.1622024
0.6042787315692636,0.42536916269540453,0.7219605708674897,0.5691669965250182,3.037473,3.8841822
0.5640799064414957,0.7881390733542158,0.2672552859001326,0.2651524317411355,2.4367793,3.8278897
0.38319570421734933,0.06629148633736821,0.5489658251558338,0.2870002416617213,0.5050416,2.543813
0.3643833426362608,0.15464491396930494,0.8277526995821441,0.008415054154609693,3.392588,3.7805855
-0.006797679048999104,0.8743203900829246,0.13238135938131726,0.47952687629502977,0.96786964,1.0877889
0.3599677602693295,0.6306568133615422,0.37970301330248146,0.5112652110806111,3.4202948,2.5217445
0.48611077667173136,0.6945874088297156,0.6390048645083932,0.0016981234594401831,2.211998,2.9191592
0.5618056732357405,0.2898995984841664,0.4665930832562835,0.28041794280526877,3.6124105,3.6470304
0.6454824744526548,0.2882948939444376,0.411197071064288,0.042666145277052356,4.2353897,4.064079
0.16674593839301594,0.6033275975740396,0.06047532189449694,0.3382353147290656,1.8738538,1.5174292
0.4950256526954216,0.8081520078200197,0.04954529931289531,0.02418356890745456,0.24953686,5.3178706
0.6092730770906001,0.8571571840873011,0.37769851094791096,0.0339176983077588,1.9209374,3.0345035
0.5397225767903803,0.7858211066129522,0.27999688020846375,0.6128727262477638,2.900297,3.086556
0.5292298857668271,0.7749188694810473,0.5253142663037917,0.4554331733994862,3.354268,3.0767283
-0.004636017465060725,0.2497698760624885,0.22556876985864235,0.05239865638994112,4.0028462,3.3193617
-0.029349389325670446,0.6519441931622385,0.3471427917959597,0.3190767105793203,2.3501585,0.93420327
0.4992845047159063,0.7710859256553059,0.6458004643141323,0.08550777036192027,2.7750032,3.1887374
0.014261571666080344,0.38176269068544166,0.08188743043232297,0.4351231915929473,2.0948772,2.408411
0.6369000702421495,0.8774680335813198,0.31601831233115196,0.698560597514792,2.5813851,2.9735496
0.5447825311558513,0.3028534831986995,0.7460164221702782,0.6702017639719154,2.2343276,3.7304394
0.1844733405947816,0.584694032609022,0.6469999398747148,0.43730374869879357,3.1919239,1.2292135
0.2743077219462559,0.5914550215084907,0.2741385187769616,0.2584728509969622,3.8645644,2.2751997
0.2722224740243882,0.8558113353653568,0.4839488973650916,0.0789582418855871,2.3165193,2.2586436
-0.00034428454735015157,0.7768159606374497,0.6119517485987931,0.10773406050573008,0.5562406,1.0536613
0.18811468981208146,0.021984782389622655,0.5045890767915588,0.6751256653693486,0.03530637,0.9092368
0.4497344205998917,0.49668025670309845,0.0007958404477962037,0.22120658041468363,0.94418824,5.66316
0.304563934387436,0.6443449272260112,0.4193256166298628,0.48726458286438495,3.5122848,1.4430223
0.2706233659675673,0.5428420116767378,-0.00047502819587449344,0.3666256292364653,1.0704423,1.5326766
-0.01856003741595843,0.604073825282513,0.7053872251951886,0.10281793144092574,1.5620301,1.2780615
0.10604550982101248,0.6145875887619796,0.16909133268601387,0.32557949197090585,3.2655897,1.3230866
0.513820292656953,0.3651585438290915,0.13682216929334096,0.5637493922432577,3.374371,4.5349345
0.2907809477275945,0.5782002989030715,0.08942434617330097,0.5293639535841774,2.1836467,2.0147674
0.06609709469367038,0.4584948653005896,0.3852733962005428,0.3567354374067811,3.6237836,1.5591042
0.32486694628743706,0.1821290173737105,0.24411770349213033,0.6893132213908058,2.789452,2.293732
0.06929355174745011,0.6316695297301332,0.66168888598099,0.29432749755515275,2.7903392,0.50053793
0.26751359521410195,0.19349632606002867,0.7063606298187926,0.26635376666422844,2.7341845,1.7849896
0.3028777269249537,0.04258961600879202,0.5061173142665748,0.06367461698635694,1.4340873,2.396211
0.3271769263827582,0.24654498530202754,0.2776947060790314,0.6020045140431812,2.4037423,2.6206653
0.09905639877182772,0.13250119786667236,0.5525934530459257,0.16068740509088522,1.5919467,1.4052315
0.2528997193517443,0.5032642727489024,0.5343463392427268,0.6684624570330004,3.6506896,2.1499984
0.3236662946601179,0.7733836096830348,0.08597328875248239,0.46499783213011775,1.0156969,1.6840398
0.5772912274505122,0.3519193966949093,0.34253451595542583,0.42329816208071325,3.2060137,3.7522683
0.12327032485064528,0.036470668564804735,0.5129447610935403,0.6840192613055844,0.10324628,0.7446788
0.5402029238257149,0.722167619711132,0.1815611914791863,0.3407302050554169,2.9995947,3.8154173
0.17568056589281578,0.162056286917426,0.6863466812644549,0.09462985018949918,3.809855,2.133275
0.12082617625773108,0.1464330458235368,0.5920187970985876,0.6433786068999247,2.4553897,1.72033
0.4155809134533282,0.913623839754806,0.01546431037503343,0.3592362637506017,0.5018642,3.8939412
0.02974133790409851,0.3108159782428757,0.07775797353289171,0.044285937345848805,2.221971,3.3879802
0.19553570839716783,0.6690732548104786,0.2991160266582456,0.16950592741676854,3.3142123,2.1723077
0.3100223164542682,0.00019539559617881913,0.2204775372411394,0.5395623330081908,0.13487579,1.1691879
0.06434026676845135,0.42906717064009753,0.17594575044656838,0.02848297407091478,5.0516906,4.974897
-0.011215170660837014,0.5878078963498002,0.053877609058820226,0.4997678225176776,1.8267387,1.4251696
0.4174012158901451,0.07228003909443466,0.744670305482642,0.7270254850216691,-0.6130305,3.2045128
0.34133696833209654,0.2521094609243912,0.3960197658064156,0.6173997956609758,2.905795,3.2734246
0.5374664064662114,0.8036765414210183,0.16398896541851074,0.07324104730445821,1.7488234,3.736298
0.5957597358220853,0.26646288653595657,0.1917321149935001,0.04141048399761642,4.6705422,5.7482805
0.282889762680046,0.29053303606293146,0.0517821881868393,0.005303970153086082,1.3238102,4.7303343
-0.02350749278509882,0.4413280538201949,0.3745500543132663,0.41557257506735035,3.4793882,1.5559319
0.5540403572201509,0.3914859625638725,0.33630993501749973,0.13734436734894898,4.4590898,3.757869
-0.043142863007318843,0.27012747051990044,0.15897374450841995,0.18784168963004777,4.225995,2.8339214
0.35391137757391183,0.41551247993987683,0.18551070644717335,0.23397582488539653,4.9105754,4.081478
0.5426161053527825,0.8420869280240558,0.15777878884201338,0.33674767992676363,2.3487093,3.4005623
-0.02748792026553874,0.11493163887124097,0.7323203122869588,0.18712481942251696,1.5113188,1.126847
0.26189165051576474,0.22422967661590235,0.6230908285134897,0.5279718944575948,1.6347271,1.920414
0.3943120859990828,0.7147161997921669,0.2855808727747866,0.17417978494249844,2.9353993,2.809727
0.4365698393693436,0.416346383641661,0.5095420712570055,0.29986130578284725,3.5842547,3.7880976
0.3633868586406218,0.7135594319810676,0.031835350541396155,0.7134334259588231,1.0589975,3.8463545
-0.0038106961513545493,0.3700031276563638,0.1341062382026832,0.2715733726821058,4.0612946,2.6238472
0.0782895615566971,0.46898246673611477,0.8290370366817782,0.27062357372812496,3.854792,0.8031989
0.04257640878937806,0.706013584470807,0.3833129697435413,0.5617326879380823,2.970045,0.88945085
0.33910425857841936,0.22000028930092314,0.21324573687662715,0.2912634642006259,2.9485126,3.7426965
0.2792062279186148,0.2615584904980326,0.4484966535457434,0.7384868850625838,3.032456,2.1798377
0.39960423479878476,0.11451505047707557,0.26794029839527095,0.6730259779107443,0.35889682,3.2331166
0.2272903470808762,0.22941914215646714,0.30506721909224993,0.5585919040460676,2.3423574,2.0670757
0.6296609794869331,0.3685090405429044,0.7704454544265357,0.419700221758387,2.1857646,3.6490362
0.11893827771866498,0.43482920915587037,0.518575805155432,0.3220719091245905,3.6220028,1.6758344
0.20725276286956978,0.37670713385494586,0.7882818878875746,0.11413801679629632,4.107243,1.614951
0.4697480555291976,0.18486649762224044,0.10319782368454539,0.284518371036882,1.9829755,4.548799
-0.019406735219058606,0.12171626713021728,0.687468623115835,0.48629910737748466,0.671234,0.8293985
0.6498479439281064,0.06390044965939655,0.4075950540185165,0.29811890453147677,-0.009246436,3.3414962
0.14875314421605973,0.33583993212192553,0.5666441468085625,0.4102968616209379,3.115234,1.8450465
0.0615639887284328,0.7888509651084679,0.6613170948062268,0.27583494717483514,1.2151066,0.9117466
0.5593829051850129,0.634447237256421,0.7029388742032016,0.1551563222420817,2.782486,2.8996806
0.6565879191133026,0.16277496292590374,0.4980901675598382,0.4877588816220567,2.3915696,3.7392843
0.01336706378741885,0.8588384402863685,0.18467752464471282,0.734046463787528,1.04959,1.0417805
0.051892977921065814,0.6661463532290007,0.2362848770558234,0.5131284096867573,3.0591452,1.3499852
0.6377065854597851,0.6604465249179718,0.49321475928286984,0.5250426200704628,3.7760649,3.197118
0.49239346601307027,0.5971572411564857,0.5741838191709462,0.477497215579933,3.550384,3.6729777
0.2644461633003612,0.2314131618003964,0.5824985710874022,0.5696304772191999,1.8904129,2.103851
0.5703529276415009,0.4006042262297056,0.442249162009866,0.4712362462535933,3.165713,3.8953333
0.5581569503725046,0.004217767038901335,0.5946121701348913,0.2730465687694822,0.85951036,3.5097408
0.4050354095491543,0.351517463244138,0.6160138572418167,0.09041292915475903,4.3888845,3.351728
0.5286401245537621,0.26257752874173657,0.40161938290205956,0.2134988937099293,3.8972425,3.6916747
0.46174151006978087,0.8351020134178038,0.8068740406972424,0.27510872080965015,1.4112949,2.8328073
0.48699624292676164,0.22726020585473125,0.028923436728105798,0.18564333635671185,0.55687886,4.9610415
0.12590745572868595,0.007576562217844237,0.02373311847568122,0.38530149654464985,-0.12394574,0.7727418
-0.025900386618801046,0.3856966875362955,0.7480464475345122,0.4291925307879383,2.5305011,1.3754622
0.5390722315177475,0.5042706320615901,-0.003391375943203638,0.46617178696578,1.1664711,5.55012
0.24843691033282717,0.7305375402822826,0.5963735217365126,0.16260823521268056,3.4127116,2.0919135
0.13957724439887725,0.7902608453200117,0.7002573486864992,0.6354092049337895,1.9093131,0.88915825
-0.047052127453768786,0.4096683809573009,0.6508142500824846,0.45796122612205503,2.6010842,1.410979
0.058665624888633555,0.002341414111275591,0.04055375404388679,0.6735486135583689,0.8584349,1.0939404
0.6010338211978405,0.8286941990350833,0.5912681461115511,0.17589194384387888,2.604817,3.0609977
0.5045980303862614,0.6159633163737633,0.3486042840448827,0.5987165320902216,3.5032463,3.0981238
0.057743247004362314,0.8542600627237458,0.21008707696356443,0.25492273741640764,1.4327614,1.5298806
0.1875833062494851,0.2667942152238904,0.14542345721139818,0.32295769802705476,2.9406729,2.231439
0.49322137174355957,0.18613297227047707,0.255015061391545,0.05964589165146236,4.0623555,5.6216035
0.6139028452440566,0.4730029689589935,0.4102811154183308,0.5467201205492961,3.6774702,3.891666
0.5992514242024378,0.330695016741492,0.10674756203789983,0.5753722221369609,2.2809625,4.674409
0.14127291245512902,0.8735073171429262,0.7015999624996964,0.33329430547569927,1.9477583,0.9154667
0.3123183257633756,0.42070048221736045,0.22343406634422155,0.45112432427351856,3.9312553,2.7627857
0.0683004026120318,0.6836692101081983,0.3683184703656645,0.3701457498652708,3.01805,0.89835495
0.6510474688136969,0.5688336280322095,0.8192256705864719,0.20227116930254052,1.6629173,3.2123756
0.5938187340323385,0.8175631952716823,0.4549725639091052,0.3838311985625299,2.842968,3.021369
0.06533383794728612,0.15135377052225846,0.5383088047172764,0.530955429289191,2.574272,1.4544429
0.030155534692115682,0.7550714563371942,0.14354680090377273,0.48424434914652575,2.4095657,1.1898673
0.3800715105929966,0.5285078142439175,0.04514136207353583,0.26947730570157213,1.6603684,4.7820454
0.5199493651371857,0.8723425938765921,0.0091385554362853,0.18507861428975392,0.22860381,4.5850863
0.346258773162477,0.2820684686138767,0.8110358296928826,0.3112975557099596,2.1328871,2.8327858
0.05579172590050291,0.09552707509559412,0.6053720364462523,0.5212141615017294,0.04382757,0.734169
0.33063542565596027,0.8689127107286395,0.6329601554401547,0.15983799543319033,2.5241406,1.9347115
0.00794620335590282,0.46806023900617016,0.6193100846451176,0.708458792905109,3.0737329,1.391451
0.5688489087585293,0.15540238941888754,0.6518965679723461,0.34713950382517716,1.1837277,3.5138166
0.6034987466265307,0.710799923428697,0.5572873381952889,0.3109272194001638,3.4293747,3.2577999
0.23786824752231622,0.15911472395109288,0.5414519442686334,0.5737627279179873,2.2296073,1.8892412
0.05212231972302078,0.009195240718948526,0.7951919513827311,0.04832267120649532,0.9928185,1.4177586
0.5736797620856758,0.5642674741738573,0.2888016333647253,0.3674472674153345,3.548833,3.5656314
0.31526568446266523,0.6708299128576238,0.688660151306588,0.6494427495963038,3.0455604,1.3257928
0.3752257667544248,0.4477494660500456,0.8158913062846359,0.24206180432947413,3.9238594,2.906542
0.44360582574396074,0.6934013266616287,0.4058238107514691,0.6289173756621781,3.2311728,3.129858
0.26662523360927076,0.5110872539555107,0.012315819780719543,0.6448062052584449,1.1555678,1.8112308
0.35594601728169195,0.5337339951815895,0.01243097172749797,0.14534818167348987,1.0984964,4.8444552
0.4827052956043327,0.10569445879801248,0.30114667393364863,0.39773475204846964,-0.07225505,3.3838525
0.307162503727651,0.3810063113477919,0.4020902005331884,0.6144143275745789,3.1164348,2.330073
0.5671578349460598,0.5103524167699204,0.42135392969902496,0.6666340961334324,3.6555216,3.7765093
0.6021602754744924,0.4735658572043447,0.06357081784659739,0.5190882820728628,1.9937482,5.3077016
0.16971053998174773,0.7634446529773052,0.13823365076940705,0.7284189812370742,2.632543,1.484457
0.12311580008033356,0.2789474696853185,0.5931553373792149,0.018469872010049033,4.503547,4.260868
0.5532260803816261,0.12048888806151101,0.2718749081843128,0.3201964905211198,0.18918312,3.676751
0.597127311958323,0.027139965040344723,0.47521336238844303,0.17702139222573168,1.7843802,3.5464041
0.5936651159182713,0.5549694529437189,0.14244441302875432,0.6557073455324065,3.6881702,4.7247295
0.4212014136541789,0.19226381093922548,0.3201023788152335,0.3023292337502684,2.236637,3.5375896
0.4402815268384514,0.48399702507053316,0.8180610202734206,0.1481496504008294,4.009501,3.2773151
0.6184682151628221,0.06436536298326868,0.5293354582147147,0.6546853239715948,-0.6149223,3.6080241
0.353477821245147,0.8712509697453422,0.6946939659896172,0.1976372972180435,2.3498495,2.5632672
0.24235005072760568,0.4428999335293856,0.5539856088405789,0.4314835871287139,3.5531893,2.1988525
0.6405292622901753,0.1699212930959899,0.3532846683495504,0.4942829606515929,2.2968004,3.727964
0.30882143384979766,0.08698922076499559,0.7902717130615148,0.4892677802305335,-0.6564958,0.49462354
0.36138449063611255,0.6177807012137237,0.536833630088569,0.6939388825056632,3.5907598,2.5751836
0.6605408896261804,0.47717654840899476,0.5506367431681756,0.7355588710322377,3.5416722,3.7375078
0.07376825247996996,0.7680433958355011,0.2844720582666903,0.4465446712092077,2.3779106,0.8918602
0.10156801507304457,0.2486813853264944,0.17105194037819835,0.36519614630193686,2.3116663,2.1041517
0.2891395631388532,0.8360436472066093,0.29170573391957166,0.12749977847436914,2.0110326,1.9549179
-0.005578297439388133,0.6732428674056263,0.12766645092209838,0.2132304170205382,1.9718083,2.0507338
0.21168726049033787,0.6011567433574087,0.7147617631772145,0.6455500482182679,2.6061294,1.2023734
0.3705614130022989,0.5402169756246104,0.032435878103665355,0.5236467431418693,1.2400601,4.582616
0.5572971879315026,0.5993139538544198,0.8085880104474318,0.2768502731587289,1.7556367,3.3018816
0.42245255344816834,0.6966958647623721,0.4833371100474296,0.2006877057147705,3.4299836,3.25472
0.41289945238858317,0.7971622315504175,0.27586826169867856,0.48066499044975525,2.6201367,2.6616237
0.1341801347262433,0.5738789856769293,0.4829695170626486,0.5068073384319832,3.779136,1.1862181
0.3451756969272339,0.4985670153865458,0.29590908609865135,0.09363719907953866,4.66284,3.508525
0.13349813935725308,0.4530894211639183,0.035644189831339705,0.5505254115288674,1.7712859,2.719797
0.5650384340244214,0.9097072309464187,0.20080369522970215,0.22213611562809407,2.2704248,3.7434895
0.3936720014315342,0.18285967016836396,0.4279582689334259,0.38318035785307425,1.8934625,3.0067403
0.2261687990822241,0.011675726792355817,0.07359666446822405,0.0027286905024582952,2.4777043,4.142013
0.163656151590224,0.7558374715736391,0.43916222409336775,0.680256723109973,3.3039417,1.1119972
0.4202646906257733,0.21361687201058446,0.13300185933902617,0.21841070598446358,3.0636787,4.116124
0.36646888252815135,0.6472115786046403,0.4731641716762662,0.6632944574918765,3.7062912,2.5272696
0.6559675434052138,0.5133716346300624,0.7116345819123798,0.24558564543323033,4.2806835,3.6073306
0.04503716303924095,0.3270818726478603,0.38846358999097913,0.2788077160312382,4.3309875,1.6233506
0.6530002151690656,0.07492710786231194,0.10538383943032424,0.324234491482851,0.42747423,4.2484565
0.14293087988362863,0.23989833657107226,0.7259878427797025,0.4450240888754321,1.6682578,1.6813823
0.39294890053549103,0.2635653243598605,0.6813276377460366,0.35431383281438456,2.0109832,3.081523
0.0012047481212709224,0.664577563296354,0.11646052254415473,0.5978328066110092,2.0698917,1.4726906
0.39877330378502646,0.6047778223111122,0.7783480078056243,0.6567011058532454,2.196538,2.8092813
0.5790684782060774,0.75057458333054,0.10028674355846745,0.07510906571881604,0.7892378,4.7053194
0.3280527583096315,0.22794827596490036,0.452791244046472,0.6871172781518734,2.3667483,1.9863183
0.3524684382052626,0.6667923543606331,0.3009632844436463,0.5709070508221135,3.490329,2.6042807
0.5186105597660778,0.191554451947565,0.3449661502778903,0.048544565122798505,3.79106,4.0548162
0.05986497789628753,0.810840187119127,0.6533983480332863,0.5460106378551857,1.408606,0.6702031
0.5962404222468463,0.7425184343784007,0.5809586845786181,0.6972556289027866,3.3532615,3.1272118
0.11070136446686223,0.8370204333780376,-0.003920625983453283,0.15055088371604858,-0.98236066,0.14274825
0.22140320177414036,0.382882650623381,0.19460074644193737,0.6844861764798197,3.5976691,2.661478
0.4337194476126052,0.8206810466817139,0.7615174366107468,0.2105084546596799,2.1208436,3.016355
0.531473771583967,0.07953388615721907,0.3702535416228334,0.46701415597810825,-0.100865304,3.5840628
0.5036194935681116,0.2773977434951219,0.41568993905918844,0.7332692272400981,3.0339143,3.8221521
0.23486864314606914,0.1363026254421483,0.6575835676843454,0.016282148465643922,3.8107352,3.7584102
0.45637772255536785,0.10771595670588437,0.1861912449999355,0.2670615598949514,1.3491076,4.1340523
0.3502626144714828,0.8214737705896432,0.15159443593390862,0.549154257561685,2.34962,2.6446695
0.6085559339486597,0.2597170381834247,0.36394278123950885,0.08361331738405292,4.187569,3.8623667
-0.040097783913839544,0.716851993982367,0.28606477868947133,0.19416986903942143,1.8927375,1.7823077
0.2064852843797671,0.04488926196191918,0.00580058815955429,0.13435551258705333,0.44983354,0.8495086
0.42140682392382606,0.05414165438212517,0.5760137281663079,0.15718029324046912,1.6260608,3.5484288
0.101937737133188,0.7249208973904019,0.17255820731296548,0.5744057736467874,2.7365067,1.3801348
0.16080131574374645,0.1609135794311836,0.45083307230318437,0.6950294601683598,2.9183915,1.7491597
0.015218014450112685,0.5357705416656303,0.7369782270160317,0.682698533939483,2.3879404,1.3046445
0.6233906723694569,0.16578322472261015,0.4147764643141129,0.4969820137080889,2.3036325,3.7485595
0.15900210412642002,0.2425874798230073,0.527344861381038,0.04684291005497858,3.695599,3.0351436
0.133172044159295,0.283663012918814,0.7396055019200356,0.5086295825957761,2.5762827,1.8574026
0.390596805024389,0.43131716190677466,0.24914646136937255,0.011721028996086498,5.585055,4.9862647
0.36993301869066314,0.30444255514847424,0.11148064610890178,0.11612092434353176,2.4763794,3.8450935
0.055487977845828235,0.6914667018619823,0.26184366596031755,0.6172492005453091,2.7112896,1.2925403
0.2605004476289776,0.4182019759781131,0.23557096350062354,0.4401226736053744,3.914729,2.7307026
0.3604910173812453,0.841001133025865,0.7545730823348098,0.46111100587684556,2.1060433,2.3384774
0.34421540203299134,0.08308154691741022,0.20603928304663893,0.17842569858854587,1.7728249,3.3198853
0.48530019193405566,0.4574615100065958,0.45348922506791456,0.007856127177756599,4.9257946,3.5994213
0.23622682356730962,0.34506669647117955,0.7413496175782804,0.47520835822537827,2.5741708,2.0454693
0.5885920865661444,0.5269537143422655,0.014024696601206702,0.35702424657376497,1.3192765,5.3840775
-0.03594360005889857,0.8523714659865107,0.42682506150437044,0.2592933865431047,0.3942381,1.066507
0.29887805139871887,0.3996749043746545,0.5032291357313479,0.3551054919177589,2.6362176,1.8519874
0.19901629289565181,0.1768478600283897,0.05677980717457548,0.35831560813713687,1.5982162,2.0068703
0.16494434463171292,0.7943720303627424,0.7714731288720087,0.30784388328917356,1.8701684,0.5585546
0.5028952992990967,0.11820382435648312,0.6950292403722113,0.22737344385518954,0.92875636,3.410433
0.6121427871119539,0.3584164510514967,0.11883840592859193,0.03212003335528983,2.6151903,5.9302397
0.634935454801384,0.48513831578771305,0.5302853235147915,0.4069858390129206,3.6058195,3.7019207
0.6640875763054271,0.20422290566203144,0.6108001446021271,0.22658638588749455,3.2224946,3.65418
0.2305248143346883,0.32900507935396817,0.6132433548839394,0.3153558401157423,2.9508317,1.8703253
0.3675180805920052,0.7721839321127434,0.6723158260044796,0.6013242555979141,2.9812694,2.3831675
0.38668397421056366,0.46225084272039096,0.4989193510079393,0.2502311810276447,4.987835,3.4818184
0.6344599048017253,0.024814794010817095,0.4456070056063542,0.04028477798997039,1.7341564,3.9746115
0.39557259763610786,0.7348103746950729,0.08691764984638754,0.04967227503210439,0.79757226,4.419562
0.6301992096277514,0.2548124113330942,0.7242519853738018,0.4899202775455593,2.3233604,3.7321353
0.16796969642431892,0.4762190171930203,0.827124882724973,0.43096595550670774,2.6658013,1.0650346
0.11265048886421324,0.8068188573348062,0.05309070761437101,0.5365574207266127,0.5125044,1.2234832
0.28691942743427257,0.30408113011444005,0.5534955923967256,0.12482386663193143,4.0839524,2.6628232
0.4013508958136882,0.9075571857248593,0.4971027337057989,0.16647168633347592,2.4816403,2.603104
0.2700783236910136,0.022718654153982717,0.7288975002513338,0.6746076378781002,-0.5888164,0.886302
-0.013341249955460592,0.24192948557077368,0.04759181417720726,-0.002273992052486448,1.476529,3.6560743
0.2981054460296151,0.21495189507948884,0.45609491715372,0.12444027191235835,3.3428526,2.4910507
-0.00792070100804737,0.39409279474374037,0.713080637857652,0.12578316547535384,4.330254,1.7806509
0.04137969973912667,0.48955064958606903,0.3559310209808036,0.20544506985729474,4.2591887,2.4061131
0.39140709864103723,0.2338184501187056,0.20386208828565067,0.4641292287604462,2.3517087,3.7771957
0.5097487841963055,0.48154086497109044,0.5652220319625033,0.7002376117894973,3.661761,3.764197
0.31407722697738394,0.23482968869372717,0.5070660781312198,0.12109148885101548,3.3489928,2.4842057
0.1708181910433466,0.6063701856558633,0.4659359930465258,0.18877003553676333,3.7760491,2.0474768
-0.003248888597513995,0.17631712818969889,0.19360711203405376,0.051183512736555636,3.99038,3.334768
0.48754355805338917,0.5184460294063484,0.48947530741789275,0.07308329931395172,4.6400676,3.938426
0.022710938418620666,0.38742762216503485,0.8194223083026005,0.19626757008557494,3.3074899,1.1326216
0.5111134583020525,0.5728957681727448,0.5394382245000342,0.39190147012580706,3.5052078,3.4722168
0.05811581102763626,0.25002569860520274,0.4450752513432899,0.257215729290634,4.266224,1.7967441
0.45920383236638823,0.4905208861784238,0.1309643507469417,0.5205178004427541,3.7909884,4.6136646
0.5865244599757327,0.374538146806736,0.14695271750566627,0.5862917443283086,3.3711338,4.5349345
0.33427758584595335,0.6686607774780641,0.7204250025937764,0.4300188191764957,2.5270548,1.2679687
-0.015299371878336271,0.0028063956402426767,0.7625268935395934,0.47360114343585724,0.62123924,0.621016
0.5005696887164428,0.6262473135227395,0.5407872589169072,0.5625663891382222,3.5166466,3.133939
0.08527355009667208,0.5721524929841223,0.4817217556522395,0.47471817492496104,3.7334206,0.92346334
0.09609172820198818,0.4344672950783643,0.4723294443654038,0.4704876630601961,3.8544304,1.7463775
0.17268561594839033,0.05610021215674819,0.8254515858388254,0.1281383448593941,1.3440288,0.77925587
0.2946168118888594,0.20811487547619828,0.04714225300684209,0.39565821766868103,1.2906588,2.1309452
0.4424393920366015,0.046455512053979305,0.7984936874548637,0.4808811125910134,-0.6392253,3.47085
0.3687690417331329,0.8862044791766881,0.40628568858793807,0.2353913730155045,2.3407183,2.4877353
0.18543086969166966,0.7410023283865207,0.6379630328104267,0.02162897174941052,2.8048277,3.5174162
0.06881850435921157,0.40694067683256063,0.17301594936631204,0.41441265435606883,3.4058383,2.34775
0.329427375503631,0.09804616228233277,0.2984385101367869,0.4415602030598007,-0.093779355,0.9979281
0.5836531690800063,0.3075685960092937,0.09276509814080545,0.16760101644558864,2.2587411,4.786439
0.2774650806277795,0.41196299646338025,0.22485088041925735,0.2095943478728976,4.9530163,2.987192
0.5150729602963076,0.5531974455761786,0.05790157951610459,0.04367625493883569,1.7130827,6.391856
0.35231130219519385,0.3014051049619948,0.08279085668147274,0.5887079114467334,1.9905579,3.945509
0.6150986654710977,0.12983113380025596,0.6455001585256736,0.14237905580503787,1.6099676,3.4211996
0.6099453188177015,0.49312587385814854,0.8002345716669356,0.6206667795080988,2.6021001,3.495187
0.257778788858167,0.12709327516738944,0.7020894446115558,0.6415547254446973,-0.7014592,0.88799816
0.17823435089493428,0.8317504240899308,0.2719129270841377,0.0680563319275501,1.9709088,2.527076
0.49431644059282925,0.7469124374342425,0.21857738558754342,0.41693661060356263,3.1666422,3.9699564
0.30850492639240107,0.8902803709732829,0.6877770229003722,0.2820065535553561,2.5234528,1.5533253
0.005679421572369996,0.8639357213029075,0.02564029910839938,0.7302885211513297,0.26247224,1.0305231
0.6431260664702158,0.0904635997339395,0.789707357708534,0.5195544159266375,-0.6392253,3.4765625
0.3291547627870761,0.6754280513390402,0.6218930172189389,0.5168067802282529,3.363726,1.3784235
0.42466665984659735,0.03002635770357642,0.0484152689951039,0.20397030105471048,0.81574976,4.6123796
0.3887667662117285,0.02015361809802446,0.46791130264993047,0.17528087273818818,1.7211603,2.877044
0.573579396066437,0.6631071658745864,0.47795887176461055,0.062078488467048165,3.541808,3.1915596
0.27570829128153035,0.1641613077282663,0.23711546951706133,0.5579836024704542,2.5249176,2.208415
0.651326678633336,0.649226079934233,0.7741693843277376,0.16466733531900743,2.5922513,2.952524
-0.025046643513312362,0.1323122472585873,0.08826799314173556,0.6278011980470999,1.15834,1.3865236
0.020770610968970635,0.3963907691834299,0.3976002871521429,0.406144706679759,3.2705586,1.3643357
0.6677873277038237,0.061419675305320595,0.028023081137639478,0.3794471619108225,-0.42198804,4.663813
0.2465644960652505,0.07573215170909688,0.1825261428498876,0.41161552309666555,0.2946428,0.8469884
0.4413330896661365,0.9030289630808824,0.16198844992958225,0.2371323144182363,2.1251597,3.4431078
0.653599132138926,0.5887026882198318,0.14126408270323398,0.5452030066551908,3.4991465,4.4000297
0.5168647459576801,0.18383523644858313,0.5073531295478062,0.648648878189786,2.0412543,3.7669954
0.15649094186822066,0.2118689631037534,0.17500424608178125,0.05702807231442904,3.2350345,3.6190429
0.5267849374445845,0.1417868175071936,0.43541685556610144,0.1202847212274855,3.9152792,3.6106133
0.2777243175486851,0.015399245987863798,0.0801352612172621,0.6880704162870249,0.75779057,1.1377039
0.1058158804567227,0.29551981485631945,0.07670475705265381,0.37997436069363594,1.7509484,2.104291
0.46256999491474565,0.5652080315740902,0.5283205870149574,0.4448307829141732,3.4474564,3.6487489
0.1648056946525362,0.26514535284591695,0.8061066361691904,0.013778021329053886,3.7027168,3.702098
0.08477339029933618,0.6398673663358906,0.6688826321008143,0.7055364471706922,2.846715,0.6571134
0.15313019700990266,0.7670863667629749,0.20565200478519513,0.28655238427228025,2.639295,1.5076555
0.18871962531673242,0.6675840083823367,0.616990452034424,0.7311950880327729,3.3835394,1.3643918
0.43005453117197684,0.19746647519647195,0.708659860904861,0.34923214471950814,1.1972011,3.4759164
0.6622347907300223,0.31275182304816473,0.3899194486203286,0.7373927908066823,3.0893188,3.8015566
0.2737656374357764,0.4028676554902848,0.3127091640208788,0.3949959632238406,3.2884855,2.0898294
0.15490732534752782,0.593075508541156,0.6905148897251233,0.6914347423652142,2.423433,0.8078554
0.03629609593338916,0.1865522268474773,0.303376681230056,0.3015860679256081,2.8208547,1.1641
0.23832537214560606,0.27284694548685484,0.3825726917347127,0.18328213552726663,4.043399,2.7455595
0.501223092741468,0.30061678624571087,0.7426609035427939,0.5500878094163916,2.3233604,3.7321353
0.030584866592701626,0.31951299090012836,0.41843208029109147,0.6993726988491585,3.2976272,1.6065782
0.3161136052653781,0.2743171271407717,0.5357164210936659,0.41615924988348013,2.6853468,1.9274127
0.3382815853335511,0.33706015150530916,0.3944279508960151,0.3507201193508886,2.5594037,1.9046209
0.5160833094917009,0.9066998584990167,0.2937082866463801,0.07132389726760377,1.7896603,3.0938866
0.6198939742253966,0.07869890057079106,0.3951260210143806,0.7104950437462555,0.15880443,3.603812
0.4505793048758096,0.26875894440673,0.7188242535796774,0.10581612390908757,4.3273964,3.577394
-0.01710422651399498,0.9126867778227072,0.6371916818713323,0.19492477987525103,0.19890703,1.2647593
0.5711691910283818,0.6717420470968443,0.5709495416032149,0.5925076003767481,3.5618534,3.243852
0.5070534698845943,0.7018814565472753,0.5313489094403616,0.22956139875452897,3.3973272,3.1815126
-0.018192212946280262,0.7288668724305473,0.12089477460255502,0.5847766382548283,1.6774563,1.1696105
0.10083634568079246,0.37242867435023747,0.21369375453512948,0.34531298839240954,3.2197554,2.1426904
0.17018437026072208,0.4785252880039478,0.29101808046744837,0.17934864257036762,4.6595564,2.9321554
0.4466772777415002,0.6606995217888633,0.3919055869089679,0.5434477029448168,3.4592412,3.18066
0.381112049292787,0.2068444979816622,0.373308699665001,0.2581819583019697,3.0418284,3.1925087
0.45333343978460056,0.3444719446154623,0.3813545978839849,0.5952077213695822,3.0198662,3.7968776
-0.032239023040696854,0.2804683967314844,0.8174204401924654,0.09898494956778595,3.4731243,1.1170831
0.2847509286503899,0.024500679384659847,0.5847145693312445,0.5317190783246744,-0.6130703,1.0248811
0.1944115674633452,0.8913746332029631,0.19991414581962114,0.15438020292791305,2.1500387,2.0247307
0.33552240110680964,0.8632059482054292,0.07214980713689026,0.15311225188425534,0.42689693,2.0362642
-0.0014415540563275583,0.5681075213827718,0.5222342174554613,0.37523063869427503,2.4380467,0.8192394
0.07957973065146222,0.050301597437951755,0.26283327903404646,0.5550365277811289,0.5572825,1.1415262
0.5795155209759598,0.6085254553231678,0.24035036686731792,0.6057635394872076,3.5237112,4.5086393
0.3096695684386897,0.589164409169912,0.4901037838175779,0.0916792433790935,3.8085287,2.166685
0.5327678486842423,0.5168534078285583,0.36883291205528984,0.6521548676842471,3.6629941,3.770984
0.34871240362028344,0.2004632568045276,0.5981610999178716,0.14460625617324213,3.8268535,3.3219852
0.005223468597610914,0.43837486168213985,0.7422213213829354,0.18980840160075155,4.398708,2.0067966
0.2168766129877162,0.40589423431420163,0.7404992136022369,0.7113652823509522,2.6796157,2.0610712
0.016928451537443753,0.00864860709028378,0.6302572114492913,0.7398714890006601,0.15435398,0.55345756
0.024153755820656694,0.38613282953624156,0.7634311560282894,0.5380657824787143,1.8966839,1.0997428
0.43237589334191384,0.29600255544354964,0.5559547088422684,0.7070246042838509,2.859521,3.8187532
0.19984949612288055,0.739234939700842,0.5210323403531937,0.6216327468969397,3.4475884,1.5919827
0.5307973499793127,0.6223892474302138,0.16259205988044026,0.6404811227380339,3.3973563,3.7831545
0.4105997153975327,0.720679580416701,0.3466302537452608,0.13883886732542908,2.893348,2.8435888
0.016380390299157804,0.1778112750681086,0.5865421730230577,0.7065680864053806,2.6594095,1.3709124
0.3055554485107379,0.39275153192777834,0.3652871200110647,0.3989128747904137,3.1515157,2.0921736
0.4703979689314592,0.6104516093683696,0.8251219875463554,0.5155506599151092,1.4404631,3.298027
0.15236778110777088,0.6847562614792281,0.7521325038645993,0.33410281378162004,2.0828593,0.49633768
0.451803598149997,0.29290031203986866,0.24007107707184794,0.5682800203887729,3.1545198,4.423646
0.21255037709753927,0.27569428539280694,0.45046224123661627,0.1582313898093365,4.207801,2.7228818
0.42641098325025234,0.7976227574766115,0.2944363979118288,0.39166342383924,2.7251391,3.0118058
0.10792480146550514,0.3912496998030237,0.41277837758687314,-0.0019287599810511686,3.9356122,4.266971
0.302775433309643,0.3625640485992433,0.7075415872355346,0.6128096130805969,2.5009224,2.1488347
0.4478722389570167,0.5374981828260337,0.44896816725213545,0.14358610025208696,4.803518,3.7629933
0.6664139988366431,0.4654777017179407,0.06558777860128051,0.003839232520062033,2.1905315,6.2502265
0.2402857294487919,0.6197635826063348,0.12720809468599006,0.5778376898825982,2.2723024,1.7849861
0.02858558758566604,0.8942624217730223,-0.0016823598988793941,0.33078671951025984,-0.88380784,-0.5819444
0.6262560255360987,0.30952052395646723,-0.0046795362925053366,0.361896916148967,1.1333885,5.005148
0.22768671052938422,0.7231252568157808,0.13939417376451615,0.5116960196518411,3.0098605,1.8165526
0.11411715895432555,0.5703226009905492,0.21653230490040049,0.6241648028093034,3.4196606,1.5736102
0.5909190622631577,0.02787136504378868,0.5834150987228176,0.6370123475204952,-0.5982944,3.653836
0.11805390271992981,0.11956189331791361,0.07000207202800415,0.038389621452677644,1.1444124,2.918296
0.1795770840916373,0.2714131863112055,0.20104513075079333,0.07611238905147802,4.5127096,3.38582
0.5487160905162637,0.781213820499909,0.36626875000885406,0.5903649962069316,3.123215,3.0158436
-0.0005723360951170389,0.39044179307190674,0.18727211617356546,0.4244993978363429,3.2349145,2.0961847
0.25622376844235245,0.37550873881389873,0.6356890345050751,0.6330370520096191,2.503056,2.2061865
0.027994947493513292,0.8701739772021312,0.025850560268125333,0.19347806146025653,0.14736387,1.7485356
0.24491526722273255,0.5244559111526995,0.7388577499132515,0.4652299752996859,3.095557,1.9727205
0.4972425671972844,0.4395707578065649,0.059702746754906215,0.5843888125092174,1.9878845,5.1775866
0.5365127405149364,0.3984897035262747,0.5110430268195039,0.493389468592612,2.9373562,3.8950307
0.6248441878351828,0.8854621786018243,0.16563030281877303,0.6593838657053234,2.2711413,3.441523
0.2568892748450246,0.5119409856094541,0.2582731477759936,0.5728567359232557,3.923742,2.8193774
0.48161313532953626,0.5625420939992907,0.2240776259723218,0.2922668273736208,3.9906232,4.9736323
0.03391050050853965,0.5800799161874616,0.04990408614948661,0.07711236050898812,1.5448836,3.1654992
0.6423880080490219,0.18146024674902772,0.3239409787160956,0.30099669610919305,2.2429733,3.516423
0.2682907646041761,0.7235933557335235,0.1741503279406743,0.638076754409529,2.8980732,1.8427184
0.6484286545478469,0.5317585769101127,0.020070852261640425,0.5526861125210051,1.294243,5.600519
0.1045983647365752,0.05950866351973051,0.338685791314578,0.09553054809145525,1.7085696,1.4709654
0.6392389073660873,0.8297087951938029,0.7555920113643665,0.5348061305612137,2.135256,2.9447494
0.0392966700238927,0.17419034010336307,0.008746706312749,0.3886011916760767,1.0230286,1.1287035
0.5441266320707849,0.4461315396391599,0.1261073386371693,0.6821043465140414,2.802975,5.260294
0.1455319062664041,0.46191831525888666,0.14900747299452963,0.5325597604972504,3.7832901,2.7445638
0.14417130371011805,0.5669600239093082,0.508157906906621,0.6089406096217058,3.479742,1.3456055
0.15153788212022073,0.05063569941516924,0.10432070175190072,0.2330706434287073,1.1313465,1.432949
0.09165641155355646,0.48685486296429326,0.5402775016517517,0.3602775896067412,3.5754566,1.5261633
0.043157063814792535,0.555712461843017,0.6671983124172846,0.44239969819181274,3.0643237,1.3963624
0.07894860319881535,0.6501417670131322,0.12555239195056137,0.5956863010458013,2.17857,1.3115791
0.385096743578218,0.9173091608234483,0.31507863109686807,0.26380214871997165,2.3278477,2.4905558
0.4391345073008627,0.5595307078020979,0.41767987934922635,0.362278509498087,3.5913477,3.717126
0.5557299918172531,0.1730235803489514,0.5802033196195652,0.24260357473521835,3.3081224,3.7129495
0.5746758998469448,0.9009403067033447,0.46388562758824026,0.017139262228222134,1.91875,3.0504658
0.04035582490637192,0.506259626888283,0.6996016235248218,0.14144171932063132,3.9873898,1.873897
0.6385809248806907,0.7620032010486694,0.23415382819483627,0.28991677625737006,3.1489782,3.6639087
0.3143005951738966,0.7591792514338921,0.2184556276283968,0.6478300902408944,3.1832948,1.802999
0.48236027593690983,0.2512161127863431,0.7753873431479662,0.23622783709141987,3.116162,3.4962947
0.5919551647297596,0.14020975788179346,0.573937657996523,0.18265054266233754,3.84569,3.7576642
0.48060123331991006,0.8748677164013413,0.5730960193472543,0.07046605943729065,2.2958786,3.1666248
0.08918490062169003,0.8147382740162514,0.4606011977852293,0.22039556987218495,1.6432908,1.3712021
0.5493046175583854,0.3386325817881623,0.5166661851794088,0.4475753018783377,2.812422,3.8021004
0.0906389311653603,0.09272874584851275,0.5551534704710708,0.08855605575170733,1.6684098,1.3252542
0.45866474311183086,0.41159937849709033,0.5593628924684722,0.5835129339970859,3.5430238,3.9500248
0.6482718235126658,0.7191439294891689,0.6912817533735199,0.692426076413813,2.4104605,3.085427
0.41017965521307004,0.3154938656335538,0.08148323365261798,0.3637138171058758,1.8434483,3.9575222
0.4717927676961661,0.8893968771200235,0.23112723699673993,0.21177945360650488,2.2636824,3.7561116
0.5526407258210226,0.08495773763472664,0.6482367320567405,0.12238639082310085,1.6099676,3.4211996
0.0724477879458107,0.8224903997138167,0.4601166922812108,0.4988132775824692,1.797035,0.87122065
0.4607059208319429,0.5577427466623724,0.3272841537319366,0.5049075873699158,3.6657908,3.7768211
0.11576172930540805,0.8247525338685696,0.20177755114950058,0.46223802235736144,2.0958176,1.2991678
0.22578182303155786,0.22684701121442852,0.7720832201660611,0.1981707843670266,2.612658,1.7170366
0.6628719232767418,0.8883482303667745,0.06086974854274176,0.5827420783785677,0.73128307,4.26829
0.3760568203066627,0.04324790398904443,0.7671103041286775,0.3248478901853428,-0.3165387,2.4317534
0.010485409228456977,0.8342457395209115,0.4320362084043636,0.28518546536843553,0.81728655,0.85432726
0.011826798947539532,0.736730963933821,0.022418426549846743,0.6996614473087713,0.45923623,1.049887
0.07183977222524858,0.32725649934183293,0.6125707764238881,0.40360743806618965,3.2099059,1.4864144
0.0247854967527337,0.07262846219149428,0.062281737649244835,0.6434415298681958,0.78846407,1.0985203
0.03295815874162342,0.7054121919988265,0.7593092915334759,0.6004966020553346,1.4186074,0.22560005
0.3321424856033816,0.039799787533632495,0.7330102589149943,0.448454677538962,-0.66983575,0.88799816
0.4385268606997801,0.3950163441240216,0.7967131567118506,0.6349680168257291,2.2507343,3.782035
0.2971140256248467,0.202181299893269,0.14031859051623058,0.05386988635320042,3.3141382,3.4679568
0.01283522851354095,0.06597300608562318,0.7993742631239844,0.4963364097621411,-0.07348911,0.26039463
0.12859810126049948,0.7687356694416477,0.0644131374797385,0.021751590602445817,-0.057561852,2.4799387
0.46833483959985983,0.7696698036808348,0.22603885179721694,0.2226964192127307,2.9535878,3.7595017
0.6619001448156221,0.23180417227201444,0.14446793435756014,0.618096085988136,2.3437636,4.2377815
0.3869695314634085,0.5917687905966775,0.7846163068469983,0.6853016900084473,1.3901118,2.5634818
0.25838511148231424,0.7652113482857676,0.6725013882796865,0.056147153859177054,2.7484381,2.3193226
0.20921819869930736,0.12400327220272744,0.287424820058971,0.48336513049254753,0.29007912,1.0045953
-0.010949605504336497,0.5833916637659097,0.5017697420265084,0.08895310511997598,2.4924474,1.484112
0.0024531933137329487,0.016251395029806714,0.006748699245891031,0.7180281204525388,0.10941261,0.23023583
0.5341640881485813,0.7587131009204267,0.6806212992449772,0.08208145485059304,2.9343526,3.2576656
0.18149280616123398,0.7644467008028762,0.6693184027744439,0.6091611027219084,3.0945075,1.3252635
0.36244628926963485,0.12242089242097652,0.7564968092056148,0.36945752591556674,-1.0966594,2.4495354
0.3065549672911148,0.3844933311377644,0.09671478561579966,0.08990642672297558,2.168198,2.950225
-0.0054225320359829465,0.5490638805477519,0.10337124271173626,0.6578381348637675,2.5912442,2.3129501
0.021343330353031445,0.5960456188387744,0.0903017317231767,0.22549140215158592,1.9991642,2.0451248
0.0933521853532271,0.3000232652027297,0.648899977806638,0.32981019163106795,2.7598343,1.3080581
0.21742584276202703,0.14552122531980768,0.5602364720737819,0.12007032324131235,4.0549574,2.4975429
0.3058960147263125,0.12908096754881027,0.3104637631676601,0.19272792504578265,1.284713,1.5596741
0.28187035339203487,0.8651601646068416,0.46821667226185176,0.12622371176931246,2.2448413,1.8816547
0.3694465855853834,0.16892192029710523,0.7768282933286762,0.6264164231560496,1.4270024,3.161761
0.6596427696553168,0.6865588384082684,0.7503928784816906,0.6628017720421776,2.1242778,3.0646417
0.12461872858280519,0.5514133741979231,0.430609181470407,0.20779578647416744,4.5383587,2.6823163
0.5120708557719769,0.06325058281253881,0.5012337103457886,0.2496923868093381,1.1690246,3.4451776
0.48973263523902794,0.6818782713380628,0.06689828591261604,0.1432715492981693,1.5171245,4.6569896
0.5976779076313811,0.7320382641133832,0.09136594217437519,0.03456549960609526,0.9888691,5.389154
0.16705195894492797,0.42358420487597415,0.03372041965028359,0.5927149311736581,1.3382728,2.7342145
0.1172407309320136,0.6637274189645948,0.3329403970216784,0.45180129635501604,3.4916425,1.071784
0.18698466066316327,0.6024419409899949,0.6741938042349419,0.5767196881828426,3.2399154,1.2540985
0.41564402032885955,0.17912187669024526,0.3872866186549978,0.1460027086588214,3.779243,3.492724
0.34885783173009804,0.04706830227671108,0.16094884758727288,0.08590486923365771,1.6688627,3.6022635
0.4895714035964133,0.05541439428884566,0.6713727327732063,0.5019276329213728,-0.67474794,3.594882
0.5856887171481259,0.13561889353168083,0.40793136977783195,0.2151743487149401,2.258635,3.6531887
0.6274803010806658,0.19596785911584033,0.7048178115845092,0.22866753560754807,2.99096,3.525602
0.4353016984962574,0.534305557808294,0.26215352767584754,0.09696150957035866,5.312369,4.99758
0.43600508507972197,0.8482555127738327,0.48879028815741954,0.019487049388222925,2.2462485,3.1518211
0.517945528007129,0.13903992691538733,0.5326243227374344,0.37363526474417663,1.5164261,3.5281055
0.5675630708440657,0.4549134656051937,0.15369553924908427,0.2630745411279939,4.8691397,4.911481
0.09098014241491824,0.6202362026769827,0.49493906524071324,0.6310914549654396,3.7415385,0.89923286
-0.04520370229001096,0.7781450853970163,0.35392660696497447,0.3411302497497487,1.1958902,0.8492021
0.2806350103005073,0.9165955979959287,0.4250886709632294,0.6587025486596989,2.5496724,1.5091136
0.4980080608934911,0.5482875362689978,0.780131643647221,0.6860000012076553,2.458697,3.6009505
0.4036787475650006,0.9037608760497887,0.5852522649574123,0.6295309152726262,2.8263505,2.411584
0.04664357845688197,0.3504984186439705,0.6785068208202378,0.017707361043806956,4.0828176,3.2833364
0.07079477303115647,0.7899316131828164,0.7801067278980915,0.014925246959285113,0.20062883,2.1115298
-0.022769747550611077,0.34004726880968555,0.15287078241748558,0.48835074735590606,2.9451458,2.292037
0.4566403588397057,0.7805619954675231,0.1593368144898795,0.7251713992249171,2.8184862,3.4210887
-0.001958578652055877,0.4548006815153822,0.6750008251550326,0.31013106379069305,2.7131686,1.2447225
0.1369656509804123,0.11106340348564016,0.176835714275311,0.2987795997388548,0.5516288,0.79259515
0.233776363814103,0.8581331522042112,0.7540100449344407,0.0717221000976888,2.013711,1.891438
0.018343592074301487,0.5228605437946751,0.746935635329008,0.6384256815504099,2.3695726,0.9003353
0.4660240116837266,0.7002635667787105,0.16476202217873692,0.3429001452972745,2.857701,3.8094566
0.20651503800596416,0.29202021250245536,0.67615286789327,0.14905393682055687,4.248407,2.4616244
0.02635398801690475,0.10402248642230098,0.016422688157968542,0.2242395542653103,0.047214933,0.5374437
0.015533211312166756,0.577222354792561,0.7574895658848927,0.40584091745479733,1.5150023,0.11087985
0.3737308221796948,0.09404044447339861,0.3350576666570978,0.5163849102452936,-0.12225638,2.6942217
-0.013735922250010926,0.21022228843330945,0.4359495279838124,0.31213266045314647,2.65208,1.1838516
0.06288759899891572,0.7440820622723712,0.623490218813604,0.6493850130359715,2.3379328,0.61273164
0.11514786056752734,0.5988699974750565,0.0951754167730093,0.736493960277041,2.075984,1.4392171
0.01801358856295343,0.7542670684372337,0.22930312721316293,0.5800602074938273,2.1170294,1.0901213
0.08170204932046539,0.04577181617244929,0.07869480989795184,0.7324284496134005,1.0179812,1.122387
0.00450825437209839,0.9108806825327338,0.09838725125738187,0.7286639637546835,0.29491812,1.024551
0.49890518584616544,0.8611290084135458,0.15619424144299746,0.011062786178451318,1.6235064,3.8937762
0.34278699876006047,0.44249313897084,0.06786788612362275,0.5538741024021584,2.1052032,4.311477
0.5902988799594451,0.43350592079101036,0.22752526938646217,0.5373317366982671,3.9151466,5.0948987
0.2923347716835739,0.49931515349196387,0.24576189526997513,0.2305457428134561,4.854445,3.2652347
0.5985644951344355,0.6806797054185213,0.14760620792092374,0.7298743108260274,3.2408307,3.82594
0.19125386649928894,0.6247499140127301,0.3373486549686038,0.5068366787635489,3.6076555,1.5424131
0.5145650112639247,0.3423737549094043,0.5716483445410635,0.39298147776393727,2.922992,3.6932015
0.04987509660086473,0.4631581628987753,0.31751790866353385,0.08219178822043813,4.908862,2.8822803
0.1268009624732987,0.43686153015212,0.7157547294355489,0.13244409716109298,5.2588196,2.5078828
0.24135389932973406,0.17243154586393247,0.7842770254448778,0.6968210797966573,1.6530548,1.3467264
0.20394083139164687,0.6775961421665163,0.8219980190780745,0.3209674288838768,1.6163224,0.7365833
0.41889674778178315,0.031432177926582636,0.7875912315885886,0.1314219338032718,1.4343525,3.0972593
0.12168699097416293,0.8662304905062171,0.03709825464597485,0.02793284238245181,-0.3044815,2.5316527
0.3193293282811612,0.09684206273493283,0.785919688331938,0.00504047997835665,1.7604703,3.2423499
0.6367786274380814,0.8431797504830536,0.18907179045106126,0.6927965645235166,2.6661246,3.6232727
0.6225991921755479,0.2194787754681251,0.0024155739668452704,0.7036464132651311,1.0699346,5.204399
0.1364245642859485,0.23791694224568916,0.06635799374433288,0.6109234532399528,1.4948866,2.3719742
0.356595545568952,0.6751292227313697,0.5939258472449227,0.5563379730181052,3.54451,2.6126382
0.47681995498936575,0.12430070961458772,0.44021544113835326,0.26748969434519504,1.1311857,3.4393826
0.11313904078371025,0.19905663415829403,0.8260969775964597,0.05038083274763856,3.269661,1.7881148
0.07303567612198711,0.07365133717782009,0.6656284944347524,0.6342704719142201,-0.20580666,0.6986461
0.08965930744757021,0.6792928218316041,0.6926448403267096,0.5025559513932318,2.3811376,0.70688677
0.5683781591021114,0.2864675359636356,0.25323437939516186,0.0576009144199303,4.851292,5.654697
0.38183850696910754,0.4327676201850253,0.588521651251577,0.6161108768229606,3.5215836,3.303516
0.5339006226768813,0.6618645736502088,0.17763044837329858,0.5610781951279968,3.3215175,3.8559802
0.08720125466772065,0.36466086123923896,0.6242569169506739,0.6944855652653503,3.1821105,1.7473258
0.4250920896512351,0.7989333742209631,0.2822588396286005,0.27935324700604264,2.430594,3.0390272
0.4638705019497849,0.8042544423333355,0.04592820316206376,0.24690433995425795,0.6241139,4.672105
0.04779980726822279,0.5980963761373372,0.5332584927732884,0.026314655729047228,2.9653728,3.8755302
0.14704900100936663,0.08048595013609301,0.24654792104532133,0.223196786793415,1.4518037,1.5855882
0.006835498521269398,0.6699779871848818,0.57901320194385,0.4458174083595593,2.560003,0.7314181
0.5869665397491065,0.08820565781404052,0.20890354855191162,0.405132139628461,0.19788787,4.142346
0.4310878457868702,0.29796253313567295,0.6189607708337485,0.4044720660913766,2.7371697,3.6218283
0.3727926939898065,0.0483579298003092,0.07461046638816171,0.21426934857689925,0.89987326,3.1298401
0.3211296049369046,0.595090043669507,0.6361422686174534,0.5662744075327493,3.1212187,1.2302493
0.39807621021458656,0.8981037623751935,0.40396269187525524,0.1192740166422623,2.0105827,2.4760745
0.3176348360311022,0.10268768528601524,0.6029449006806633,0.6831981901399566,-0.33750075,0.85490805
0.5079854074702256,0.6186023347905797,0.6144708737972023,0.025366814455114992,3.3393488,3.2912176
0.40120275983810805,0.32133230308560673,0.5639355131514567,0.6276832041302012,2.855084,3.362046
-0.028976798765428895,0.4828363342112056,0.44679794788219046,0.5218917319565165,3.242423,1.3939278
0.3841411363660418,0.07667748048966343,0.07985522929280098,0.5060697393059169,0.57511044,3.1710527
0.4539516582142476,0.5597048659063801,0.2327725731634282,0.1037410388751838,4.873046,5.05637
0.6574096343487675,0.47953926378483375,0.768332561198731,0.4693716287753038,2.5087047,3.6396735
0.3274643429319557,0.509290768570418,0.5099841710560968,0.2928645217421064,3.691419,2.0585525
0.3436091771278864,0.8625584421636453,0.7942518807661496,0.731737338835462,1.2641876,2.1946867
0.23577293711479325,0.08444982087529762,0.5223901824497521,0.6528318136865151,-0.3158563,0.9296715
0.6550816935598036,0.6130087011003319,0.7530309565006603,0.4183832884889544,2.3414025,3.2573936
0.5645106315315096,0.7405080504859272,0.2969769557809251,0.21600386566763727,3.0403483,3.2267618
0.290240785557071,0.8810774463153754,0.6831609366503941,0.006289289839886447,1.6734483,2.7504666
0.250646554617741,0.855382168296279,-0.0019341546452700535,0.4276777711029411,-0.6710949,0.054919943
0.408387862832175,0.059987051657498174,0.1784131632378035,0.5788459516918378,0.2630202,3.1462507
-0.03554071532863144,0.27832685792912265,0.7180843736951977,0.7203396225445242,2.3646424,1.4721704
0.09403965916112035,0.870007597323368,0.4254832165427487,0.03682258927683375,0.9744959,1.7101666
0.16251409354204932,0.5638473053387113,0.1793208917087328,0.3741517613609349,3.6946423,2.4272203
0.47897191890834395,0.7579501792808666,0.6259059895625623,0.5353960094090604,3.1117048,3.0067391
0.03429285483719033,0.7023273194281575,0.4373864472404393,0.6152691262200816,2.7036316,0.80053633
0.23266602292748811,0.4405777344530195,0.039494054817871986,0.47870781516796657,1.7965746,2.8579109
0.5899338886682187,0.7524874184800878,0.5520942342057498,0.594447860825152,3.3034651,3.1048703
0.5406893633786659,0.6323003681640444,0.451508514348463,0.5176621165471723,3.510938,3.1036491
0.26572004050991854,0.6882000644391133,0.3245716539735638,0.4385919546475575,3.1885364,1.5408373
0.10258163349456077,0.892531763953609,0.7910916302675701,0.04775242939613146,-0.017129883,1.1399381
0.5323157990555905,0.853474106786966,0.8035188191632893,0.6224037537135548,1.4578817,2.821393
0.08057139128778283,0.2089620727698957,0.8107155613894039,0.5427061293984067,1.795687,1.0764049
0.34487415260578047,0.058069320066078706,0.6663790119060709,0.4007499740702666,-0.66213614,2.5029113
0.20259995975349437,0.305675467781362,0.6062243139957124,0.6795414045239937,3.1676354,2.102693
0.24805391939547572,0.6551692330674233,0.458803267293344,0.6764010271201075,3.6370933,1.5063792
0.6218754700246134,0.04060824831217441,0.4913466590382381,0.724741367100421,0.17215107,3.615132
0.28226020969300797,0.753403554295086,0.044524028083743415,0.4560998889645088,0.3635503,1.803644
0.36690066461927023,0.8477569017442851,0.4866760393066547,0.6962575362884106,3.0109465,2.418905
0.6156431008670381,0.5621946183838493,0.5197881826692676,0.07459234848338873,4.3655686,3.8511682
0.19718020071850956,0.3778877467938689,0.10584703385961963,0.05186601883122023,2.5452945,3.758608
0.5129099368243725,0.005433597432140301,0.27100773242410586,0.5966684841632027,0.10633241,3.8882673
0.12978740713761222,0.7070695033216549,0.42311890275094305,0.30443506586545976,3.349707,1.1599711
0.5354769426170349,0.31989570441628273,0.37222986965366056,0.2614913710902707,4.0729704,3.6331177
-0.008330535678338129,0.8187468539960469,0.6640607369303321,0.36059347917628126,0.32719797,0.508408
0.28546488819923027,0.7800683662152142,0.34024087875516995,0.037445484753372144,2.3617876,2.312018
0.45294477070537126,0.6923037542619352,0.3566895770203948,0.7167167893542249,3.0578368,3.118345
0.5999492838474317,0.6901767501663612,0.5995031851494231,0.6136829428065058,3.2262402,3.1286342
0.42353114994526087,0.19773236398061733,0.39978574397224925,0.657356802436031,2.3608356,3.7733943
0.17875798097732648,0.16736287505132008,0.6409431590196114,0.741440663346494,1.9419467,1.8505203
0.6025953101832893,0.47433552391442785,0.09772239465003459,0.158655981813334,2.7675903,5.706646
0.5517452872103263,0.7325050280165004,0.6012296624071537,0.6232876974367559,3.2593567,3.1640587
0.2114050413220917,0.25767594028504853,0.04233668695427698,0.13060968875245219,1.2220019,2.76694
0.6401143624839261,0.15877604306524185,0.3441366010644567,0.10517288206337749,3.8833745,3.590018
0.4056961358941745,0.35802586733730624,0.3778719034078774,0.3581697069185056,2.8956938,3.2681406
0.1405438652693463,0.5495064716537519,0.322528124468953,0.6664101301918691,3.7691607,2.088551
0.20820347941601625,0.673624114369427,0.7699616954324164,0.2962481669672728,2.5671642,0.9366584
0.429591261053961,0.39754244493198004,0.26418845625552606,0.6679793062946168,3.4687371,4.9132104
0.28015071603289327,0.7783807529484663,0.7747788142960146,0.5330270066785613,2.2321212,0.9250676
0.2550779573692231,0.756309559238641,0.7295818552021153,0.5120877320281484,2.5681298,1.3000418
0.4556272629447184,0.4355517615501074,0.25110343705795235,0.530413859895142,3.9116042,5.0730915
0.4232614811933477,0.32354563108330225,0.4294414287676488,0.25984412475911944,4.099866,3.6447394
-0.022433091539071068,0.9019526275232362,0.22097924896614213,0.2398052224800685,0.55404836,1.6349854
0.3744041994780425,0.13339737587051145,0.7647586395025265,0.5002554730034577,0.76754856,2.9962509
0.41406881932516115,0.08617568854691073,0.35204260489151523,0.44891510388122263,-0.094324216,2.8595145
0.5592010563318539,0.023528925301707235,0.6308821829975455,0.6322621013537686,-0.67474794,3.5774355
0.4440568762581527,0.8760975599116334,0.2728920225859519,0.035569755650802226,1.8994747,3.3947575
0.46558293085534636,0.541423191452667,0.3415772620155416,0.676262232733782,3.7998672,3.7505496
0.32315212974458285,0.6152021771708985,0.0036219752550154293,0.7196439821651137,0.86372346,0.73004186
0.17736503648694918,0.4472698557269965,0.4053676607425607,0.14951255338372682,5.0043697,3.0365405
-0.026652059093653785,0.513899395558979,0.5906646447256729,0.7260434232752146,3.1078079,1.4757024
0.490476502924819,0.7285026414024595,0.34305652598041864,0.514552738063385,3.1171563,3.179999
0.3216924935491045,0.6833260857219284,0.5676330513973594,0.029674154683275143,3.32045,3.7143352
0.13183001425925817,0.8028220652020057,0.2814405992754635,0.2518627641748497,1.9086252,1.806233
0.18235966300601414,0.5526909447513043,0.19035856667224998,0.12276212934646633,4.696136,3.2353761
0.2130113709899239,0.368395865722795,0.7813715144097774,0.4498778877785167,2.3271267,1.5891072
0.3568207694617746,0.37072493164014114,0.37641988090692907,0.6046321143021864,3.1333642,3.4071703
0.37800090456427904,0.760745265633334,0.2539880950134936,0.0013782795236315214,1.6365794,3.2779047
0.40905286903021204,0.6113213540321051,0.4808340481106934,0.25251459121333353,4.084767,3.2003143
0.33276682652459616,0.804990570618841,0.6425836673170686,0.2045837237354313,2.5495203,1.8865778
0.3471383268650157,0.10954270839733914,0.28947796106652984,0.06874386376903995,1.6515201,3.3220844
0.4330669062921133,0.17123621385634533,0.038585844542686536,0.5228498368582679,1.4810914,5.0280538
0.3793341794123663,0.7840581882429777,0.08493274627519261,0.21927211864733936,1.0266432,3.3044024
0.23951840086016135,0.8380795792588152,0.32126353388628265,0.4584313857506654,2.6732328,1.5751047
0.13557859246635234,0.7473933462055868,0.054551868644464346,0.4529331812145078,0.6962349,1.3966529
0.20006701024775186,0.06232359465198623,0.6394279566004398,0.7237296097673412,-0.2858831,0.902254
0.3013789121528547,0.640818688368216,0.6203040075974565,0.42497806749759626,3.4062376,1.2921299
0.2955529030095744,0.3613487084440323,0.41668498975059826,0.3881373930507045,2.9613316,2.0062656
0.10859947954851105,0.8061280282010697,0.10174292667726184,0.24506593405668334,0.58160144,1.4468039
0.09283867981379475,0.6277734019359243,0.5453521851199216,0.02299195708111147,2.9570873,3.5147777
0.6606785653730048,0.4941968140928298,0.31409882771754977,0.4330382169408718,3.7456028,3.749124
0.6256973363264315,0.47556261233500957,0.16775119885176287,0.16872741971357735,4.8899493,4.7349224
-0.04190857351797387,0.419094358939108,0.8234235246592956,0.14059375472057084,3.8843193,1.4018757
0.1308545489161959,0.6421595049246825,0.21038763772917646,0.5534887285019144,3.4380796,1.5084664
0.22994272142053557,0.4377109962982266,0.3905151246588098,0.40166924948087973,3.9040725,2.158287
0.4577124651669479,0.4098589572352238,0.24315052989175634,0.3065329178362214,3.941214,4.8870187
0.32641513998241745,0.14785764932803439,0.37372702098678695,0.3809277949338542,1.8365701,1.6960369
0.46927562506278525,0.34754653140406044,0.7314978038395104,0.6300921416837629,2.4129984,3.7321353
0.5716095684840847,0.46735891811188973,0.3114851274475901,0.3379790541356127,3.3825984,3.8102021
0.33498899598673787,0.057790944363285315,0.6434179609333531,0.01461014182481788,1.8949162,3.332105
0.4416643183407565,0.10323422164573424,0.26984891447963993,-0.0006548881846304071,1.4937629,4.364749
0.657837506808446,0.23634622813065506,0.1830297203567746,0.25104610215516,3.163846,4.127117
0.48491035169558455,0.6541472798935997,0.5189574688744213,0.5939351361872995,3.5362973,3.2189777
0.20319584323602785,0.6364753800117543,0.29256900398478813,0.5036490750618151,3.5439599,1.5424131
0.29319303666264884,0.8164416169305452,0.49780031071923087,0.02025061732339394,2.1610157,2.9159498
0.07568560126209224,0.19090472373782322,0.7212299995875283,0.19961337988894823,3.134585,1.5547402
0.18635466214647184,0.18863164060562435,0.7981372062127247,0.19912538290233744,2.8666914,1.4163218
0.17653493501219547,0.22068842602335648,0.7587504461390763,0.2732900099668552,2.3163238,1.5004859
0.07494299078028416,0.9158055715422846,0.265212029194239,0.6460794534846253,1.9153523,1.2242094
0.24418411103937399,0.7271637428218692,0.7276325971930411,0.4913078580028504,2.442039,1.2858869
0.43201689517394465,0.5409465773766331,0.4367658271237464,0.6039516455292098,3.7359626,3.7976365
0.5468042164314985,0.8821730807157039,0.6403166750485519,0.3089438010967575,2.5260742,3.0054321
0.3787046528232203,0.715616378938344,0.7493077475500332,0.1684416258465865,2.7417147,2.657123
0.32278723226248335,0.5860448741920371,0.4699922593281751,0.4680322827334332,3.6799126,1.5655918
0.3587697579235924,0.10899560236324854,0.3632323205513808,0.16499049458337822,1.6773558,2.8445942
0.19142872058739158,0.013269016486407804,0.027253824402881165,0.3395167632582068,-0.39663967,0.8139392
0.565900960399018,0.8012186645917257,0.6842219932392991,0.03152265126878008,2.1585965,3.27701
0.2493037194357134,0.7197441978459306,0.8043251835285379,0.29700314435709857,1.5249544,0.74199957
0.17369846421909918,0.0109449860050139,0.6542823663351937,0.2324161442479938,0.90184104,1.1882534
0.4781972608684249,0.005666931172582834,0.7377146983614178,0.37263684449835255,-1.0362352,3.3412952
0.6436249518528133,0.6781363237002185,0.3986552295965635,0.37118681420000077,3.5439959,3.1643257
0.5763684978061522,0.2387571878430677,0.19872689887679484,0.5760453313740048,2.3393924,4.5312405
0.38979074127347885,0.4611936705984495,0.44167089482043226,0.45517868592157684,3.760699,3.3117123
0.38775449868693196,0.725251539487083,0.7766383284140802,0.3444301415930704,2.1651607,2.5177193
0.5229899797507811,0.35937069906284047,0.7335563988541037,0.1179944230698912,4.5696287,3.6660006
0.6469686047006197,0.7959414278091551,0.7820607029194634,0.7016659720535264,1.4140611,2.8683586
0.047450315938996665,0.5159876137256676,0.46136088476997283,0.4177969047924103,3.8515124,1.5191171
0.4480072363264736,0.7853594289205896,0.7135554694825436,0.6231771155677654,2.4257739,2.9447494
0.5298506939875229,0.4647954572308794,0.16625781139500215,0.30379009935593543,3.671115,4.7865624
0.1293502889578686,0.5901771971971658,0.5972688748098829,0.4598988974581638,3.671903,1.0135067
0.17287698929134115,0.8812425131919143,0.12340442836640386,0.06740268251920947,0.42350686,2.35652
0.2603593631469174,0.5192304132537922,0.5461348210899232,0.31338321718062345,3.6671176,2.0585525
-0.024674290516442675,0.2226640066448975,0.051373000880532746,0.26870772998076087,1.4781661,2.5357904
0.1200008611953383,0.5048682521101199,0.10860836721206753,0.13712505415828116,2.919357,3.1888652
0.6590263202990043,0.8875242422312601,0.5268602647659527,0.6536697631736422,2.729602,3.0548687
0.3594135419011775,0.6885214108494884,0.2592614164878867,0.12378574323581892,2.893915,3.2854774
0.06276230530138877,0.3487525335692852,0.19279190697126128,0.5476200574024309,3.2924838,2.4124107
0.3622279018764365,0.8270176347937908,0.12929004286381035,0.48490036497492417,2.3500137,2.6446695
0.19846817348045753,0.09969306701302198,0.25686584354857567,0.6465588961238895,0.4949513,1.2530082
0.13171447264702796,0.10127254918348153,0.33807354465968037,0.24473328202231254,1.2786222,1.0695019
0.19642664055946213,0.6525492173619082,0.6647035872144871,0.2880736961788739,3.4881337,1.487997
0.07787553350548533,0.13694410194687276,0.21131929828313864,0.0804625622185653,4.0959044,3.1921039
0.0411862531715093,0.46958460084461634,0.8141954350609125,0.4406832741742307,2.2560456,0.7688846
0.25005472732288114,0.5711081163575985,0.2966321543171583,0.08062239242755675,3.4456532,2.8934996
0.002185754069767225,0.7351884605214508,0.7231366778499431,0.33260293235436866,1.5885968,0.43989456
0.6419036232021118,0.5251044829613166,0.029287693415533705,0.17105800579704822,1.1527604,5.6513486
0.06076166979694937,0.03897340420252497,0.3209298646423759,0.35214479320573083,0.0056396974,0.49730307
0.3833443966072148,0.23960150452257375,0.2791818974718654,0.39422846465570294,2.120904,3.2464623
0.04371632720059862,0.6574954717749377,0.4922414018045747,0.04047205993189271,2.5819497,2.1820545
-0.015885521093392932,0.6297540508057861,0.46233784301154673,0.15110852024150964,2.4003718,1.324078
0.22826934337634985,0.5842641694601355,0.1097015168894609,0.540892744056923,2.5042248,2.0211701
0.1828430711909778,0.2798911240475303,0.444557503835227,0.708226240974394,3.3007867,2.1929078
0.12807184849121006,0.6171937913085304,0.3042176614416087,0.6199370917393285,3.6180766,1.2053692
0.6441319169648883,0.32299213748795264,0.4944059859924618,0.6647003172624903,3.1093452,3.8118663
0.611212831481823,0.02624209228710242,0.3935575437608488,0.432281953826755,-0.07293253,3.5840628
0.2916868025683856,0.34101674334593696,0.6091328849279547,0.6656361869294889,2.820558,2.0893147
-0.03123498590769344,0.5025268774025586,0.8017065511804639,0.2350821722908137,2.703271,0.9318045
0.41697301128418984,0.06988482802236089,0.14634692270371344,0.34958492389782725,-0.2409475,3.24353
0.28750856747415815,0.7090845678176555,0.7303264363012001,0.3721460059245257,2.3790565,1.2858869
-0.03866827513780777,0.581029497335152,0.0854340930178119,0.5104678589263707,1.9925151,1.454614
0.09999778889702023,0.26790587783572173,0.041486969629200836,0.18642287572395227,0.993624,2.7608
0.35111658364482295,0.8018216169673831,0.36258714816746795,0.3629691073943895,2.719143,2.411247
0.5569478763788798,0.4979176844435949,0.5626746151383801,0.7351845163232326,3.598724,3.764197
0.6181804005175551,0.5508878383684815,0.1216998817937652,0.73784448808499,2.7428672,5.194078
0.2310813904970428,0.16074588551510163,0.2808998986481136,0.23804696959637558,3.2870102,2.648705
0.14516719918609744,0.1486805770145764,0.4717066553748506,0.4015367822213269,2.7309778,1.5184816
0.2540997765456814,0.8799141895709749,0.4243248812619485,0.07931769998292071,1.8734078,2.2360764
0.504999852971234,0.4448219185094232,0.31815738892340883,0.671234248977073,3.7566273,3.84361
0.6642188429684538,0.8678428496058029,0.57526777068766,0.1285491773896992,2.6296575,2.9974427
0.3968963643524961,0.7298927588598147,0.6598750766910202,0.5276766317498852,2.9265797,2.551998
0.023315785772790157,0.29401358671494715,0.6782201135003133,0.039274732675754806,3.9637246,2.2195399
0.33953017517172973,0.34280493604736284,0.4273666255256188,0.3144748038530574,2.8908617,3.0674102
0.3805203674719449,0.37896619422505007,0.35155955074780154,0.5509104093053843,3.1333642,3.4071703
0.3002364952966208,0.8302285653196353,0.3496615629218709,0.6396018522083122,2.6751428,1.5751047
0.47092766820808,0.029072410335236592,0.5881373135057645,0.3769902877508995,-0.9410145,3.4145267
0.5842173570318374,0.8952484736987912,0.22987995172138304,0.15288864265743723,2.1208196,3.6714025
0.25607100462454135,0.7828631896936163,0.5256511955741379,0.46782709523584437,3.3877726,1.5574379
-0.048313082524759514,0.40789921291278086,0.2411153172658048,0.35554103130381753,3.0996516,2.046913
0.19219851444919434,0.9045689839085844,0.4652056871156199,0.22536656114125958,2.5029066,1.9769344
0.6331552148756636,0.24757068376576924,0.47988695604813225,0.4088524544971242,2.4878051,3.6236742
0.606613798674148,0.05167393864896456,0.7861095635476174,0.6514739650330367,-0.6063706,3.54571
0.3548699937598459,0.9088916353608346,0.5956276759681868,0.18417148392171476,2.4215057,2.5962062
0.010029494375996241,0.03481799011548461,0.5687065277534186,0.06101626325338243,1.5584997,2.0354383
0.543420024640905,0.8233643346860366,0.8212805386852147,0.3508334098187644,1.4605585,2.821393
0.13794167524320827,0.3282861628419277,0.2075210894893724,0.32671457977836454,3.375362,2.1665943
0.6074027717467808,0.28443010842928,0.04258493400519129,0.09843818392847405,1.2395769,4.8926334
0.5821191177444321,0.7938402423353365,0.7657223638393312,0.48588931291826354,2.077822,2.9447494
0.43439178252426386,0.5089502134054085,0.024191718651755234,0.2691118790943783,1.1317767,5.632096
0.491550227798155,0.8097119822549388,0.3969105372301673,0.37903526508015445,2.6927714,3.0158436
0.003343396847642434,0.44963224877032715,0.47713912706063766,0.07630863095585902,4.8497095,2.6429403
0.47981420954308224,0.016588081451178568,0.30702852692492927,0.5852338163472938,-0.10018771,3.5840628
-0.03679710644228791,0.8196907633142511,0.09217487405303866,0.34582590549110015,0.36669886,1.055706
-0.040915452517740765,0.21588800929590987,0.7354370224153061,0.7012213395557966,1.8458756,1.4327866
-0.010450147946938396,0.16505730091415388,0.3895099665877085,0.3166840755131175,2.972063,1.4891405
0.044765807197590296,0.21838798975501555,0.12279561555324489,0.45348318694374506,1.8129383,2.1620762
0.24570573679554636,0.6275136603726417,0.4473003363323752,0.43401683865379,3.6264603,1.4430223
0.5249354583027477,0.15381349859526178,0.16025620703234184,0.07007545627686862,3.7620368,5.0251794
0.19683878111517722,0.35369222697460745,0.4631928468776862,0.5718185997707386,3.4338403,2.2716267
0.10992653094457687,0.811573150690925,0.7888008462759268,0.6635878160182206,0.70712596,0.22113952
0.10686783915620236,0.8152353319630157,0.5373587709042046,0.11463957218765505,1.2057006,1.352524
0.1420819889375342,0.18789612068958622,0.6561943567799065,0.2934055573935083,2.1059797,1.3537236
0.2398470728486497,0.4131685472121012,0.09494531539419883,0.05975141162524941,2.4460766,3.8868523
0.5755744486138484,0.8255476836171396,0.5892734329443764,0.15919548076923937,2.5725203,3.052838
0.4098009274214015,0.7737117584181146,0.26675822954131495,0.08507354661560028,2.435775,3.329398
0.21038104542148245,0.7828185322264329,0.6087728251389898,0.5383933821479431,3.377567,1.373113
0.27283107330353196,0.7370894833586923,0.7973643889677048,0.6906287608002172,1.3509128,0.7296565
0.4650023497533367,0.22331481696035513,0.5003283381872753,0.4218884409867112,2.2345395,3.6106615
0.16274094693909924,0.0202158588325966,0.32280960109936113,0.11324863433538239,1.73858,1.6638151
0.29947309689140184,0.5668262854767623,0.13889646383814333,0.44304252641176495,3.305266,2.1647625
-0.014710678947651878,0.7419032657814406,0.03424144985065613,0.6398098708008454,0.51773053,1.1032661
0.581154713235778,0.4244072104336702,0.33532496527536776,0.10195638533373548,5.018513,3.9418135
0.3712474159529455,0.899245703497726,0.4857356889996466,0.3869987375827334,2.9125092,2.4393394
0.2095973795840737,0.288591942632303,0.5467721261077384,0.3137166726826502,2.8926015,1.901004
0.2340037188051331,0.49580213812286966,0.6424053185577602,0.5771076920450042,3.2626538,2.0134017
0.17538137815385207,0.46617319568128845,0.11443468187187074,0.06323565787688779,2.9996874,4.1127005
0.3475414187409426,0.911775617495893,0.7583128253465493,0.739168625382928,1.8135176,2.318043
0.6166326358673756,0.8975348562068897,0.34927247682807555,0.3762694256934965,2.5778375,3.0158436
0.5114991316700583,0.33961100165937236,0.6600789923834667,0.29521132021734586,2.542479,3.5515542
0.2692623657007478,0.9182556282122458,0.5120779815955141,0.412677895392208,2.7693746,1.5644729
0.41270758039735445,0.07136766058918458,0.2828921736423201,0.05823955039839887,1.6924366,3.393814
0.2046196159638316,0.15720585450596586,0.6345904822679824,0.061535760291128866,3.7997453,2.819179
-0.020539163034118315,0.9147090503284052,0.5161671509932013,0.49091156592489255,0.49822,0.6456572
-0.016547262544303463,0.2532222730723356,0.09341297154508307,0.5339950174084076,1.9806823,2.298356
-0.04967523044435124,0.703002603890451,0.6839049178178594,-0.0032275213036214315,-0.118024155,3.029675
0.47288133743211674,0.49439528857270126,0.26853997270631036,0.6000648977118086,3.9248936,4.777641
0.29375325957292525,0.6955067359750693,0.7458371897460727,0.10099032559863301,2.458521,1.6072415
0.15453982488655754,0.21747750346444655,0.5982218497426363,0.6362220205682735,2.1339338,1.851377
-0.007272956020697406,0.5004330766871445,0.3457174911822298,0.09762719866288165,3.987214,2.2678802
0.5054601777662934,0.7094148342100443,0.5180232745741083,0.513683814909032,3.264244,3.2408838
0.4675981535022819,0.15011484869977207,0.154923303250925,0.26459368483672663,3.3661082,4.069551
0.011206896509008954,0.14399763109496283,0.5143290961004565,0.27466766677259874,3.4354498,1.4375757
0.03258296902327952,0.3348033803898165,0.7070462639978594,6.834813325539519e-05,3.6044304,3.277456
0.00950753380963991,0.6545489883171107,0.09659190201211815,0.14768138103378484,1.5083104,2.0352626
0.6168222212799318,0.7867743792129129,0.32690762132399737,0.5814084480134512,2.9706748,3.0158436
0.31920028958867325,0.08934232835443284,0.8121826315743866,0.22781982548787483,0.5220803,0.6336104
0.1042974151076559,0.07777519593366201,0.7685366725903598,0.5716573701722729,-0.29280153,0.389732
0.3164427709756056,0.14966129612342727,0.2521297305157927,0.1154631188268509,3.807044,2.6073031
0.04955611122609123,0.5471688826933931,0.32785966956175266,0.42078025024960614,3.854541,1.5932467
0.08390223430954012,0.8666664903416876,0.45661571080905106,0.6062994243977822,2.1892269,0.929121
0.5874110023600696,0.5209095260783639,0.18982344195082554,0.4298308792248893,3.879038,4.957866
0.6306691106154911,0.3312489521506998,0.5699097563872952,0.19169587013217756,4.334633,3.8028967
0.611013281778852,0.7075080240548992,0.6940567852061034,0.4264673400502462,2.4110777,3.1058614
0.056524142906529504,0.5433222828806735,0.7349237160930855,0.6707905692282836,2.787281,1.4831172
0.5613639955266897,0.8784657496642351,0.1364648788548749,0.5045800631002783,2.3238711,3.4078746
-0.04257252017568258,0.34685371113333313,0.3842840063847642,0.3004240019085075,3.3603935,1.4965059
0.5084600118708612,0.23322235838744812,0.6682416559853763,0.08354529936327479,3.5119128,3.8071077
0.46094406905737634,0.030756492610191404,0.7922336916158536,0.23176085402129548,0.70024025,3.2797174
0.5194507678440664,0.8331496332498209,0.2778538084996606,0.249151668969354,2.4308586,3.0930178
0.08114508623135257,0.6958567041325162,0.5436254053676225,0.13561670230949835,2.6766102,1.4406163
0.6075301444784421,0.10748544872848421,0.28806734055775557,0.46285794369212757,-0.07293253,3.5840628
0.038253652557611054,0.31461483728318534,0.42078392996532815,0.10017106802255805,4.5608563,2.1502507
-0.03720449541881747,0.3456096989404822,0.725166709005318,0.4597205626570634,2.5722153,1.4926047
0.008568763614280703,0.6453436758347016,0.7660874367760869,0.18138376208811008,1.0300044,0.5973875
0.4747463686508779,0.8310197549453016,0.48750078935105734,0.39360726393366524,3.0081103,3.043936
0.3010025117121456,0.4222670462227777,0.6977257704849551,0.6601222258994711,2.9831312,2.0881224
0.2020309301885852,0.2710036930725539,0.35514003234117686,0.3352535586540885,2.7342522,1.965354
0.4024192281127689,0.0984266117357194,0.8241503787371297,0.16620471280841534,1.3171765,2.6107557
0.006318438128640309,0.25901223194669454,0.6506253558039454,0.13490182805123682,4.106445,1.8100566
0.43773790803060736,0.643641530226776,0.3862182990960133,0.1638632004060236,3.4496076,3.0692499
0.5205574595441206,0.11132124393141944,0.5153491970732171,0.2838836300261303,0.703918,3.447468
0.6130355668325574,0.8935425842044721,0.4223975450423386,0.26112634392673945,2.384759,3.0041032
0.47413957078817365,0.05246913058948964,0.23019958251004832,0.07800192115887941,1.8604771,5.2482305
0.05288304778717645,0.30800200250932247,0.34111781109204414,0.0070716958855971835,4.2762976,3.91647
0.3891404930476249,0.5746432762369076,0.3713360847439961,0.32864736383150145,3.674815,2.8659806
0.40710436094659425,0.3374673235916025,0.6531032761912297,0.4255534339219175,2.4367254,3.186619
0.5507724170977281,0.35622674645480407,0.12487289695042061,0.6792285279374484,2.6097503,5.0206456
0.5766671151245379,0.7497374989568825,0.07623561643938255,0.3172576224446735,0.978293,4.5066895
0.4290159530956948,0.5442617922745575,0.5353713851740085,0.291095295452704,4.3887854,3.78028
0.3204139343746377,0.4875322671030639,0.3928193760202037,0.7109379137506965,3.7181768,2.212697
0.5724580388401258,0.3062825056538317,0.009984366188178682,0.5917300242055217,1.0754288,5.0611043
0.19411439861538043,0.5461533099167091,0.23452444681479206,0.5094984989037301,4.0541415,2.8012705
0.10922692700929502,0.5072455582070928,0.6989843747214611,0.304978382723775,3.2171576,1.380756
0.24703676182303358,0.17922440836474982,0.036408762305369005,0.37042496638382744,1.0721843,1.9858062
0.6543531655128106,0.37676005940787133,0.703822707762824,0.4355791246777984,2.5629306,3.877556
-0.03803545254794482,0.33226063281374285,0.5314440694961177,0.37609394794257517,3.0629747,1.187152
0.6468012605826788,0.19939862053291896,0.81607516472447,0.5673480392421201,1.5918564,3.5702503
-0.04581865699632666,0.8470169767351139,0.19514557950962572,0.41374638501025013,0.98811436,1.071687
-0.030234860426560376,0.6856532021537602,0.7730625887235986,0.4973033365351036,0.95758027,0.2608351
0.27637651719721806,0.28491718759224444,0.5780575291405327,0.5874979970819036,2.7734537,2.2330704
0.38576096730159626,0.4516645940160408,0.35756641331309474,0.10652050031470377,5.1506267,3.6941993
0.2521348496256045,0.25362388798528496,0.5607537479551286,0.7098586077503921,2.8252425,2.2580981
0.47361718512447354,0.6335103910681789,0.37921624238419893,0.5186682064376175,3.3919702,3.0981238
0.21514385570655625,0.4270455310573223,0.08885201263325511,0.20728689808901685,2.5135205,3.5077806
0.1467435951876459,0.5870765705778469,0.7158744981453105,0.3864120563034443,2.3684778,0.77918285
0.14816863318249512,0.5327809096659855,-4.626778235633771e-05,0.17291246055452625,0.99610096,2.1556635
0.5021146100328019,0.38814081650204973,0.6021091270892972,0.4721775276295143,3.0513816,3.9243324
0.42606693398344625,0.734023096335315,0.36701518952372136,0.02730558519249685,2.5656142,3.3399322
0.019330984611006408,0.15221543982761637,0.5245555389200063,0.3091085963809881,2.5577347,0.92914236
0.30362844903864966,0.607513514686865,0.6251673852199142,0.4374733714909277,3.2712202,1.232862
-0.028228766810388002,0.00728592346669666,0.8207928128370132,0.4359694081106253,0.6358969,0.4892819
0.42746549889557234,0.42761946070373236,0.8078715767831932,0.3281702697129439,2.735471,3.422523
0.41973042356551804,0.46018828960825275,0.1837700479288475,0.5010934287994473,3.8568578,4.681886
0.5377365850423502,0.15266545132093706,0.07143757449827898,0.10973418219819887,1.6692538,4.4588437
0.44474939601744684,0.6003615428155263,0.586306635200493,0.6807592155450614,3.5986288,3.5625632
0.26170817921370015,0.2756446483115868,0.10814238816520862,0.39098357411833995,2.0931501,2.3053944
0.11238025578801296,0.0932556585091601,0.0999567386752878,0.25391391073602504,1.222632,1.3524752
0.5547761361855991,0.8394923430693078,0.4541182721744935,0.41126889524536087,2.830459,3.021369
0.3314843927820158,0.6388258125423142,0.36046297631855667,0.7150489738933529,3.4394681,1.488579
0.05113508175498811,0.29877877475138487,0.12878733155156052,0.5240292446631414,3.1328628,2.3670006
0.2185462355987154,0.517563537266736,0.5998517465401618,0.21986649224489677,4.4987416,2.7078524
0.15610068866281374,0.31769312491195345,0.3580802706849885,0.35308957890263803,2.9862635,1.7875565
0.6217876558258355,0.6896929125076973,0.4199743134746034,0.43963789978418594,3.2243192,3.1443048
0.0638004734155621,0.4562108625378772,0.25684831799929075,0.305500934348212,3.8686008,2.2953293
0.5170298136147138,0.11299129365495991,0.8028885746742568,0.6546229991862962,-0.6312835,3.495301
0.4958617148256043,0.42989302605866586,0.3067802339150246,0.5631084991872186,3.6703002,3.9056196
0.4147095596578063,0.8509580483396281,0.2174030246620222,0.012881978149023185,1.8095213,3.9398525
0.223781916161239,0.6124128176087972,0.6080901146717824,0.6689358672788276,3.562816,1.2767496
0.20508605416580938,0.52146404989548,0.6553267915593366,0.1732157469430244,4.8212786,2.7325726
0.0767883388411063,0.6566445296951093,0.6048016994530274,0.4215953590706213,3.3685522,0.8203089
0.19031684829810575,0.7610151764219489,0.26453625516310264,0.6069327133557222,3.2378685,1.8434335
0.28364433414775103,0.4884072308566173,0.41170908229724934,0.608065106186526,3.7325807,2.2386568
0.11614036390031275,0.4012049878234872,0.3089610911270454,0.3995555134528034,3.6808283,1.7726915
0.22369524608156993,0.7447073521778419,0.07497742588508167,0.09249963431133436,0.392446,2.1059744
0.21650323535875704,0.03313662395622404,0.5581262289252796,0.11072740418784718,1.7137185,1.7000021
0.5360552808873674,0.45039115538915,0.8134851050652095,0.40772134856673015,2.6295774,3.3818233
0.0861319651059962,0.6219902757618578,0.19803594245073944,0.10953224566512616,3.244557,1.7666507
0.09701468357488825,0.6374434008518156,0.1507680258143963,0.3345913418514629,2.9966362,1.2640091
0.16587024270471123,0.0819332113801666,0.1518491102296937,0.5554312541831791,0.57547903,1.0619384
0.44579476666316586,0.03301191931319592,0.3594050356700016,0.201023432504812,1.234248,3.5320492
-0.020612279843381945,0.8909258491279366,0.46888599158666766,0.5592049586807555,0.57752746,0.6230902
-0.033831402208399614,0.32441404979431315,0.6316295748633338,0.6611801959058224,2.5146081,1.4783545
0.6284341279798811,0.8592216406678145,0.3290664674542789,0.18897590874459808,2.1156666,3.0173876
0.28890509075533505,0.31007006352241845,0.043415629372568466,0.08696139352565585,1.1094949,3.0972097
0.6280638259113012,0.03521261424234095,0.24846249422477887,0.05312571756150536,1.8892003,5.585223
0.15359558487210018,0.7161874205965588,0.361598955861608,0.04482358224960145,2.363583,2.5932322
0.161795296981052,0.2731156203398212,0.2495581376713009,0.28850197869185623,3.7483473,2.5921552
0.563282458787873,0.20493937575842477,0.11690753407045883,0.04242919359668501,2.3383281,5.6063056
0.631321147671717,0.1283834590914911,0.3992435065477583,0.1170228959411216,1.7256107,3.4776843
0.05392586803143913,0.4858935425166206,0.47622623120948876,0.06630923228636486,4.2362814,2.7928662
0.4392989605605477,0.4805485315864856,0.30208799304587863,0.17777308711068424,4.8577576,3.818142
0.47655399656567715,0.8262001104432874,0.40095099057228306,0.32070543707205423,2.7004614,3.0303266
0.36561922430685206,0.3959513584216369,0.6033752659701478,0.3979482637120189,3.0255296,3.195359
0.06747311701653834,0.3716091696063082,0.6589763578899696,0.49407101345875604,2.8412206,1.7339172
0.037241639788551384,0.3730958687500238,0.6566992459838513,0.6772135956915236,2.4677572,1.59887
0.5506373807339257,0.5753676868125003,0.6972151059643608,0.38454442589906696,2.3287926,3.2093973
0.2009437616080989,0.8445396935113288,0.1921517968379055,0.7212886624556765,2.6012776,1.7444923
0.545422735014042,0.5936510828678434,0.2932055408608732,0.6025396576652856,3.4927685,3.6646097
0.604818341434952,0.2111957284594608,0.05624238521402773,0.27800717417029913,1.098666,4.5061984
0.15783569310519385,0.13813016717344895,0.6269097674492488,0.5820140126656209,2.0897841,1.6453019
0.5844376850454895,0.11622884755786622,0.013779139954848769,0.7221177693495705,0.099624544,4.8869658
0.5804273954856578,0.8442791523112697,0.44361540345717704,0.6260793880780088,2.805025,3.021369
0.28567242247928243,0.3667538054291514,0.5474026170438783,0.24800467922413702,3.8143551,2.3216667
0.524530725201519,0.018312634503351223,0.21998047583692748,0.14641014857485707,1.936686,4.224028
0.1802585163851792,0.31183858464497183,0.12030797449411365,0.2536511218538989,2.357364,2.6581094
0.3403407542700536,0.7654954627078167,0.30536143163972024,0.019161361212759805,2.2772331,2.9125898
0.578461123297425,0.22186810268981882,0.61562807824205,0.31850510677715305,1.9167956,3.5243645
0.34180019123933875,0.5609745790667898,0.2146561206553044,0.28096535777246195,4.4496865,4.552414
0.22230231625453933,0.4039495164728252,0.28375955713411033,0.38183367495303167,3.2622197,2.0614772
0.17197436971518698,0.6815614899656215,0.6736859572604563,0.5400096239771384,3.1598597,1.1256495
-0.03428281465200313,0.054348578322111867,0.18049560857790325,0.2407171881871357,1.488007,1.7079368
0.5213950129881922,0.33303067650618756,0.27441914648261423,0.20360799981789288,4.355557,4.052424
0.6523968975544756,0.45276443718358955,0.11292334623368001,0.2722214258825658,3.078796,5.378184
0.403106204025069,0.9078562520002104,0.2281932100481301,0.47321590375186,2.5342681,2.8334908
0.47537109294289653,0.9053911517957808,0.5132857489571969,0.3273326505970441,2.7529213,3.085686
0.33644465730576234,0.7763812953774986,0.018010342660648607,0.6194088613816412,0.2623955,0.5165031
0.2635210282243134,0.20310287513108435,0.8024107935459484,0.17998288725272307,2.889905,1.4572114
0.27133235198908867,0.3259301517573077,0.47419990817069657,0.39018945763068913,3.1135018,1.927715
0.49278713880918096,0.6464986991377992,0.712380743585318,0.7139192778425312,2.3533485,2.9784822
0.21469625354528238,0.17036147393941803,0.6281786207836857,0.21727900236503594,3.3154917,2.3022246
0.36524635941462474,0.5282530288363189,0.35097517252754,0.5413617026443684,3.7429984,3.1910307
0.15921990925972213,0.36603673630521316,0.5573698617132726,0.0036744739615863567,4.6095653,4.3582172
0.2228844986947185,0.35378014487424525,0.6772746400435824,0.5645747711782827,2.6984513,2.2300358
0.6651927209316801,0.256571319273419,0.3164553772460848,0.0876298199088607,4.1837025,3.540389
0.16846143231941302,0.4043548079010098,0.055100827814462114,0.5909470149150601,1.9184449,2.5603397
0.48827733991712724,0.8776217305129336,0.3295415705264021,0.33024365050190624,2.5181088,3.0248013
0.2318956906994839,0.3138349687655365,0.4095592148952514,0.13090628857010883,4.2556415,2.770587
0.5923838635069238,0.5452894252801991,0.3320260847546642,0.10852918465493547,4.7862754,3.8273823
0.6494228761806649,0.03677268900039397,0.7487614885452508,0.1924557367858955,1.3057275,3.5009422
0.6137985493463222,0.5796106790360054,0.5487745393145792,0.30679432588846134,3.6845253,3.4700027
0.5553836642544223,0.06763509842513257,0.20774460862785601,0.023313281107241776,2.4397798,5.8501453
0.2880346096330024,0.3181643938910704,0.11528475476742844,0.055366672507723355,2.2982013,3.5841422
0.4067506605252535,0.837499269553995,0.13463028468502422,0.7273350876270901,2.2986987,2.766172
0.022100255321879383,0.2868438834335146,0.2381383967951613,0.48255085008144893,3.0361462,2.1090572
0.1439595316421216,0.8131640833187415,0.3319425495028521,0.4436507547363565,2.2790356,1.1899831
0.4042249768366951,0.3893220876931224,0.7103405635289534,0.7419818301345794,2.4147093,3.3653896
0.4965143491115371,0.698508436209513,0.4783463420826629,0.7232095559130355,3.3522859,3.1464374
0.2369198646778372,0.8998015773350622,0.2553353077886634,0.7042497969663506,2.629952,1.8208716
0.3255418133100918,0.0010630854813791508,0.7512586053570062,0.6115774423427388,-0.71493864,0.6509453
0.5698743302743716,0.2821983834239316,0.4131038527889903,0.5265664025585478,2.9488752,3.802403
0.13496634357877973,0.8830682595732869,0.4795971692028573,0.47807903742874786,2.4670005,1.1470448
-0.00964886603786469,0.125398293279321,0.4296742583389868,0.28242900532010623,1.6038424,0.777043
0.09511259254667727,0.18997238765248078,0.6493740703621838,0.19087103868753846,3.4498947,1.5902892
0.04844766341770536,0.6350494931731255,0.7271853223033983,0.06700382113253806,1.4308928,2.0096354
0.3119481116920657,0.014651106425214286,0.7362112813679647,0.42278320125941626,-0.66983575,0.63414365
0.2536913815324192,0.25565994186826885,0.48482435467108365,0.3159687665804852,2.8704655,1.8949034
0.5068035254510166,0.8092853660402601,0.7791393325339308,0.03323389147974491,1.8767968,3.2647839
0.14911373584532073,0.316498209227708,0.33382048646423507,0.5870304936563491,3.2570672,2.0831041
0.6355275790846,0.3565298913967195,0.6922203379831502,0.32390501025003626,2.675883,3.6396232
0.2291118655887267,0.1805044419402506,0.6856918219490526,0.40265282311936856,1.99007,1.615844
0.4181151520258857,0.5295777068392253,0.6067420947586266,0.49821405180760936,3.5807781,3.3127697
0.264934471954741,0.6592148815848267,0.3601944851422237,0.42782244065117114,3.5153635,1.5928049
0.6333728778861129,0.40222074030656385,0.06890491449792939,0.09576936382434229,1.7272248,4.886004
0.224590772071181,0.379689313013548,0.6818994155675068,0.3643517928795606,2.4445515,1.9562396
0.27526115020531927,0.7927919488914315,0.45919841572322473,0.7161952829853827,2.666692,1.481644
0.5456573804152974,0.42596717564399295,0.5052498149643494,0.06442379132733152,5.108871,4.29193
0.5257423783678953,0.8606608722495634,0.5664335209671684,0.5289375801865457,2.8924105,3.1016026
0.31337989852925857,0.11390818764424672,0.23918951828725762,0.4507772097032822,0.16307896,1.1345164
0.12615377754303908,0.22544386126038213,0.3811545834721592,0.17035169676308823,3.5929217,2.5824854
0.19348893247914484,0.6513279335736841,0.24734690119059413,0.23129936875611168,3.6714258,2.2735043
0.5824120884766198,0.3338370247112523,0.3254225865512513,0.6321173585034033,3.0152636,3.7968776
0.477933060270697,0.16650168215505692,0.7174610238316175,0.2560013322345966,3.048025,3.5059285
0.13884631844853734,0.47170491778433643,0.49589738813205025,0.3485180092300078,3.562069,1.8541083
0.06053825358325253,0.3218632535672216,0.21210839648402283,0.25610969774577586,4.4416127,2.4856362
0.21885019358204333,0.01855816140636646,0.4579493497106591,0.45687162894588246,0.31775135,0.9386044
0.034980803837967936,0.4149320398309053,0.43404762672919467,0.17219223719090146,5.0498614,2.3611634
0.15699283937978342,0.20641847761674054,0.4327055303242108,0.20976871693203122,3.0927258,2.3602257
0.5474592864427037,0.6579333388839474,0.03812538095975861,0.6248023952527657,1.5379695,5.1739416
0.019891753492349132,0.8500733409003421,0.2594319465788314,0.5572842114739885,1.418761,1.0760422
0.3973473186532643,0.06816253001751851,0.002002740489801323,0.21251545901283295,0.2502787,3.2891965
0.35012062114664977,0.42164985657288784,0.14306900245651383,0.24145748390769622,4.7494926,4.279677
0.5626657643263319,0.14262304591848562,0.17533457928830049,0.13643430838219228,3.7839868,4.04719
0.13995075812325702,0.2447789288660093,0.43345163743157755,0.7154533632598072,2.4803386,1.8794053
0.16001495911811747,0.23523062632693298,0.15715652395991023,0.413276764330971,2.4101205,2.1263015
0.6190400317331984,0.1753999888065175,0.11958821628744719,0.3425453300966393,1.506911,4.373572
0.10305635075634655,0.7183259062924772,0.7097180561604662,0.2626911929856817,2.1990964,0.86912334
0.027044559508802732,0.5306163118896325,0.16952154583614915,0.025498346458931818,4.8008943,4.7160215
0.4670456865846874,0.041792891100545036,0.3094335430884748,0.13293290735968177,1.715824,3.4677193
0.35803562923730975,0.8497905741630555,0.7197735578964589,0.33198487093457946,2.4469683,2.347435
0.6458396430677112,0.5356577281576483,0.3134486173456461,0.20891692449665708,4.599767,3.7972627
0.1499272567470048,0.3495649124588529,0.6445583282077709,0.1173407423492268,4.463655,2.366099
-0.04775600302476156,0.676601553196178,0.7833733624616669,0.17671513104469777,0.30461589,0.7506071
0.4832682331842712,0.6065017302368831,0.20325001911700422,0.36598839779283815,3.466688,4.583924
0.21400850056081427,0.13457955044868636,0.15586156844391374,0.1619330708349003,2.3658464,2.2787442
0.02596238216327465,0.40818264206535865,0.6628645297708217,0.23866217067060377,3.746647,1.7265726
0.26841968004577244,0.7043178876565046,0.1975334817005632,0.419339567589903,3.124909,1.8160881
0.09822724177385105,0.8966255717148045,0.7930846613070895,0.12943410426201438,0.17609206,0.30912876
-0.04910442332986836,0.11677181352850777,0.7631362949695341,0.04604725314143948,1.2783486,1.5518246
0.3377928624333192,0.6381650653605543,0.06946852578378793,0.6724113449657063,1.7296978,1.7196114
0.5607174869884997,0.194669592435293,0.5691683485929538,0.2024155544816465,3.2965393,3.7515872
0.41194528189452345,0.26059018751422247,0.6796662405347753,0.10392712823914038,4.2951865,3.3031166
-0.04404398082524299,0.7386657396024644,0.4708001021277652,0.09948469616094606,1.259424,1.1652789
0.06683000398020891,0.19497819528216798,0.6338769209905996,0.15671573679413686,3.5750654,1.6703176
0.37652319010361746,0.7481957215346616,0.33085705833076917,0.09321953805687495,2.531432,2.610632
0.3948400408234987,0.7706919484851611,0.386166901997684,0.1399346432519589,2.7274892,2.5311387
0.42812785141032744,0.6981869828060433,0.7947445775395425,0.3523769946378059,1.3420571,2.9339743
0.5478069085394068,0.6098036372664043,0.011371481065267704,0.7409384465513476,1.2172103,5.3485622
0.27905831961853617,0.5563046226077033,0.16679490767432115,0.2893767731793178,3.942437,2.9392664
0.07048286051703091,0.08143724925812738,0.02160586049033447,0.7182336803790796,0.20884955,1.1153852
0.445666273431312,0.10039773287478712,0.25029078484798983,0.15214881405001054,1.9214984,4.4082766
0.5413963300401307,0.7260123008865907,0.018264552475340586,0.45405715133975466,1.1184115,4.9058423
0.08299920307989793,0.3838474850624521,0.6291722468675742,0.05494552344073257,4.5489964,2.4266095
0.4508136478333043,0.8179275976600109,0.11755156107712003,0.6098405569024028,1.3886001,3.9138408
0.24296519398046895,0.10531267945964393,0.3079426679995637,0.2166765956665476,0.9487675,1.4881556
0.33308963547619924,0.7454059647758925,0.581684670693327,0.4949257016392844,3.374543,1.5239285
0.2962195639887236,0.8139161166447786,0.6179829947192411,0.49195852626422626,2.7970428,1.4037808
0.18114817279408713,0.5149011345975287,0.5023313106204635,0.00916380651199973,4.4626303,4.4778
0.6243672606588395,0.4586366372598067,0.27628855492756316,0.4617861464703233,3.8997147,4.288371
0.09539955643729746,0.0378110277275541,0.5622271331064024,0.37827957110531596,-0.47772086,0.43382406
0.6672760975242553,0.24137946997558427,0.11246161680650185,0.1554165238575462,2.164792,4.5801425
0.2514528637950026,0.06920209630347994,0.004979351831433005,0.5485240449514613,0.09111469,0.15422682
0.45479638029194097,0.1265776922086605,0.49191281377216756,0.6883270238037881,0.1804184,3.593687
0.5887503965799309,0.36311701082089226,0.6966522119335485,0.10707855032587174,4.538446,3.7407994
0.12453237766445481,0.5391457864887242,0.030521951908287093,0.4760645567916968,1.3001955,2.6546874
0.6325307329674429,0.012758958853949188,0.17082172761447795,0.4095883583522727,0.31813475,3.7720947
0.21993345004085663,0.14497509954633425,0.5789466400700163,0.11171417144076522,4.0456333,2.4922638
0.07610313012698157,0.3610272558081856,0.41409220623734655,0.13824106708855916,4.8024964,2.4158103
0.3924599658726682,0.43053323815761513,0.01712262158323715,0.712769109914969,1.2303361,4.427676
0.5096050533433562,0.6249851165825413,0.43831579871698484,0.6619579143987737,3.516969,3.1036491
0.17440231891847147,0.2948883976201005,0.5234926918769015,0.5446447001984686,2.9303608,2.1661897
0.48406339432045303,0.4921664879738214,0.5646834801665885,0.5980958971623314,3.5767596,3.7846315
0.26279531919580956,0.6999515071702661,0.13008791223390564,0.34341233371533614,2.7835033,1.7232776
0.4492332815675403,0.1311351245919907,0.2998989401369115,0.5256346364993811,-0.10018771,3.5840628
0.08812118125670783,0.41381555385686825,0.10130278229494102,0.03131150243022027,2.5379786,4.609582
-0.039368796415153194,0.4915230072051208,0.6892916344883628,0.6032546046653592,2.4945893,1.3646622
-0.03186353436219523,0.8839372609792815,0.08331933987356133,0.19694571819600193,0.14981422,1.8351619
0.0826660417380138,0.7997696344054268,0.19635417713953324,0.27738801360490595,1.8057264,1.4433041
0.6058421860029674,0.2972714629692763,0.11390721577196748,0.47675572032161817,2.1914706,4.674409
0.1509256943004133,0.5820081180142802,0.019537021716681122,0.7188841772837301,1.1932664,0.5243468
0.12202113331534752,0.4440641623304807,0.805752566049895,0.5657121638446737,2.6814537,0.96907175
0.6204140241593152,0.2455829927380722,0.365649340136314,0.24727225262005084,3.241181,3.6331177
-0.044576108135228845,0.5009765733382409,0.3708580154757681,0.23933450741490273,3.9290378,2.414117
0.03142759995152704,0.5770022958676452,0.6103524327221256,0.3464078582666354,2.895769,0.43926328
0.0005066213445104745,0.7111921526198888,0.2450103509211737,0.2975885522510669,2.310672,1.4708318
-0.012114681696671743,0.8404126029869664,0.11015506067271161,0.20674084347092883,0.4634582,1.8047619
0.3770529330165792,0.22992477260784644,0.6209375087313541,0.39699370287842894,1.8584069,3.0797095
-0.021402299375583623,0.791519654743854,0.2218193928316513,0.46969290784524653,0.7964763,1.0168855
0.31130955170814484,0.5571204244838663,0.030975243511741895,0.702556696596738,1.117763,2.684444
0.5279250896606719,0.2164998969445193,0.07325033315954178,0.33599988844102485,1.151411,4.4718537
0.25933687856691423,0.14095541198132433,0.5447317444324863,0.28321271496376454,2.6202004,1.9559867
0.5275578042290006,0.2641397389647937,0.5427384108651174,0.5799664500460647,2.7034388,3.8021004
0.5220593606725358,0.6292354902332612,0.40356132028102365,0.036127880642952206,3.221698,3.133289
-0.0329929396551393,0.7123847830714565,0.007785304523128111,0.06503016086451291,1.3296907,2.240406
0.600665479131095,0.15669850172900984,0.20449356617202363,0.010278423040136408,4.211009,5.3796844
0.03563641432567673,0.4813180050455252,0.7603362017140463,0.5518955855970895,2.0822198,0.89962727
0.11099869005838149,0.7508916469085039,0.7442173407388635,0.5670258382207707,2.108575,0.5819382
0.37241309439247344,0.5381624659916596,0.02099705608925556,0.6419739731054388,1.1947579,4.582616
0.4635198706209545,0.5255813188667399,0.8097103677753752,0.6507325305756506,2.52258,3.495187
0.0879441992132763,0.5066730052989287,0.2155282081142992,0.5893268777972879,3.9606974,2.5013418
0.05451132704561096,0.20140295655341967,0.4404689619991645,0.6901320669136856,3.2457628,1.4482453
0.5239471698790138,0.6426611236910907,0.3192184046907763,0.24393228256527436,3.6145482,3.077964
0.29633201223055117,0.4171812807320587,0.18804279244526548,0.6784704529477393,3.894289,2.7232966
0.24330992766770193,0.8455408580042386,0.6289830911343447,0.4821010404852486,2.6450627,1.3337035
0.046091779069054525,0.4485885686723765,0.5770078634979613,0.5419849827594172,3.7621264,1.6469886
0.09744906211120287,0.048727172917498805,0.004796870518265905,0.5081381107258488,0.335018,-0.020084757
0.4595893921963276,0.47080484211676726,0.06262584889157448,0.36832194004185537,1.9644319,5.202824
0.5947177255595661,0.11914378805853457,0.7241867038916301,0.1809836561231329,1.2742105,3.4754694
0.22018307357332773,0.24387458679394475,0.8146312164957521,0.7048495999119611,1.5011156,1.4175968
0.4997093405190968,0.21233856624855443,0.3758981873653006,0.560123516336916,2.1122127,3.77807
0.3180389673360793,0.08857370238285243,0.05867160365912317,0.38953685347901146,0.44520643,0.8078114
0.18368995064994864,0.5226944278925816,0.5499757458922222,-0.0011091911129447038,3.57741,4.7635407
0.11865758174948925,0.6234439910247176,0.6705495926783173,0.1633341746242702,3.1149871,1.5349337
0.6660391809672576,0.648387146634915,0.23232555912820368,0.1125540104307486,3.4864092,3.941893
0.18984733224462286,0.795097525761576,0.2424649623564969,0.3826717697149444,2.7220013,1.849246
0.33704721340078553,0.09564187753441429,0.26101878262103706,0.339954412194696,-0.41763282,0.9054979
0.40049197949253185,0.35544751918842904,0.14944254355760866,0.03044132206293877,4.4478517,5.1622024
0.6042787315692636,0.42536916269540453,0.7219605708674897,0.5691669965250182,3.037473,3.8841822
0.5640799064414957,0.7881390733542158,0.2672552859001326,0.2651524317411355,2.4367793,3.8278897
0.38319570421734933,0.06629148633736821,0.5489658251558338,0.2870002416617213,0.5050416,2.543813
0.3643833426362608,0.15464491396930494,0.8277526995821441,0.008415054154609693,3.392588,3.7805855
-0.006797679048999104,0.8743203900829246,0.13238135938131726,0.47952687629502977,0.96786964,1.0877889
0.3599677602693295,0.6306568133615422,0.37970301330248146,0.5112652110806111,3.4202948,2.5217445
0.48611077667173136,0.6945874088297156,0.6390048645083932,0.0016981234594401831,2.211998,2.9191592
0.5618056732357405,0.2898995984841664,0.4665930832562835,0.28041794280526877,3.6124105,3.6470304
0.6454824744526548,0.2882948939444376,0.411197071064288,0.042666145277052356,4.2353897,4.064079
0.16674593839301594,0.6033275975740396,0.06047532189449694,0.3382353147290656,1.8738538,1.5174292
0.4950256526954216,0.8081520078200197,0.04954529931289531,0.02418356890745456,0.24953686,5.3178706
0.6092730770906001,0.8571571840873011,0.37769851094791096,0.0339176983077588,1.9209374,3.0345035
0.5397225767903803,0.7858211066129522,0.27999688020846375,0.6128727262477638,2.900297,3.086556
0.5292298857668271,0.7749188694810473,0.5253142663037917,0.4554331733994862,3.354268,3.0767283
-0.004636017465060725,0.2497698760624885,0.22556876985864235,0.05239865638994112,4.0028462,3.3193617
-0.029349389325670446,0.6519441931622385,0.3471427917959597,0.3190767105793203,2.3501585,0.93420327
0.4992845047159063,0.7710859256553059,0.6458004643141323,0.08550777036192027,2.7750032,3.1887374
0.014261571666080344,0.38176269068544166,0.08188743043232297,0.4351231915929473,2.0948772,2.408411
0.6369000702421495,0.8774680335813198,0.31601831233115196,0.698560597514792,2.5813851,2.9735496
0.5447825311558513,0.3028534831986995,0.7460164221702782,0.6702017639719154,2.2343276,3.7304394
0.1844733405947816,0.584694032609022,0.6469999398747148,0.43730374869879357,3.1919239,1.2292135
0.2743077219462559,0.5914550215084907,0.2741385187769616,0.2584728509969622,3.8645644,2.2751997
0.2722224740243882,0.8558113353653568,0.4839488973650916,0.0789582418855871,2.3165193,2.2586436
-0.00034428454735015157,0.7768159606374497,0.6119517485987931,0.10773406050573008,0.5562406,1.0536613
0.18811468981208146,0.021984782389622655,0.5045890767915588,0.6751256653693486,0.03530637,0.9092368
0.4497344205998917,0.49668025670309845,0.0007958404477962037,0.22120658041468363,0.94418824,5.66316
0.304563934387436,0.6443449272260112,0.4193256166298628,0.48726458286438495,3.5122848,1.4430223
0.2706233659675673,0.5428420116767378,-0.00047502819587449344,0.3666256292364653,1.0704423,1.5326766
-0.01856003741595843,0.604073825282513,0.7053872251951886,0.10281793144092574,1.5620301,1.2780615
0.10604550982101248,0.6145875887619796,0.16909133268601387,0.32557949197090585,3.2655897,1.3230866
0.513820292656953,0.3651585438290915,0.13682216929334096,0.5637493922432577,3.374371,4.5349345
0.2907809477275945,0.5782002989030715,0.08942434617330097,0.5293639535841774,2.1836467,2.0147674
0.06609709469367038,0.4584948653005896,0.3852733962005428,0.3567354374067811,3.6237836,1.5591042
0.32486694628743706,0.1821290173737105,0.24411770349213033,0.6893132213908058,2.789452,2.293732
0.06929355174745011,0.6316695297301332,0.66168888598099,0.29432749755515275,2.7903392,0.50053793
0.26751359521410195,0.19349632606002867,0.7063606298187926,0.26635376666422844,2.7341845,1.7849896
0.3028777269249537,0.04258961600879202,0.5061173142665748,0.06367461698635694,1.4340873,2.396211
0.3271769263827582,0.24654498530202754,0.2776947060790314,0.6020045140431812,2.4037423,2.6206653
0.09905639877182772,0.13250119786667236,0.5525934530459257,0.16068740509088522,1.5919467,1.4052315
0.2528997193517443,0.5032642727489024,0.5343463392427268,0.6684624570330004,3.6506896,2.1499984
0.3236662946601179,0.7733836096830348,0.08597328875248239,0.46499783213011775,1.0156969,1.6840398
0.5772912274505122,0.3519193966949093,0.34253451595542583,0.42329816208071325,3.2060137,3.7522683
0.12327032485064528,0.036470668564804735,0.5129447610935403,0.6840192613055844,0.10324628,0.7446788
0.5402029238257149,0.722167619711132,0.1815611914791863,0.3407302050554169,2.9995947,3.8154173
0.17568056589281578,0.162056286917426,0.6863466812644549,0.09462985018949918,3.809855,2.133275
0.12082617625773108,0.1464330458235368,0.5920187970985876,0.6433786068999247,2.4553897,1.72033
0.4155809134533282,0.913623839754806,0.01546431037503343,0.3592362637506017,0.5018642,3.8939412
0.02974133790409851,0.3108159782428757,0.07775797353289171,0.044285937345848805,2.221971,3.3879802
0.19553570839716783,0.6690732548104786,0.2991160266582456,0.16950592741676854,3.3142123,2.1723077
0.3100223164542682,0.00019539559617881913,0.2204775372411394,0.5395623330081908,0.13487579,1.1691879
0.06434026676845135,0.42906717064009753,0.17594575044656838,0.02848297407091478,5.0516906,4.974897
-0.011215170660837014,0.5878078963498002,0.053877609058820226,0.4997678225176776,1.8267387,1.4251696
0.4174012158901451,0.07228003909443466,0.744670305482642,0.7270254850216691,-0.6130305,3.2045128
0.34133696833209654,0.2521094609243912,0.3960197658064156,0.6173997956609758,2.905795,3.2734246
0.5374664064662114,0.8036765414210183,0.16398896541851074,0.07324104730445821,1.7488234,3.736298
0.5957597358220853,0.26646288653595657,0.1917321149935001,0.04141048399761642,4.6705422,5.7482805
0.282889762680046,0.29053303606293146,0.0517821881868393,0.005303970153086082,1.3238102,4.7303343
-0.02350749278509882,0.4413280538201949,0.3745500543132663,0.41557257506735035,3.4793882,1.5559319
0.5540403572201509,0.3914859625638725,0.33630993501749973,0.13734436734894898,4.4590898,3.757869
-0.043142863007318843,0.27012747051990044,0.15897374450841995,0.18784168963004777,4.225995,2.8339214
0.35391137757391183,0.41551247993987683,0.18551070644717335,0.23397582488539653,4.9105754,4.081478
0.5426161053527825,0.8420869280240558,0.15777878884201338,0.33674767992676363,2.3487093,3.4005623
-0.02748792026553874,0.11493163887124097,0.7323203122869588,0.18712481942251696,1.5113188,1.126847
0.26189165051576474,0.22422967661590235,0.6230908285134897,0.5279718944575948,1.6347271,1.920414
0.3943120859990828,0.7147161997921669,0.2855808727747866,0.17417978494249844,2.9353993,2.809727
0.4365698393693436,0.416346383641661,0.5095420712570055,0.29986130578284725,3.5842547,3.7880976
0.3633868586406218,0.7135594319810676,0.031835350541396155,0.7134334259588231,1.0589975,3.8463545
-0.0038106961513545493,0.3700031276563638,0.1341062382026832,0.2715733726821058,4.0612946,2.6238472
0.0782895615566971,0.46898246673611477,0.8290370366817782,0.27062357372812496,3.854792,0.8031989
0.04257640878937806,0.706013584470807,0.3833129697435413,0.5617326879380823,2.970045,0.88945085
0.33910425857841936,0.22000028930092314,0.21324573687662715,0.2912634642006259,2.9485126,3.7426965
0.2792062279186148,0.2615584904980326,0.4484966535457434,0.7384868850625838,3.032456,2.1798377
0.39960423479878476,0.11451505047707557,0.26794029839527095,0.6730259779107443,0.35889682,3.2331166
0.2272903470808762,0.22941914215646714,0.30506721909224993,0.5585919040460676,2.3423574,2.0670757
0.6296609794869331,0.3685090405429044,0.7704454544265357,0.419700221758387,2.1857646,3.6490362
0.11893827771866498,0.43482920915587037,0.518575805155432,0.3220719091245905,3.6220028,1.6758344
0.20725276286956978,0.37670713385494586,0.7882818878875746,0.11413801679629632,4.107243,1.614951
0.4697480555291976,0.18486649762224044,0.10319782368454539,0.284518371036882,1.9829755,4.548799
-0.019406735219058606,0.12171626713021728,0.687468623115835,0.48629910737748466,0.671234,0.8293985
0.6498479439281064,0.06390044965939655,0.4075950540185165,0.29811890453147677,-0.009246436,3.3414962
0.14875314421605973,0.33583993212192553,0.5666441468085625,0.4102968616209379,3.115234,1.8450465
0.0615639887284328,0.7888509651084679,0.6613170948062268,0.27583494717483514,1.2151066,0.9117466
0.5593829051850129,0.634447237256421,0.7029388742032016,0.1551563222420817,2.782486,2.8996806
0.6565879191133026,0.16277496292590374,0.4980901675598382,0.4877588816220567,2.3915696,3.7392843
0.01336706378741885,0.8588384402863685,0.18467752464471282,0.734046463787528,1.04959,1.0417805
0.051892977921065814,0.6661463532290007,0.2362848770558234,0.5131284096867573,3.0591452,1.3499852
0.6377065854597851,0.6604465249179718,0.49321475928286984,0.5250426200704628,3.7760649,3.197118
0.49239346601307027,0.5971572411564857,0.5741838191709462,0.477497215579933,3.550384,3.6729777
0.2644461633003612,0.2314131618003964,0.5824985710874022,0.5696304772191999,1.8904129,2.103851
0.5703529276415009,0.4006042262297056,0.442249162009866,0.4712362462535933,3.165713,3.8953333
0.5581569503725046,0.004217767038901335,0.5946121701348913,0.2730465687694822,0.85951036,3.5097408
0.4050354095491543,0.351517463244138,0.6160138572418167,0.09041292915475903,4.3888845,3.351728
0.5286401245537621,0.26257752874173657,0.40161938290205956,0.2134988937099293,3.8972425,3.6916747
0.46174151006978087,0.8351020134178038,0.8068740406972424,0.27510872080965015,1.4112949,2.8328073
0.48699624292676164,0.22726020585473125,0.028923436728105798,0.18564333635671185,0.55687886,4.9610415
0.12590745572868595,0.007576562217844237,0.02373311847568122,0.38530149654464985,-0.12394574,0.7727418
-0.025900386618801046,0.3856966875362955,0.7480464475345122,0.4291925307879383,2.5305011,1.3754622
0.5390722315177475,0.5042706320615901,-0.003391375943203638,0.46617178696578,1.1664711,5.55012
0.24843691033282717,0.7305375402822826,0.5963735217365126,0.16260823521268056,3.4127116,2.0919135
0.13957724439887725,0.7902608453200117,0.7002573486864992,0.6354092049337895,1.9093131,0.88915825
-0.047052127453768786,0.4096683809573009,0.6508142500824846,0.45796122612205503,2.6010842,1.410979
0.058665624888633555,0.002341414111275591,0.04055375404388679,0.6735486135583689,0.8584349,1.0939404
0.6010338211978405,0.8286941990350833,0.5912681461115511,0.17589194384387888,2.604817,3.0609977
0.5045980303862614,0.6159633163737633,0.3486042840448827,0.5987165320902216,3.5032463,3.0981238
0.057743247004362314,0.8542600627237458,0.21008707696356443,0.25492273741640764,1.4327614,1.5298806
0.1875833062494851,0.2667942152238904,0.14542345721139818,0.32295769802705476,2.9406729,2.231439
0.49322137174355957,0.18613297227047707,0.255015061391545,0.05964589165146236,4.0623555,5.6216035
0.6139028452440566,0.4730029689589935,0.4102811154183308,0.5467201205492961,3.6774702,3.891666
0.5992514242024378,0.330695016741492,0.10674756203789983,0.5753722221369609,2.2809625,4.674409
0.14127291245512902,0.8735073171429262,0.7015999624996964,0.33329430547569927,1.9477583,0.9154667
0.3123183257633756,0.42070048221736045,0.22343406634422155,0.45112432427351856,3.9312553,2.7627857
0.0683004026120318,0.6836692101081983,0.3683184703656645,0.3701457498652708,3.01805,0.89835495
0.6510474688136969,0.5688336280322095,0.8192256705864719,0.20227116930254052,1.6629173,3.2123756
0.5938187340323385,0.8175631952716823,0.4549725639091052,0.3838311985625299,2.842968,3.021369
0.06533383794728612,0.15135377052225846,0.5383088047172764,0.530955429289191,2.574272,1.4544429
0.030155534692115682,0.7550714563371942,0.14354680090377273,0.48424434914652575,2.4095657,1.1898673
0.3800715105929966,0.5285078142439175,0.04514136207353583,0.26947730570157213,1.6603684,4.7820454
0.5199493651371857,0.8723425938765921,0.0091385554362853,0.18507861428975392,0.22860381,4.5850863
0.346258773162477,0.2820684686138767,0.8110358296928826,0.3112975557099596,2.1328871,2.8327858
0.05579172590050291,0.09552707509559412,0.6053720364462523,0.5212141615017294,0.04382757,0.734169
0.33063542565596027,0.8689127107286395,0.6329601554401547,0.15983799543319033,2.5241406,1.9347115
0.00794620335590282,0.46806023900617016,0.6193100846451176,0.708458792905109,3.0737329,1.391451
0.5688489087585293,0.15540238941888754,0.6518965679723461,0.34713950382517716,1.1837277,3.5138166
0.6034987466265307,0.710799923428697,0.5572873381952889,0.3109272194001638,3.4293747,3.2577999
0.23786824752231622,0.15911472395109288,0.5414519442686334,0.5737627279179873,2.2296073,1.8892412
0.05212231972302078,0.009195240718948526,0.7951919513827311,0.04832267120649532,0.9928185,1.4177586
0.5736797620856758,0.5642674741738573,0.2888016333647253,0.3674472674153345,3.548833,3.5656314
0.31526568446266523,0.6708299128576238,0.688660151306588,0.6494427495963038,3.0455604,1.3257928
0.3752257667544248,0.4477494660500456,0.8158913062846359,0.24206180432947413,3.9238594,2.906542
0.44360582574396074,0.6934013266616287,0.4058238107514691,0.6289173756621781,3.2311728,3.129858
0.26662523360927076,0.5110872539555107,0.012315819780719543,0.6448062052584449,1.1555678,1.8112308
0.35594601728169195,0.5337339951815895,0.01243097172749797,0.14534818167348987,1.0984964,4.8444552
0.4827052956043327,0.10569445879801248,0.30114667393364863,0.39773475204846964,-0.07225505,3.3838525
0.307162503727651,0.3810063113477919,0.4020902005331884,0.6144143275745789,3.1164348,2.330073
0.5671578349460598,0.5103524167699204,0.42135392969902496,0.6666340961334324,3.6555216,3.7765093
0.6021602754744924,0.4735658572043447,0.06357081784659739,0.5190882820728628,1.9937482,5.3077016
0.16971053998174773,0.7634446529773052,0.13823365076940705,0.7284189812370742,2.632543,1.484457
0.12311580008033356,0.2789474696853185,0.5931553373792149,0.018469872010049033,4.503547,4.260868
0.5532260803816261,0.12048888806151101,0.2718749081843128,0.3201964905211198,0.18918312,3.676751
0.597127311958323,0.027139965040344723,0.47521336238844303,0.17702139222573168,1.7843802,3.5464041
0.5936651159182713,0.5549694529437189,0.14244441302875432,0.6557073455324065,3.6881702,4.7247295
0.4212014136541789,0.19226381093922548,0.3201023788152335,0.3023292337502684,2.236637,3.5375896
0.4402815268384514,0.48399702507053316,0.8180610202734206,0.1481496504008294,4.009501,3.2773151
0.6184682151628221,0.06436536298326868,0.5293354582147147,0.6546853239715948,-0.6149223,3.6080241
0.353477821245147,0.8712509697453422,0.6946939659896172,0.1976372972180435,2.3498495,2.5632672
0.24235005072760568,0.4428999335293856,0.5539856088405789,0.4314835871287139,3.5531893,2.1988525
0.6405292622901753,0.1699212930959899,0.3532846683495504,0.4942829606515929,2.2968004,3.727964
0.30882143384979766,0.08698922076499559,0.7902717130615148,0.4892677802305335,-0.6564958,0.49462354
0.36138449063611255,0.6177807012137237,0.536833630088569,0.6939388825056632,3.5907598,2.5751836
0.6605408896261804,0.47717654840899476,0.5506367431681756,0.7355588710322377,3.5416722,3.7375078
0.07376825247996996,0.7680433958355011,0.2844720582666903,0.4465446712092077,2.3779106,0.8918602
0.10156801507304457,0.2486813853264944,0.17105194037819835,0.36519614630193686,2.3116663,2.1041517
0.2891395631388532,0.8360436472066093,0.29170573391957166,0.12749977847436914,2.0110326,1.9549179
-0.005578297439388133,0.6732428674056263,0.12766645092209838,0.2132304170205382,1.9718083,2.0507338
0.21168726049033787,0.6011567433574087,0.7147617631772145,0.6455500482182679,2.6061294,1.2023734
0.3705614130022989,0.5402169756246104,0.032435878103665355,0.5236467431418693,1.2400601,4.582616
0.5572971879315026,0.5993139538544198,0.8085880104474318,0.2768502731587289,1.7556367,3.3018816
0.42245255344816834,0.6966958647623721,0.4833371100474296,0.2006877057147705,3.4299836,3.25472
0.41289945238858317,0.7971622315504175,0.27586826169867856,0.48066499044975525,2.6201367,2.6616237
0.1341801347262433,0.5738789856769293,0.4829695170626486,0.5068073384319832,3.779136,1.1862181
0.3451756969272339,0.4985670153865458,0.29590908609865135,0.09363719907953866,4.66284,3.508525
0.13349813935725308,0.4530894211639183,0.035644189831339705,0.5505254115288674,1.7712859,2.719797
0.5650384340244214,0.9097072309464187,0.20080369522970215,0.22213611562809407,2.2704248,3.7434895
0.3936720014315342,0.18285967016836396,0.4279582689334259,0.38318035785307425,1.8934625,3.0067403
0.2261687990822241,0.011675726792355817,0.07359666446822405,0.0027286905024582952,2.4777043,4.142013
0.163656151590224,0.7558374715736391,0.43916222409336775,0.680256723109973,3.3039417,1.1119972
0.4202646906257733,0.21361687201058446,0.13300185933902617,0.21841070598446358,3.0636787,4.116124
0.36646888252815135,0.6472115786046403,0.4731641716762662,0.6632944574918765,3.7062912,2.5272696
0.6559675434052138,0.5133716346300624,0.7116345819123798,0.24558564543323033,4.2806835,3.6073306
0.04503716303924095,0.3270818726478603,0.38846358999097913,0.2788077160312382,4.3309875,1.6233506
0.6530002151690656,0.07492710786231194,0.10538383943032424,0.324234491482851,0.42747423,4.2484565
0.14293087988362863,0.23989833657107226,0.7259878427797025,0.4450240888754321,1.6682578,1.6813823
0.39294890053549103,0.2635653243598605,0.6813276377460366,0.35431383281438456,2.0109832,3.081523
0.0012047481212709224,0.664577563296354,0.11646052254415473,0.5978328066110092,2.0698917,1.4726906
0.39877330378502646,0.6047778223111122,0.7783480078056243,0.6567011058532454,2.196538,2.8092813
0.5790684782060774,0.75057458333054,0.10028674355846745,0.07510906571881604,0.7892378,4.7053194
0.3280527583096315,0.22794827596490036,0.452791244046472,0.6871172781518734,2.3667483,1.9863183
0.3524684382052626,0.6667923543606331,0.3009632844436463,0.5709070508221135,3.490329,2.6042807
0.5186105597660778,0.191554451947565,0.3449661502778903,0.048544565122798505,3.79106,4.0548162
0.05986497789628753,0.810840187119127,0.6533983480332863,0.5460106378551857,1.408606,0.6702031
0.5962404222468463,0.7425184343784007,0.5809586845786181,0.6972556289027866,3.3532615,3.1272118
0.11070136446686223,0.8370204333780376,-0.003920625983453283,0.15055088371604858,-0.98236066,0.14274825
0.22140320177414036,0.382882650623381,0.19460074644193737,0.6844861764798197,3.5976691,2.661478
0.4337194476126052,0.8206810466817139,0.7615174366107468,0.2105084546596799,2.1208436,3.016355
0.531473771583967,0.07953388615721907,0.3702535416228334,0.46701415597810825,-0.100865304,3.5840628
0.5036194935681116,0.2773977434951219,0.41568993905918844,0.7332692272400981,3.0339143,3.8221521
0.23486864314606914,0.1363026254421483,0.6575835676843454,0.016282148465643922,3.8107352,3.7584102
0.45637772255536785,0.10771595670588437,0.1861912449999355,0.2670615598949514,1.3491076,4.1340523
0.3502626144714828,0.8214737705896432,0.15159443593390862,0.549154257561685,2.34962,2.6446695
0.6085559339486597,0.2597170381834247,0.36394278123950885,0.08361331738405292,4.187569,3.8623667
-0.040097783913839544,0.716851993982367,0.28606477868947133,0.19416986903942143,1.8927375,1.7823077
0.2064852843797671,0.04488926196191918,0.00580058815955429,0.13435551258705333,0.44983354,0.8495086
0.42140682392382606,0.05414165438212517,0.5760137281663079,0.15718029324046912,1.6260608,3.5484288
0.101937737133188,0.7249208973904019,0.17255820731296548,0.5744057736467874,2.7365067,1.3801348
0.16080131574374645,0.1609135794311836,0.45083307230318437,0.6950294601683598,2.9183915,1.7491597
0.015218014450112685,0.5357705416656303,0.7369782270160317,0.682698533939483,2.3879404,1.3046445
0.6233906723694569,0.16578322472261015,0.4147764643141129,0.4969820137080889,2.3036325,3.7485595
0.15900210412642002,0.2425874798230073,0.527344861381038,0.04684291005497858,3.695599,3.0351436
0.133172044159295,0.283663012918814,0.7396055019200356,0.5086295825957761,2.5762827,1.8574026
0.390596805024389,0.43131716190677466,0.24914646136937255,0.011721028996086498,5.585055,4.9862647
0.36993301869066314,0.30444255514847424,0.11148064610890178,0.11612092434353176,2.4763794,3.8450935
0.055487977845828235,0.6914667018619823,0.26184366596031755,0.6172492005453091,2.7112896,1.2925403
0.2605004476289776,0.4182019759781131,0.23557096350062354,0.4401226736053744,3.914729,2.7307026
0.3604910173812453,0.841001133025865,0.7545730823348098,0.46111100587684556,2.1060433,2.3384774
0.34421540203299134,0.08308154691741022,0.20603928304663893,0.17842569858854587,1.7728249,3.3198853
0.48530019193405566,0.4574615100065958,0.45348922506791456,0.007856127177756599,4.9257946,3.5994213
0.23622682356730962,0.34506669647117955,0.7413496175782804,0.47520835822537827,2.5741708,2.0454693
0.5885920865661444,0.5269537143422655,0.014024696601206702,0.35702424657376497,1.3192765,5.3840775
-0.03594360005889857,0.8523714659865107,0.42682506150437044,0.2592933865431047,0.3942381,1.066507
0.29887805139871887,0.3996749043746545,0.5032291357313479,0.3551054919177589,2.6362176,1.8519874
0.19901629289565181,0.1768478600283897,0.05677980717457548,0.35831560813713687,1.5982162,2.0068703
0.16494434463171292,0.7943720303627424,0.7714731288720087,0.30784388328917356,1.8701684,0.5585546
0.5028952992990967,0.11820382435648312,0.6950292403722113,0.22737344385518954,0.92875636,3.410433
0.6121427871119539,0.3584164510514967,0.11883840592859193,0.03212003335528983,2.6151903,5.9302397
0.634935454801384,0.48513831578771305,0.5302853235147915,0.4069858390129206,3.6058195,3.7019207
0.6640875763054271,0.20422290566203144,0.6108001446021271,0.22658638588749455,3.2224946,3.65418
0.2305248143346883,0.32900507935396817,0.6132433548839394,0.3153558401157423,2.9508317,1.8703253
0.3675180805920052,0.7721839321127434,0.6723158260044796,0.6013242555979141,2.9812694,2.3831675
0.38668397421056366,0.46225084272039096,0.4989193510079393,0.2502311810276447,4.987835,3.4818184
0.6344599048017253,0.024814794010817095,0.4456070056063542,0.04028477798997039,1.7341564,3.9746115
0.39557259763610786,0.7348103746950729,0.08691764984638754,0.04967227503210439,0.79757226,4.419562
0.6301992096277514,0.2548124113330942,0.7242519853738018,0.4899202775455593,2.3233604,3.7321353
0.16796969642431892,0.4762190171930203,0.827124882724973,0.43096595550670774,2.6658013,1.0650346
0.11265048886421324,0.8068188573348062,0.05309070761437101,0.5365574207266127,0.5125044,1.2234832
0.28691942743427257,0.30408113011444005,0.5534955923967256,0.12482386663193143,4.0839524,2.6628232
0.4013508958136882,0.9075571857248593,0.4971027337057989,0.16647168633347592,2.4816403,2.603104
0.2700783236910136,0.022718654153982717,0.7288975002513338,0.6746076378781002,-0.5888164,0.886302
-0.013341249955460592,0.24192948557077368,0.04759181417720726,-0.002273992052486448,1.476529,3.6560743
0.2981054460296151,0.21495189507948884,0.45609491715372,0.12444027191235835,3.3428526,2.4910507
-0.00792070100804737,0.39409279474374037,0.713080637857652,0.12578316547535384,4.330254,1.7806509
0.04137969973912667,0.48955064958606903,0.3559310209808036,0.20544506985729474,4.2591887,2.4061131
0.39140709864103723,0.2338184501187056,0.20386208828565067,0.4641292287604462,2.3517087,3.7771957
0.5097487841963055,0.48154086497109044,0.5652220319625033,0.7002376117894973,3.661761,3.764197
0.31407722697738394,0.23482968869372717,0.5070660781312198,0.12109148885101548,3.3489928,2.4842057
0.1708181910433466,0.6063701856558633,0.4659359930465258,0.18877003553676333,3.7760491,2.0474768
-0.003248888597513995,0.17631712818969889,0.19360711203405376,0.051183512736555636,3.99038,3.334768
0.48754355805338917,0.5184460294063484,0.48947530741789275,0.07308329931395172,4.6400676,3.938426
0.022710938418620666,0.38742762216503485,0.8194223083026005,0.19626757008557494,3.3074899,1.1326216
0.5111134583020525,0.5728957681727448,0.5394382245000342,0.39190147012580706,3.5052078,3.4722168
0.05811581102763626,0.25002569860520274,0.4450752513432899,0.257215729290634,4.266224,1.7967441
0.45920383236638823,0.4905208861784238,0.1309643507469417,0.5205178004427541,3.7909884,4.6136646
0.5865244599757327,0.374538146806736,0.14695271750566627,0.5862917443283086,3.3711338,4.5349345
0.33427758584595335,0.6686607774780641,0.7204250025937764,0.4300188191764957,2.5270548,1.2679687
-0.015299371878336271,0.0028063956402426767,0.7625268935395934,0.47360114343585724,0.62123924,0.621016
0.5005696887164428,0.6262473135227395,0.5407872589169072,0.5625663891382222,3.5166466,3.133939
0.08527355009667208,0.5721524929841223,0.4817217556522395,0.47471817492496104,3.7334206,0.92346334
0.09609172820198818,0.4344672950783643,0.4723294443654038,0.4704876630601961,3.8544304,1.7463775
0.17268561594839033,0.05610021215674819,0.8254515858388254,0.1281383448593941,1.3440288,0.77925587
0.2946168118888594,0.20811487547619828,0.04714225300684209,0.39565821766868103,1.2906588,2.1309452
0.4424393920366015,0.046455512053979305,0.7984936874548637,0.4808811125910134,-0.6392253,3.47085
0.3687690417331329,0.8862044791766881,0.40628568858793807,0.2353913730155045,2.3407183,2.4877353
0.18543086969166966,0.7410023283865207,0.6379630328104267,0.02162897174941052,2.8048277,3.5174162
0.06881850435921157,0.40694067683256063,0.17301594936631204,0.41441265435606883,3.4058383,2.34775
0.329427375503631,0.09804616228233277,0.2984385101367869,0.4415602030598007,-0.093779355,0.9979281
0.5836531690800063,0.3075685960092937,0.09276509814080545,0.16760101644558864,2.2587411,4.786439
0.2774650806277795,0.41196299646338025,0.22485088041925735,0.2095943478728976,4.9530163,2.987192
0.5150729602963076,0.5531974455761786,0.05790157951610459,0.04367625493883569,1.7130827,6.391856
0.35231130219519385,0.3014051049619948,0.08279085668147274,0.5887079114467334,1.9905579,3.945509
0.6150986654710977,0.12983113380025596,0.6455001585256736,0.14237905580503787,1.6099676,3.4211996
0.6099453188177015,0.49312587385814854,0.8002345716669356,0.6206667795080988,2.6021001,3.495187
0.257778788858167,0.12709327516738944,0.7020894446115558,0.6415547254446973,-0.7014592,0.88799816
0.17823435089493428,0.8317504240899308,0.2719129270841377,0.0680563319275501,1.9709088,2.527076
0.49431644059282925,0.7469124374342425,0.21857738558754342,0.41693661060356263,3.1666422,3.9699564
0.30850492639240107,0.8902803709732829,0.6877770229003722,0.2820065535553561,2.5234528,1.5533253
0.005679421572369996,0.8639357213029075,0.02564029910839938,0.7302885211513297,0.26247224,1.0305231
0.6431260664702158,0.0904635997339395,0.789707357708534,0.5195544159266375,-0.6392253,3.4765625
0.3291547627870761,0.6754280513390402,0.6218930172189389,0.5168067802282529,3.363726,1.3784235
0.42466665984659735,0.03002635770357642,0.0484152689951039,0.20397030105471048,0.81574976,4.6123796
0.3887667662117285,0.02015361809802446,0.46791130264993047,0.17528087273818818,1.7211603,2.877044
0.573579396066437,0.6631071658745864,0.47795887176461055,0.062078488467048165,3.541808,3.1915596
0.27570829128153035,0.1641613077282663,0.23711546951706133,0.5579836024704542,2.5249176,2.208415
0.651326678633336,0.649226079934233,0.7741693843277376,0.16466733531900743,2.5922513,2.952524
-0.025046643513312362,0.1323122472585873,0.08826799314173556,0.6278011980470999,1.15834,1.3865236
0.020770610968970635,0.3963907691834299,0.3976002871521429,0.406144706679759,3.2705586,1.3643357
0.6677873277038237,0.061419675305320595,0.028023081137639478,0.3794471619108225,-0.42198804,4.663813
0.2465644960652505,0.07573215170909688,0.1825261428498876,0.41161552309666555,0.2946428,0.8469884
0.4413330896661365,0.9030289630808824,0.16198844992958225,0.2371323144182363,2.1251597,3.4431078
0.653599132138926,0.5887026882198318,0.14126408270323398,0.5452030066551908,3.4991465,4.4000297
0.5168647459576801,0.18383523644858313,0.5073531295478062,0.648648878189786,2.0412543,3.7669954
0.15649094186822066,0.2118689631037534,0.17500424608178125,0.05702807231442904,3.2350345,3.6190429
0.5267849374445845,0.1417868175071936,0.43541685556610144,0.1202847212274855,3.9152792,3.6106133
0.2777243175486851,0.015399245987863798,0.0801352612172621,0.6880704162870249,0.75779057,1.1377039
0.1058158804567227,0.29551981485631945,0.07670475705265381,0.37997436069363594,1.7509484,2.104291
0.46256999491474565,0.5652080315740902,0.5283205870149574,0.4448307829141732,3.4474564,3.6487489
0.1648056946525362,0.26514535284591695,0.8061066361691904,0.013778021329053886,3.7027168,3.702098
0.08477339029933618,0.6398673663358906,0.6688826321008143,0.7055364471706922,2.846715,0.6571134
0.15313019700990266,0.7670863667629749,0.20565200478519513,0.28655238427228025,2.639295,1.5076555
0.18871962531673242,0.6675840083823367,0.616990452034424,0.7311950880327729,3.3835394,1.3643918
0.43005453117197684,0.19746647519647195,0.708659860904861,0.34923214471950814,1.1972011,3.4759164
0.6622347907300223,0.31275182304816473,0.3899194486203286,0.7373927908066823,3.0893188,3.8015566
0.2737656374357764,0.4028676554902848,0.3127091640208788,0.3949959632238406,3.2884855,2.0898294
0.15490732534752782,0.593075508541156,0.6905148897251233,0.6914347423652142,2.423433,0.8078554
0.03629609593338916,0.1865522268474773,0.303376681230056,0.3015860679256081,2.8208547,1.1641
0.23832537214560606,0.27284694548685484,0.3825726917347127,0.18328213552726663,4.043399,2.7455595
0.501223092741468,0.30061678624571087,0.7426609035427939,0.5500878094163916,2.3233604,3.7321353
0.030584866592701626,0.31951299090012836,0.41843208029109147,0.6993726988491585,3.2976272,1.6065782
0.3161136052653781,0.2743171271407717,0.5357164210936659,0.41615924988348013,2.6853468,1.9274127
0.3382815853335511,0.33706015150530916,0.3944279508960151,0.3507201193508886,2.5594037,1.9046209
0.5160833094917009,0.9066998584990167,0.2937082866463801,0.07132389726760377,1.7896603,3.0938866
0.6198939742253966,0.07869890057079106,0.3951260210143806,0.7104950437462555,0.15880443,3.603812
0.4505793048758096,0.26875894440673,0.7188242535796774,0.10581612390908757,4.3273964,3.577394
-0.01710422651399498,0.9126867778227072,0.6371916818713323,0.19492477987525103,0.19890703,1.2647593
0.5711691910283818,0.6717420470968443,0.5709495416032149,0.5925076003767481,3.5618534,3.243852
0.5070534698845943,0.7018814565472753,0.5313489094403616,0.22956139875452897,3.3973272,3.1815126
-0.018192212946280262,0.7288668724305473,0.12089477460255502,0.5847766382548283,1.6774563,1.1696105
0.10083634568079246,0.37242867435023747,0.21369375453512948,0.34531298839240954,3.2197554,2.1426904
0.17018437026072208,0.4785252880039478,0.29101808046744837,0.17934864257036762,4.6595564,2.9321554
0.4466772777415002,0.6606995217888633,0.3919055869089679,0.5434477029448168,3.4592412,3.18066
0.381112049292787,0.2068444979816622,0.373308699665001,0.2581819583019697,3.0418284,3.1925087
0.45333343978460056,0.3444719446154623,0.3813545978839849,0.5952077213695822,3.0198662,3.7968776
-0.032239023040696854,0.2804683967314844,0.8174204401924654,0.09898494956778595,3.4731243,1.1170831
0.2847509286503899,0.024500679384659847,0.5847145693312445,0.5317190783246744,-0.6130703,1.0248811
0.1944115674633452,0.8913746332029631,0.19991414581962114,0.15438020292791305,2.1500387,2.0247307
0.33552240110680964,0.8632059482054292,0.07214980713689026,0.15311225188425534,0.42689693,2.0362642
-0.0014415540563275583,0.5681075213827718,0.5222342174554613,0.37523063869427503,2.4380467,0.8192394
0.07957973065146222,0.050301597437951755,0.26283327903404646,0.5550365277811289,0.5572825,1.1415262
0.5795155209759598,0.6085254553231678,0.24035036686731792,0.6057635394872076,3.5237112,4.5086393
0.3096695684386897,0.589164409169912,0.4901037838175779,0.0916792433790935,3.8085287,2.166685
0.5327678486842423,0.5168534078285583,0.36883291205528984,0.6521548676842471,3.6629941,3.770984
0.34871240362028344,0.2004632568045276,0.5981610999178716,0.14460625617324213,3.8268535,3.3219852
0.005223468597610914,0.43837486168213985,0.7422213213829354,0.18980840160075155,4.398708,2.0067966
0.2168766129877162,0.40589423431420163,0.7404992136022369,0.7113652823509522,2.6796157,2.0610712
0.016928451537443753,0.00864860709028378,0.6302572114492913,0.7398714890006601,0.15435398,0.55345756
0.024153755820656694,0.38613282953624156,0.7634311560282894,0.5380657824787143,1.8966839,1.0997428
0.43237589334191384,0.29600255544354964,0.5559547088422684,0.7070246042838509,2.859521,3.8187532
0.19984949612288055,0.739234939700842,0.5210323403531937,0.6216327468969397,3.4475884,1.5919827
0.5307973499793127,0.6223892474302138,0.16259205988044026,0.6404811227380339,3.3973563,3.7831545
0.4105997153975327,0.720679580416701,0.3466302537452608,0.13883886732542908,2.893348,2.8435888
0.016380390299157804,0.1778112750681086,0.5865421730230577,0.7065680864053806,2.6594095,1.3709124
0.3055554485107379,0.39275153192777834,0.3652871200110647,0.3989128747904137,3.1515157,2.0921736
0.4703979689314592,0.6104516093683696,0.8251219875463554,0.5155506599151092,1.4404631,3.298027
0.15236778110777088,0.6847562614792281,0.7521325038645993,0.33410281378162004,2.0828593,0.49633768
0.451803598149997,0.29290031203986866,0.24007107707184794,0.5682800203887729,3.1545198,4.423646
0.21255037709753927,0.27569428539280694,0.45046224123661627,0.1582313898093365,4.207801,2.7228818
0.42641098325025234,0.7976227574766115,0.2944363979118288,0.39166342383924,2.7251391,3.0118058
0.10792480146550514,0.3912496998030237,0.41277837758687314,-0.0019287599810511686,3.9356122,4.266971
0.302775433309643,0.3625640485992433,0.7075415872355346,0.6128096130805969,2.5009224,2.1488347
0.4478722389570167,0.5374981828260337,0.44896816725213545,0.14358610025208696,4.803518,3.7629933
0.6664139988366431,0.4654777017179407,0.06558777860128051,0.003839232520062033,2.1905315,6.2502265
0.2402857294487919,0.6197635826063348,0.12720809468599006,0.5778376898825982,2.2723024,1.7849861
0.02858558758566604,0.8942624217730223,-0.0016823598988793941,0.33078671951025984,-0.88380784,-0.5819444
0.6262560255360987,0.30952052395646723,-0.0046795362925053366,0.361896916148967,1.1333885,5.005148
0.22768671052938422,0.7231252568157808,0.13939417376451615,0.5116960196518411,3.0098605,1.8165526
0.11411715895432555,0.5703226009905492,0.21653230490040049,0.6241648028093034,3.4196606,1.5736102
0.5909190622631577,0.02787136504378868,0.5834150987228176,0.6370123475204952,-0.5982944,3.653836
0.11805390271992981,0.11956189331791361,0.07000207202800415,0.038389621452677644,1.1444124,2.918296
0.1795770840916373,0.2714131863112055,0.20104513075079333,0.07611238905147802,4.5127096,3.38582
0.5487160905162637,0.781213820499909,0.36626875000885406,0.5903649962069316,3.123215,3.0158436
-0.0005723360951170389,0.39044179307190674,0.18727211617356546,0.4244993978363429,3.2349145,2.0961847
0.25622376844235245,0.37550873881389873,0.6356890345050751,0.6330370520096191,2.503056,2.2061865
0.027994947493513292,0.8701739772021312,0.025850560268125333,0.19347806146025653,0.14736387,1.7485356
0.24491526722273255,0.5244559111526995,0.7388577499132515,0.4652299752996859,3.095557,1.9727205
0.4972425671972844,0.4395707578065649,0.059702746754906215,0.5843888125092174,1.9878845,5.1775866
0.5365127405149364,0.3984897035262747,0.5110430268195039,0.493389468592612,2.9373562,3.8950307
0.6248441878351828,0.8854621786018243,0.16563030281877303,0.6593838657053234,2.2711413,3.441523
0.2568892748450246,0.5119409856094541,0.2582731477759936,0.5728567359232557,3.923742,2.8193774
0.48161313532953626,0.5625420939992907,0.2240776259723218,0.2922668273736208,3.9906232,4.9736323
0.03391050050853965,0.5800799161874616,0.04990408614948661,0.07711236050898812,1.5448836,3.1654992
0.6423880080490219,0.18146024674902772,0.3239409787160956,0.30099669610919305,2.2429733,3.516423
0.2682907646041761,0.7235933557335235,0.1741503279406743,0.638076754409529,2.8980732,1.8427184
0.6484286545478469,0.5317585769101127,0.020070852261640425,0.5526861125210051,1.294243,5.600519
0.1045983647365752,0.05950866351973051,0.338685791314578,0.09553054809145525,1.7085696,1.4709654
0.6392389073660873,0.8297087951938029,0.7555920113643665,0.5348061305612137,2.135256,2.9447494
0.0392966700238927,0.17419034010336307,0.008746706312749,0.3886011916760767,1.0230286,1.1287035
0.5441266320707849,0.4461315396391599,0.1261073386371693,0.6821043465140414,2.802975,5.260294
0.1455319062664041,0.46191831525888666,0.14900747299452963,0.5325597604972504,3.7832901,2.7445638
0.14417130371011805,0.5669600239093082,0.508157906906621,0.6089406096217058,3.479742,1.3456055
0.15153788212022073,0.05063569941516924,0.10432070175190072,0.2330706434287073,1.1313465,1.432949
0.09165641155355646,0.48685486296429326,0.5402775016517517,0.3602775896067412,3.5754566,1.5261633
0.043157063814792535,0.555712461843017,0.6671983124172846,0.44239969819181274,3.0643237,1.3963624
0.07894860319881535,0.6501417670131322,0.12555239195056137,0.5956863010458013,2.17857,1.3115791
0.385096743578218,0.9173091608234483,0.31507863109686807,0.26380214871997165,2.3278477,2.4905558
0.4391345073008627,0.5595307078020979,0.41767987934922635,0.362278509498087,3.5913477,3.717126
0.5557299918172531,0.1730235803489514,0.5802033196195652,0.24260357473521835,3.3081224,3.7129495
0.5746758998469448,0.9009403067033447,0.46388562758824026,0.017139262228222134,1.91875,3.0504658
0.04035582490637192,0.506259626888283,0.6996016235248218,0.14144171932063132,3.9873898,1.873897
0.6385809248806907,0.7620032010486694,0.23415382819483627,0.28991677625737006,3.1489782,3.6639087
0.3143005951738966,0.7591792514338921,0.2184556276283968,0.6478300902408944,3.1832948,1.802999
0.48236027593690983,0.2512161127863431,0.7753873431479662,0.23622783709141987,3.116162,3.4962947
0.5919551647297596,0.14020975788179346,0.573937657996523,0.18265054266233754,3.84569,3.7576642
0.48060123331991006,0.8748677164013413,0.5730960193472543,0.07046605943729065,2.2958786,3.1666248
0.08918490062169003,0.8147382740162514,0.4606011977852293,0.22039556987218495,1.6432908,1.3712021
0.5493046175583854,0.3386325817881623,0.5166661851794088,0.4475753018783377,2.812422,3.8021004
0.0906389311653603,0.09272874584851275,0.5551534704710708,0.08855605575170733,1.6684098,1.3252542
0.45866474311183086,0.41159937849709033,0.5593628924684722,0.5835129339970859,3.5430238,3.9500248
0.6482718235126658,0.7191439294891689,0.6912817533735199,0.692426076413813,2.4104605,3.085427
0.41017965521307004,0.3154938656335538,0.08148323365261798,0.3637138171058758,1.8434483,3.9575222
0.4717927676961661,0.8893968771200235,0.23112723699673993,0.21177945360650488,2.2636824,3.7561116
0.5526407258210226,0.08495773763472664,0.6482367320567405,0.12238639082310085,1.6099676,3.4211996
0.0724477879458107,0.8224903997138167,0.4601166922812108,0.4988132775824692,1.797035,0.87122065
0.4607059208319429,0.5577427466623724,0.3272841537319366,0.5049075873699158,3.6657908,3.7768211
0.11576172930540805,0.8247525338685696,0.20177755114950058,0.46223802235736144,2.0958176,1.2991678
0.22578182303155786,0.22684701121442852,0.7720832201660611,0.1981707843670266,2.612658,1.7170366
0.6628719232767418,0.8883482303667745,0.06086974854274176,0.5827420783785677,0.73128307,4.26829
0.3760568203066627,0.04324790398904443,0.7671103041286775,0.3248478901853428,-0.3165387,2.4317534
0.010485409228456977,0.8342457395209115,0.4320362084043636,0.28518546536843553,0.81728655,0.85432726
0.011826798947539532,0.736730963933821,0.022418426549846743,0.6996614473087713,0.45923623,1.049887
0.07183977222524858,0.32725649934183293,0.6125707764238881,0.40360743806618965,3.2099059,1.4864144
0.0247854967527337,0.07262846219149428,0.062281737649244835,0.6434415298681958,0.78846407,1.0985203
0.03295815874162342,0.7054121919988265,0.7593092915334759,0.6004966020553346,1.4186074,0.22560005
0.3321424856033816,0.039799787533632495,0.7330102589149943,0.448454677538962,-0.66983575,0.88799816
0.2971140256248467,0.202181299893269,0.14031859051623058,0.05386988635320042,3.3141382,3.4679568
0.01283522851354095,0.06597300608562318,0.7993742631239844,0.4963364097621411,-0.07348911,0.26039463
0.12859810126049948,0.7687356694416477,0.0644131374797385,0.021751590602445817,-0.057561852,2.4799387
0.46833483959985983,0.7696698036808348,0.22603885179721694,0.2226964192127307,2.9535878,3.7595017
0.6619001448156221,0.23180417227201444,0.14446793435756014,0.618096085988136,2.3437636,4.2377815
0.3869695314634085,0.5917687905966775,0.7846163068469983,0.6853016900084473,1.3901118,2.5634818
0.25838511148231424,0.7652113482857676,0.6725013882796865,0.056147153859177054,2.7484381,2.3193226
0.20921819869930736,0.12400327220272744,0.287424820058971,0.48336513049254753,0.29007912,1.0045953
-0.010949605504336497,0.5833916637659097,0.5017697420265084,0.08895310511997598,2.4924474,1.484112
0.0024531933137329487,0.016251395029806714,0.006748699245891031,0.7180281204525388,0.10941261,0.23023583
0.5341640881485813,0.7587131009204267,0.6806212992449772,0.08208145485059304,2.9343526,3.2576656
0.18149280616123398,0.7644467008028762,0.6693184027744439,0.6091611027219084,3.0945075,1.3252635
0.36244628926963485,0.12242089242097652,0.7564968092056148,0.36945752591556674,-1.0966594,2.4495354
0.3065549672911148,0.3844933311377644,0.09671478561579966,0.08990642672297558,2.168198,2.950225
-0.0054225320359829465,0.5490638805477519,0.10337124271173626,0.6578381348637675,2.5912442,2.3129501
0.021343330353031445,0.5960456188387744,0.0903017317231767,0.22549140215158592,1.9991642,2.0451248
0.0933521853532271,0.3000232652027297,0.648899977806638,0.32981019163106795,2.7598343,1.3080581
0.21742584276202703,0.14552122531980768,0.5602364720737819,0.12007032324131235,4.0549574,2.4975429
0.3058960147263125,0.12908096754881027,0.3104637631676601,0.19272792504578265,1.284713,1.5596741
0.28187035339203487,0.8651601646068416,0.46821667226185176,0.12622371176931246,2.2448413,1.8816547
0.3694465855853834,0.16892192029710523,0.7768282933286762,0.6264164231560496,1.4270024,3.161761
0.6596427696553168,0.6865588384082684,0.7503928784816906,0.6628017720421776,2.1242778,3.0646417
0.12461872858280519,0.5514133741979231,0.430609181470407,0.20779578647416744,4.5383587,2.6823163
0.5120708557719769,0.06325058281253881,0.5012337103457886,0.2496923868093381,1.1690246,3.4451776
0.48973263523902794,0.6818782713380628,0.06689828591261604,0.1432715492981693,1.5171245,4.6569896
0.5976779076313811,0.7320382641133832,0.09136594217437519,0.03456549960609526,0.9888691,5.389154
0.16705195894492797,0.42358420487597415,0.03372041965028359,0.5927149311736581,1.3382728,2.7342145
0.1172407309320136,0.6637274189645948,0.3329403970216784,0.45180129635501604,3.4916425,1.071784
0.18698466066316327,0.6024419409899949,0.6741938042349419,0.5767196881828426,3.2399154,1.2540985
0.41564402032885955,0.17912187669024526,0.3872866186549978,0.1460027086588214,3.779243,3.492724
0.34885783173009804,0.04706830227671108,0.16094884758727288,0.08590486923365771,1.6688627,3.6022635
0.4895714035964133,0.05541439428884566,0.6713727327732063,0.5019276329213728,-0.67474794,3.594882
0.5856887171481259,0.13561889353168083,0.40793136977783195,0.2151743487149401,2.258635,3.6531887
0.6274803010806658,0.19596785911584033,0.7048178115845092,0.22866753560754807,2.99096,3.525602
0.4353016984962574,0.534305557808294,0.26215352767584754,0.09696150957035866,5.312369,4.99758
0.43600508507972197,0.8482555127738327,0.48879028815741954,0.019487049388222925,2.2462485,3.1518211
0.517945528007129,0.13903992691538733,0.5326243227374344,0.37363526474417663,1.5164261,3.5281055
0.5675630708440657,0.4549134656051937,0.15369553924908427,0.2630745411279939,4.8691397,4.911481
0.09098014241491824,0.6202362026769827,0.49493906524071324,0.6310914549654396,3.7415385,0.89923286
-0.04520370229001096,0.7781450853970163,0.35392660696497447,0.3411302497497487,1.1958902,0.8492021
0.2806350103005073,0.9165955979959287,0.4250886709632294,0.6587025486596989,2.5496724,1.5091136
0.4980080608934911,0.5482875362689978,0.780131643647221,0.6860000012076553,2.458697,3.6009505
0.4036787475650006,0.9037608760497887,0.5852522649574123,0.6295309152726262,2.8263505,2.411584
0.04664357845688197,0.3504984186439705,0.6785068208202378,0.017707361043806956,4.0828176,3.2833364
0.07079477303115647,0.7899316131828164,0.7801067278980915,0.014925246959285113,0.20062883,2.1115298
-0.022769747550611077,0.34004726880968555,0.15287078241748558,0.48835074735590606,2.9451458,2.292037
0.4566403588397057,0.7805619954675231,0.1593368144898795,0.7251713992249171,2.8184862,3.4210887
-0.001958578652055877,0.4548006815153822,0.6750008251550326,0.31013106379069305,2.7131686,1.2447225
0.1369656509804123,0.11106340348564016,0.176835714275311,0.2987795997388548,0.5516288,0.79259515
0.233776363814103,0.8581331522042112,0.7540100449344407,0.0717221000976888,2.013711,1.891438
0.018343592074301487,0.5228605437946751,0.746935635329008,0.6384256815504099,2.3695726,0.9003353
0.4660240116837266,0.7002635667787105,0.16476202217873692,0.3429001452972745,2.857701,3.8094566
0.20651503800596416,0.29202021250245536,0.67615286789327,0.14905393682055687,4.248407,2.4616244
0.02635398801690475,0.10402248642230098,0.016422688157968542,0.2242395542653103,0.047214933,0.5374437
0.015533211312166756,0.577222354792561,0.7574895658848927,0.40584091745479733,1.5150023,0.11087985
0.3737308221796948,0.09404044447339861,0.3350576666570978,0.5163849102452936,-0.12225638,2.6942217
-0.013735922250010926,0.21022228843330945,0.4359495279838124,0.31213266045314647,2.65208,1.1838516
0.06288759899891572,0.7440820622723712,0.623490218813604,0.6493850130359715,2.3379328,0.61273164
0.11514786056752734,0.5988699974750565,0.0951754167730093,0.736493960277041,2.075984,1.4392171
0.01801358856295343,0.7542670684372337,0.22930312721316293,0.5800602074938273,2.1170294,1.0901213
0.08170204932046539,0.04577181617244929,0.07869480989795184,0.7324284496134005,1.0179812,1.122387
0.00450825437209839,0.9108806825327338,0.09838725125738187,0.7286639637546835,0.29491812,1.024551
0.49890518584616544,0.8611290084135458,0.15619424144299746,0.011062786178451318,1.6235064,3.8937762
0.34278699876006047,0.44249313897084,0.06786788612362275,0.5538741024021584,2.1052032,4.311477
0.5902988799594451,0.43350592079101036,0.22752526938646217,0.5373317366982671,3.9151466,5.0948987
0.2923347716835739,0.49931515349196387,0.24576189526997513,0.2305457428134561,4.854445,3.2652347
0.5985644951344355,0.6806797054185213,0.14760620792092374,0.7298743108260274,3.2408307,3.82594
0.19125386649928894,0.6247499140127301,0.3373486549686038,0.5068366787635489,3.6076555,1.5424131
0.5145650112639247,0.3423737549094043,0.5716483445410635,0.39298147776393727,2.922992,3.6932015
0.04987509660086473,0.4631581628987753,0.31751790866353385,0.08219178822043813,4.908862,2.8822803
0.1268009624732987,0.43686153015212,0.7157547294355489,0.13244409716109298,5.2588196,2.5078828
0.24135389932973406,0.17243154586393247,0.7842770254448778,0.6968210797966573,1.6530548,1.3467264
0.20394083139164687,0.6775961421665163,0.8219980190780745,0.3209674288838768,1.6163224,0.7365833
0.41889674778178315,0.031432177926582636,0.7875912315885886,0.1314219338032718,1.4343525,3.0972593
0.12168699097416293,0.8662304905062171,0.03709825464597485,0.02793284238245181,-0.3044815,2.5316527
0.3193293282811612,0.09684206273493283,0.785919688331938,0.00504047997835665,1.7604703,3.2423499
0.6367786274380814,0.8431797504830536,0.18907179045106126,0.6927965645235166,2.6661246,3.6232727
0.6225991921755479,0.2194787754681251,0.0024155739668452704,0.7036464132651311,1.0699346,5.204399
0.1364245642859485,0.23791694224568916,0.06635799374433288,0.6109234532399528,1.4948866,2.3719742
0.356595545568952,0.6751292227313697,0.5939258472449227,0.5563379730181052,3.54451,2.6126382
0.47681995498936575,0.12430070961458772,0.44021544113835326,0.26748969434519504,1.1311857,3.4393826
0.11313904078371025,0.19905663415829403,0.8260969775964597,0.05038083274763856,3.269661,1.7881148
0.07303567612198711,0.07365133717782009,0.6656284944347524,0.6342704719142201,-0.20580666,0.6986461
0.08965930744757021,0.6792928218316041,0.6926448403267096,0.5025559513932318,2.3811376,0.70688677
0.5683781591021114,0.2864675359636356,0.25323437939516186,0.0576009144199303,4.851292,5.654697
0.38183850696910754,0.4327676201850253,0.588521651251577,0.6161108768229606,3.5215836,3.303516
0.5339006226768813,0.6618645736502088,0.17763044837329858,0.5610781951279968,3.3215175,3.8559802
0.08720125466772065,0.36466086123923896,0.6242569169506739,0.6944855652653503,3.1821105,1.7473258
0.4250920896512351,0.7989333742209631,0.2822588396286005,0.27935324700604264,2.430594,3.0390272
0.4638705019497849,0.8042544423333355,0.04592820316206376,0.24690433995425795,0.6241139,4.672105
0.04779980726822279,0.5980963761373372,0.5332584927732884,0.026314655729047228,2.9653728,3.8755302
0.14704900100936663,0.08048595013609301,0.24654792104532133,0.223196786793415,1.4518037,1.5855882
0.006835498521269398,0.6699779871848818,0.57901320194385,0.4458174083595593,2.560003,0.7314181
0.5869665397491065,0.08820565781404052,0.20890354855191162,0.405132139628461,0.19788787,4.142346
0.4310878457868702,0.29796253313567295,0.6189607708337485,0.4044720660913766,2.7371697,3.6218283
0.3727926939898065,0.0483579298003092,0.07461046638816171,0.21426934857689925,0.89987326,3.1298401
0.3211296049369046,0.595090043669507,0.6361422686174534,0.5662744075327493,3.1212187,1.2302493
0.39807621021458656,0.8981037623751935,0.40396269187525524,0.1192740166422623,2.0105827,2.4760745
0.3176348360311022,0.10268768528601524,0.6029449006806633,0.6831981901399566,-0.33750075,0.85490805
0.5079854074702256,0.6186023347905797,0.6144708737972023,0.025366814455114992,3.3393488,3.2912176
0.40120275983810805,0.32133230308560673,0.5639355131514567,0.6276832041302012,2.855084,3.362046
-0.028976798765428895,0.4828363342112056,0.44679794788219046,0.5218917319565165,3.242423,1.3939278
0.3841411363660418,0.07667748048966343,0.07985522929280098,0.5060697393059169,0.57511044,3.1710527
0.4539516582142476,0.5597048659063801,0.2327725731634282,0.1037410388751838,4.873046,5.05637
0.6574096343487675,0.47953926378483375,0.768332561198731,0.4693716287753038,2.5087047,3.6396735
0.3274643429319557,0.509290768570418,0.5099841710560968,0.2928645217421064,3.691419,2.0585525
0.3436091771278864,0.8625584421636453,0.7942518807661496,0.731737338835462,1.2641876,2.1946867
0.23577293711479325,0.08444982087529762,0.5223901824497521,0.6528318136865151,-0.3158563,0.9296715
0.6550816935598036,0.6130087011003319,0.7530309565006603,0.4183832884889544,2.3414025,3.2573936
0.5645106315315096,0.7405080504859272,0.2969769557809251,0.21600386566763727,3.0403483,3.2267618
0.290240785557071,0.8810774463153754,0.6831609366503941,0.006289289839886447,1.6734483,2.7504666
0.250646554617741,0.855382168296279,-0.0019341546452700535,0.4276777711029411,-0.6710949,0.054919943
0.408387862832175,0.059987051657498174,0.1784131632378035,0.5788459516918378,0.2630202,3.1462507
-0.03554071532863144,0.27832685792912265,0.7180843736951977,0.7203396225445242,2.3646424,1.4721704
0.09403965916112035,0.870007597323368,0.4254832165427487,0.03682258927683375,0.9744959,1.7101666
0.16251409354204932,0.5638473053387113,0.1793208917087328,0.3741517613609349,3.6946423,2.4272203
0.47897191890834395,0.7579501792808666,0.6259059895625623,0.5353960094090604,3.1117048,3.0067391
0.03429285483719033,0.7023273194281575,0.4373864472404393,0.6152691262200816,2.7036316,0.80053633
0.23266602292748811,0.4405777344530195,0.039494054817871986,0.47870781516796657,1.7965746,2.8579109
0.5899338886682187,0.7524874184800878,0.5520942342057498,0.594447860825152,3.3034651,3.1048703
0.5406893633786659,0.6323003681640444,0.451508514348463,0.5176621165471723,3.510938,3.1036491
0.26572004050991854,0.6882000644391133,0.3245716539735638,0.4385919546475575,3.1885364,1.5408373
0.10258163349456077,0.892531763953609,0.7910916302675701,0.04775242939613146,-0.017129883,1.1399381
0.5323157990555905,0.853474106786966,0.8035188191632893,0.6224037537135548,1.4578817,2.821393
0.08057139128778283,0.2089620727698957,0.8107155613894039,0.5427061293984067,1.795687,1.0764049
0.34487415260578047,0.058069320066078706,0.6663790119060709,0.4007499740702666,-0.66213614,2.5029113
0.20259995975349437,0.305675467781362,0.6062243139957124,0.6795414045239937,3.1676354,2.102693
0.24805391939547572,0.6551692330674233,0.458803267293344,0.6764010271201075,3.6370933,1.5063792
0.6218754700246134,0.04060824831217441,0.4913466590382381,0.724741367100421,0.17215107,3.615132
0.28226020969300797,0.753403554295086,0.044524028083743415,0.4560998889645088,0.3635503,1.803644
0.36690066461927023,0.8477569017442851,0.4866760393066547,0.6962575362884106,3.0109465,2.418905
0.6156431008670381,0.5621946183838493,0.5197881826692676,0.07459234848338873,4.3655686,3.8511682
0.19718020071850956,0.3778877467938689,0.10584703385961963,0.05186601883122023,2.5452945,3.758608
0.5129099368243725,0.005433597432140301,0.27100773242410586,0.5966684841632027,0.10633241,3.8882673
0.12978740713761222,0.7070695033216549,0.42311890275094305,0.30443506586545976,3.349707,1.1599711
0.5354769426170349,0.31989570441628273,0.37222986965366056,0.2614913710902707,4.0729704,3.6331177
-0.008330535678338129,0.8187468539960469,0.6640607369303321,0.36059347917628126,0.32719797,0.508408
0.28546488819923027,0.7800683662152142,0.34024087875516995,0.037445484753372144,2.3617876,2.312018
0.45294477070537126,0.6923037542619352,0.3566895770203948,0.7167167893542249,3.0578368,3.118345
0.5999492838474317,0.6901767501663612,0.5995031851494231,0.6136829428065058,3.2262402,3.1286342
0.42353114994526087,0.19773236398061733,0.39978574397224925,0.657356802436031,2.3608356,3.7733943
0.17875798097732648,0.16736287505132008,0.6409431590196114,0.741440663346494,1.9419467,1.8505203
0.6025953101832893,0.47433552391442785,0.09772239465003459,0.158655981813334,2.7675903,5.706646
0.5517452872103263,0.7325050280165004,0.6012296624071537,0.6232876974367559,3.2593567,3.1640587
0.2114050413220917,0.25767594028504853,0.04233668695427698,0.13060968875245219,1.2220019,2.76694
0.6401143624839261,0.15877604306524185,0.3441366010644567,0.10517288206337749,3.8833745,3.590018
0.4056961358941745,0.35802586733730624,0.3778719034078774,0.3581697069185056,2.8956938,3.2681406
0.1405438652693463,0.5495064716537519,0.322528124468953,0.6664101301918691,3.7691607,2.088551
0.20820347941601625,0.673624114369427,0.7699616954324164,0.2962481669672728,2.5671642,0.9366584
0.429591261053961,0.39754244493198004,0.26418845625552606,0.6679793062946168,3.4687371,4.9132104
0.28015071603289327,0.7783807529484663,0.7747788142960146,0.5330270066785613,2.2321212,0.9250676
0.2550779573692231,0.756309559238641,0.7295818552021153,0.5120877320281484,2.5681298,1.3000418
0.4556272629447184,0.4355517615501074,0.25110343705795235,0.530413859895142,3.9116042,5.0730915
0.4232614811933477,0.32354563108330225,0.4294414287676488,0.25984412475911944,4.099866,3.6447394
-0.022433091539071068,0.9019526275232362,0.22097924896614213,0.2398052224800685,0.55404836,1.6349854
0.3744041994780425,0.13339737587051145,0.7647586395025265,0.5002554730034577,0.76754856,2.9962509
0.41406881932516115,0.08617568854691073,0.35204260489151523,0.44891510388122263,-0.094324216,2.8595145
0.5592010563318539,0.023528925301707235,0.6308821829975455,0.6322621013537686,-0.67474794,3.5774355
0.4440568762581527,0.8760975599116334,0.2728920225859519,0.035569755650802226,1.8994747,3.3947575
0.46558293085534636,0.541423191452667,0.3415772620155416,0.676262232733782,3.7998672,3.7505496
0.32315212974458285,0.6152021771708985,0.0036219752550154293,0.7196439821651137,0.86372346,0.73004186
0.17736503648694918,0.4472698557269965,0.4053676607425607,0.14951255338372682,5.0043697,3.0365405
-0.026652059093653785,0.513899395558979,0.5906646447256729,0.7260434232752146,3.1078079,1.4757024
0.490476502924819,0.7285026414024595,0.34305652598041864,0.514552738063385,3.1171563,3.179999
0.3216924935491045,0.6833260857219284,0.5676330513973594,0.029674154683275143,3.32045,3.7143352
0.13183001425925817,0.8028220652020057,0.2814405992754635,0.2518627641748497,1.9086252,1.806233
0.18235966300601414,0.5526909447513043,0.19035856667224998,0.12276212934646633,4.696136,3.2353761
0.2130113709899239,0.368395865722795,0.7813715144097774,0.4498778877785167,2.3271267,1.5891072
0.3568207694617746,0.37072493164014114,0.37641988090692907,0.6046321143021864,3.1333642,3.4071703
0.37800090456427904,0.760745265633334,0.2539880950134936,0.0013782795236315214,1.6365794,3.2779047
0.40905286903021204,0.6113213540321051,0.4808340481106934,0.25251459121333353,4.084767,3.2003143
0.33276682652459616,0.804990570618841,0.6425836673170686,0.2045837237354313,2.5495203,1.8865778
0.3471383268650157,0.10954270839733914,0.28947796106652984,0.06874386376903995,1.6515201,3.3220844
0.4330669062921133,0.17123621385634533,0.038585844542686536,0.5228498368582679,1.4810914,5.0280538
0.3793341794123663,0.7840581882429777,0.08493274627519261,0.21927211864733936,1.0266432,3.3044024
0.23951840086016135,0.8380795792588152,0.32126353388628265,0.4584313857506654,2.6732328,1.5751047
0.13557859246635234,0.7473933462055868,0.054551868644464346,0.4529331812145078,0.6962349,1.3966529
0.20006701024775186,0.06232359465198623,0.6394279566004398,0.7237296097673412,-0.2858831,0.902254
0.3013789121528547,0.640818688368216,0.6203040075974565,0.42497806749759626,3.4062376,1.2921299
0.2955529030095744,0.3613487084440323,0.41668498975059826,0.3881373930507045,2.9613316,2.0062656
0.10859947954851105,0.8061280282010697,0.10174292667726184,0.24506593405668334,0.58160144,1.4468039
0.09283867981379475,0.6277734019359243,0.5453521851199216,0.02299195708111147,2.9570873,3.5147777
0.6606785653730048,0.4941968140928298,0.31409882771754977,0.4330382169408718,3.7456028,3.749124
0.6256973363264315,0.47556261233500957,0.16775119885176287,0.16872741971357735,4.8899493,4.7349224
-0.04190857351797387,0.419094358939108,0.8234235246592956,0.14059375472057084,3.8843193,1.4018757
0.1308545489161959,0.6421595049246825,0.21038763772917646,0.5534887285019144,3.4380796,1.5084664
0.22994272142053557,0.4377109962982266,0.3905151246588098,0.40166924948087973,3.9040725,2.158287
0.4577124651669479,0.4098589572352238,0.24315052989175634,0.3065329178362214,3.941214,4.8870187
0.32641513998241745,0.14785764932803439,0.37372702098678695,0.3809277949338542,1.8365701,1.6960369
0.46927562506278525,0.34754653140406044,0.7314978038395104,0.6300921416837629,2.4129984,3.7321353
0.5716095684840847,0.46735891811188973,0.3114851274475901,0.3379790541356127,3.3825984,3.8102021
0.33498899598673787,0.057790944363285315,0.6434179609333531,0.01461014182481788,1.8949162,3.332105
0.4416643183407565,0.10323422164573424,0.26984891447963993,-0.0006548881846304071,1.4937629,4.364749
0.657837506808446,0.23634622813065506,0.1830297203567746,0.25104610215516,3.163846,4.127117
0.48491035169558455,0.6541472798935997,0.5189574688744213,0.5939351361872995,3.5362973,3.2189777
0.20319584323602785,0.6364753800117543,0.29256900398478813,0.5036490750618151,3.5439599,1.5424131
0.29319303666264884,0.8164416169305452,0.49780031071923087,0.02025061732339394,2.1610157,2.9159498
0.07568560126209224,0.19090472373782322,0.7212299995875283,0.19961337988894823,3.134585,1.5547402
0.18635466214647184,0.18863164060562435,0.7981372062127247,0.19912538290233744,2.8666914,1.4163218
0.17653493501219547,0.22068842602335648,0.7587504461390763,0.2732900099668552,2.3163238,1.5004859
0.07494299078028416,0.9158055715422846,0.265212029194239,0.6460794534846253,1.9153523,1.2242094
0.24418411103937399,0.7271637428218692,0.7276325971930411,0.4913078580028504,2.442039,1.2858869
0.43201689517394465,0.5409465773766331,0.4367658271237464,0.6039516455292098,3.7359626,3.7976365
0.5468042164314985,0.8821730807157039,0.6403166750485519,0.3089438010967575,2.5260742,3.0054321
0.3787046528232203,0.715616378938344,0.7493077475500332,0.1684416258465865,2.7417147,2.657123
0.32278723226248335,0.5860448741920371,0.4699922593281751,0.4680322827334332,3.6799126,1.5655918
0.3587697579235924,0.10899560236324854,0.3632323205513808,0.16499049458337822,1.6773558,2.8445942
0.19142872058739158,0.013269016486407804,0.027253824402881165,0.3395167632582068,-0.39663967,0.8139392
0.565900960399018,0.8012186645917257,0.6842219932392991,0.03152265126878008,2.1585965,3.27701
0.2493037194357134,0.7197441978459306,0.8043251835285379,0.29700314435709857,1.5249544,0.74199957
0.17369846421909918,0.0109449860050139,0.6542823663351937,0.2324161442479938,0.90184104,1.1882534
0.4781972608684249,0.005666931172582834,0.7377146983614178,0.37263684449835255,-1.0362352,3.3412952
0.6436249518528133,0.6781363237002185,0.3986552295965635,0.37118681420000077,3.5439959,3.1643257
0.5763684978061522,0.2387571878430677,0.19872689887679484,0.5760453313740048,2.3393924,4.5312405
0.38979074127347885,0.4611936705984495,0.44167089482043226,0.45517868592157684,3.760699,3.3117123
0.38775449868693196,0.725251539487083,0.7766383284140802,0.3444301415930704,2.1651607,2.5177193
0.5229899797507811,0.35937069906284047,0.7335563988541037,0.1179944230698912,4.5696287,3.6660006
0.6469686047006197,0.7959414278091551,0.7820607029194634,0.7016659720535264,1.4140611,2.8683586
0.047450315938996665,0.5159876137256676,0.46136088476997283,0.4177969047924103,3.8515124,1.5191171
0.4480072363264736,0.7853594289205896,0.7135554694825436,0.6231771155677654,2.4257739,2.9447494
0.5298506939875229,0.4647954572308794,0.16625781139500215,0.30379009935593543,3.671115,4.7865624
0.1293502889578686,0.5901771971971658,0.5972688748098829,0.4598988974581638,3.671903,1.0135067
0.17287698929134115,0.8812425131919143,0.12340442836640386,0.06740268251920947,0.42350686,2.35652
0.2603593631469174,0.5192304132537922,0.5461348210899232,0.31338321718062345,3.6671176,2.0585525
-0.024674290516442675,0.2226640066448975,0.051373000880532746,0.26870772998076087,1.4781661,2.5357904
0.1200008611953383,0.5048682521101199,0.10860836721206753,0.13712505415828116,2.919357,3.1888652
0.6590263202990043,0.8875242422312601,0.5268602647659527,0.6536697631736422,2.729602,3.0548687
0.3594135419011775,0.6885214108494884,0.2592614164878867,0.12378574323581892,2.893915,3.2854774
0.06276230530138877,0.3487525335692852,0.19279190697126128,0.5476200574024309,3.2924838,2.4124107
0.3622279018764365,0.8270176347937908,0.12929004286381035,0.48490036497492417,2.3500137,2.6446695
0.19846817348045753,0.09969306701302198,0.25686584354857567,0.6465588961238895,0.4949513,1.2530082
0.13171447264702796,0.10127254918348153,0.33807354465968037,0.24473328202231254,1.2786222,1.0695019
0.19642664055946213,0.6525492173619082,0.6647035872144871,0.2880736961788739,3.4881337,1.487997
0.07787553350548533,0.13694410194687276,0.21131929828313864,0.0804625622185653,4.0959044,3.1921039
0.0411862531715093,0.46958460084461634,0.8141954350609125,0.4406832741742307,2.2560456,0.7688846
0.25005472732288114,0.5711081163575985,0.2966321543171583,0.08062239242755675,3.4456532,2.8934996
0.002185754069767225,0.7351884605214508,0.7231366778499431,0.33260293235436866,1.5885968,0.43989456
0.6419036232021118,0.5251044829613166,0.029287693415533705,0.17105800579704822,1.1527604,5.6513486
0.06076166979694937,0.03897340420252497,0.3209298646423759,0.35214479320573083,0.0056396974,0.49730307
0.3833443966072148,0.23960150452257375,0.2791818974718654,0.39422846465570294,2.120904,3.2464623
0.04371632720059862,0.6574954717749377,0.4922414018045747,0.04047205993189271,2.5819497,2.1820545
-0.015885521093392932,0.6297540508057861,0.46233784301154673,0.15110852024150964,2.4003718,1.324078
0.22826934337634985,0.5842641694601355,0.1097015168894609,0.540892744056923,2.5042248,2.0211701
0.1828430711909778,0.2798911240475303,0.444557503835227,0.708226240974394,3.3007867,2.1929078
0.12807184849121006,0.6171937913085304,0.3042176614416087,0.6199370917393285,3.6180766,1.2053692
0.6441319169648883,0.32299213748795264,0.4944059859924618,0.6647003172624903,3.1093452,3.8118663
0.611212831481823,0.02624209228710242,0.3935575437608488,0.432281953826755,-0.07293253,3.5840628
0.2916868025683856,0.34101674334593696,0.6091328849279547,0.6656361869294889,2.820558,2.0893147
-0.03123498590769344,0.5025268774025586,0.8017065511804639,0.2350821722908137,2.703271,0.9318045
0.41697301128418984,0.06988482802236089,0.14634692270371344,0.34958492389782725,-0.2409475,3.24353
0.28750856747415815,0.7090845678176555,0.7303264363012001,0.3721460059245257,2.3790565,1.2858869
-0.03866827513780777,0.581029497335152,0.0854340930178119,0.5104678589263707,1.9925151,1.454614
0.09999778889702023,0.26790587783572173,0.041486969629200836,0.18642287572395227,0.993624,2.7608
0.35111658364482295,0.8018216169673831,0.36258714816746795,0.3629691073943895,2.719143,2.411247
0.5569478763788798,0.4979176844435949,0.5626746151383801,0.7351845163232326,3.598724,3.764197
0.6181804005175551,0.5508878383684815,0.1216998817937652,0.73784448808499,2.7428672,5.194078
0.2310813904970428,0.16074588551510163,0.2808998986481136,0.23804696959637558,3.2870102,2.648705
0.14516719918609744,0.1486805770145764,0.4717066553748506,0.4015367822213269,2.7309778,1.5184816
0.2540997765456814,0.8799141895709749,0.4243248812619485,0.07931769998292071,1.8734078,2.2360764
0.504999852971234,0.4448219185094232,0.31815738892340883,0.671234248977073,3.7566273,3.84361
0.6642188429684538,0.8678428496058029,0.57526777068766,0.1285491773896992,2.6296575,2.9974427
0.3968963643524961,0.7298927588598147,0.6598750766910202,0.5276766317498852,2.9265797,2.551998
0.023315785772790157,0.29401358671494715,0.6782201135003133,0.039274732675754806,3.9637246,2.2195399
0.33953017517172973,0.34280493604736284,0.4273666255256188,0.3144748038530574,2.8908617,3.0674102
0.3805203674719449,0.37896619422505007,0.35155955074780154,0.5509104093053843,3.1333642,3.4071703
0.3002364952966208,0.8302285653196353,0.3496615629218709,0.6396018522083122,2.6751428,1.5751047
0.47092766820808,0.029072410335236592,0.5881373135057645,0.3769902877508995,-0.9410145,3.4145267
0.5842173570318374,0.8952484736987912,0.22987995172138304,0.15288864265743723,2.1208196,3.6714025
0.25607100462454135,0.7828631896936163,0.5256511955741379,0.46782709523584437,3.3877726,1.5574379
-0.048313082524759514,0.40789921291278086,0.2411153172658048,0.35554103130381753,3.0996516,2.046913
0.19219851444919434,0.9045689839085844,0.4652056871156199,0.22536656114125958,2.5029066,1.9769344
0.6331552148756636,0.24757068376576924,0.47988695604813225,0.4088524544971242,2.4878051,3.6236742
0.606613798674148,0.05167393864896456,0.7861095635476174,0.6514739650330367,-0.6063706,3.54571
0.3548699937598459,0.9088916353608346,0.5956276759681868,0.18417148392171476,2.4215057,2.5962062
0.010029494375996241,0.03481799011548461,0.5687065277534186,0.06101626325338243,1.5584997,2.0354383
0.543420024640905,0.8233643346860366,0.8212805386852147,0.3508334098187644,1.4605585,2.821393
0.13794167524320827,0.3282861628419277,0.2075210894893724,0.32671457977836454,3.375362,2.1665943
0.6074027717467808,0.28443010842928,0.04258493400519129,0.09843818392847405,1.2395769,4.8926334
0.5821191177444321,0.7938402423353365,0.7657223638393312,0.48588931291826354,2.077822,2.9447494
0.43439178252426386,0.5089502134054085,0.024191718651755234,0.2691118790943783,1.1317767,5.632096
0.491550227798155,0.8097119822549388,0.3969105372301673,0.37903526508015445,2.6927714,3.0158436
0.003343396847642434,0.44963224877032715,0.47713912706063766,0.07630863095585902,4.8497095,2.6429403
0.47981420954308224,0.016588081451178568,0.30702852692492927,0.5852338163472938,-0.10018771,3.5840628
-0.03679710644228791,0.8196907633142511,0.09217487405303866,0.34582590549110015,0.36669886,1.055706
-0.040915452517740765,0.21588800929590987,0.7354370224153061,0.7012213395557966,1.8458756,1.4327866
-0.010450147946938396,0.16505730091415388,0.3895099665877085,0.3166840755131175,2.972063,1.4891405
0.044765807197590296,0.21838798975501555,0.12279561555324489,0.45348318694374506,1.8129383,2.1620762
0.24570573679554636,0.6275136603726417,0.4473003363323752,0.43401683865379,3.6264603,1.4430223
0.5249354583027477,0.15381349859526178,0.16025620703234184,0.07007545627686862,3.7620368,5.0251794
0.19683878111517722,0.35369222697460745,0.4631928468776862,0.5718185997707386,3.4338403,2.2716267
0.10992653094457687,0.811573150690925,0.7888008462759268,0.6635878160182206,0.70712596,0.22113952
0.10686783915620236,0.8152353319630157,0.5373587709042046,0.11463957218765505,1.2057006,1.352524
0.1420819889375342,0.18789612068958622,0.6561943567799065,0.2934055573935083,2.1059797,1.3537236
0.2398470728486497,0.4131685472121012,0.09494531539419883,0.05975141162524941,2.4460766,3.8868523
0.5755744486138484,0.8255476836171396,0.5892734329443764,0.15919548076923937,2.5725203,3.052838
0.4098009274214015,0.7737117584181146,0.26675822954131495,0.08507354661560028,2.435775,3.329398
0.21038104542148245,0.7828185322264329,0.6087728251389898,0.5383933821479431,3.377567,1.373113
0.27283107330353196,0.7370894833586923,0.7973643889677048,0.6906287608002172,1.3509128,0.7296565
0.4650023497533367,0.22331481696035513,0.5003283381872753,0.4218884409867112,2.2345395,3.6106615
0.16274094693909924,0.0202158588325966,0.32280960109936113,0.11324863433538239,1.73858,1.6638151
0.29947309689140184,0.5668262854767623,0.13889646383814333,0.44304252641176495,3.305266,2.1647625
-0.014710678947651878,0.7419032657814406,0.03424144985065613,0.6398098708008454,0.51773053,1.1032661
0.581154713235778,0.4244072104336702,0.33532496527536776,0.10195638533373548,5.018513,3.9418135
0.3712474159529455,0.899245703497726,0.4857356889996466,0.3869987375827334,2.9125092,2.4393394
0.2095973795840737,0.288591942632303,0.5467721261077384,0.3137166726826502,2.8926015,1.901004
0.2340037188051331,0.49580213812286966,0.6424053185577602,0.5771076920450042,3.2626538,2.0134017
0.17538137815385207,0.46617319568128845,0.11443468187187074,0.06323565787688779,2.9996874,4.1127005
0.3475414187409426,0.911775617495893,0.7583128253465493,0.739168625382928,1.8135176,2.318043
0.6166326358673756,0.8975348562068897,0.34927247682807555,0.3762694256934965,2.5778375,3.0158436
0.5114991316700583,0.33961100165937236,0.6600789923834667,0.29521132021734586,2.542479,3.5515542
0.2692623657007478,0.9182556282122458,0.5120779815955141,0.412677895392208,2.7693746,1.5644729
0.41270758039735445,0.07136766058918458,0.2828921736423201,0.05823955039839887,1.6924366,3.393814
0.2046196159638316,0.15720585450596586,0.6345904822679824,0.061535760291128866,3.7997453,2.819179
-0.020539163034118315,0.9147090503284052,0.5161671509932013,0.49091156592489255,0.49822,0.6456572
-0.016547262544303463,0.2532222730723356,0.09341297154508307,0.5339950174084076,1.9806823,2.298356
-0.04967523044435124,0.703002603890451,0.6839049178178594,-0.0032275213036214315,-0.118024155,3.029675
0.47288133743211674,0.49439528857270126,0.26853997270631036,0.6000648977118086,3.9248936,4.777641
0.29375325957292525,0.6955067359750693,0.7458371897460727,0.10099032559863301,2.458521,1.6072415
0.15453982488655754,0.21747750346444655,0.5982218497426363,0.6362220205682735,2.1339338,1.851377
-0.007272956020697406,0.5004330766871445,0.3457174911822298,0.09762719866288165,3.987214,2.2678802
0.5054601777662934,0.7094148342100443,0.5180232745741083,0.513683814909032,3.264244,3.2408838
0.4675981535022819,0.15011484869977207,0.154923303250925,0.26459368483672663,3.3661082,4.069551
0.011206896509008954,0.14399763109496283,0.5143290961004565,0.27466766677259874,3.4354498,1.4375757
0.03258296902327952,0.3348033803898165,0.7070462639978594,6.834813325539519e-05,3.6044304,3.277456
0.00950753380963991,0.6545489883171107,0.09659190201211815,0.14768138103378484,1.5083104,2.0352626
0.6168222212799318,0.7867743792129129,0.32690762132399737,0.5814084480134512,2.9706748,3.0158436
0.31920028958867325,0.08934232835443284,0.8121826315743866,0.22781982548787483,0.5220803,0.6336104
0.1042974151076559,0.07777519593366201,0.7685366725903598,0.5716573701722729,-0.29280153,0.389732
0.3164427709756056,0.14966129612342727,0.2521297305157927,0.1154631188268509,3.807044,2.6073031
0.04955611122609123,0.5471688826933931,0.32785966956175266,0.42078025024960614,3.854541,1.5932467
0.08390223430954012,0.8666664903416876,0.45661571080905106,0.6062994243977822,2.1892269,0.929121
0.5874110023600696,0.5209095260783639,0.18982344195082554,0.4298308792248893,3.879038,4.957866
0.6306691106154911,0.3312489521506998,0.5699097563872952,0.19169587013217756,4.334633,3.8028967
0.611013281778852,0.7075080240548992,0.6940567852061034,0.4264673400502462,2.4110777,3.1058614
0.056524142906529504,0.5433222828806735,0.7349237160930855,0.6707905692282836,2.787281,1.4831172
0.5613639955266897,0.8784657496642351,0.1364648788548749,0.5045800631002783,2.3238711,3.4078746
-0.04257252017568258,0.34685371113333313,0.3842840063847642,0.3004240019085075,3.3603935,1.4965059
0.5084600118708612,0.23322235838744812,0.6682416559853763,0.08354529936327479,3.5119128,3.8071077
0.46094406905737634,0.030756492610191404,0.7922336916158536,0.23176085402129548,0.70024025,3.2797174
0.5194507678440664,0.8331496332498209,0.2778538084996606,0.249151668969354,2.4308586,3.0930178
0.08114508623135257,0.6958567041325162,0.5436254053676225,0.13561670230949835,2.6766102,1.4406163
0.6075301444784421,0.10748544872848421,0.28806734055775557,0.46285794369212757,-0.07293253,3.5840628
0.038253652557611054,0.31461483728318534,0.42078392996532815,0.10017106802255805,4.5608563,2.1502507
-0.03720449541881747,0.3456096989404822,0.725166709005318,0.4597205626570634,2.5722153,1.4926047
0.008568763614280703,0.6453436758347016,0.7660874367760869,0.18138376208811008,1.0300044,0.5973875
0.4747463686508779,0.8310197549453016,0.48750078935105734,0.39360726393366524,3.0081103,3.043936
0.3010025117121456,0.4222670462227777,0.6977257704849551,0.6601222258994711,2.9831312,2.0881224
0.2020309301885852,0.2710036930725539,0.35514003234117686,0.3352535586540885,2.7342522,1.965354
0.4024192281127689,0.0984266117357194,0.8241503787371297,0.16620471280841534,1.3171765,2.6107557
0.006318438128640309,0.25901223194669454,0.6506253558039454,0.13490182805123682,4.106445,1.8100566
0.43773790803060736,0.643641530226776,0.3862182990960133,0.1638632004060236,3.4496076,3.0692499
0.5205574595441206,0.11132124393141944,0.5153491970732171,0.2838836300261303,0.703918,3.447468
0.6130355668325574,0.8935425842044721,0.4223975450423386,0.26112634392673945,2.384759,3.0041032
0.47413957078817365,0.05246913058948964,0.23019958251004832,0.07800192115887941,1.8604771,5.2482305
0.05288304778717645,0.30800200250932247,0.34111781109204414,0.0070716958855971835,4.2762976,3.91647
0.3891404930476249,0.5746432762369076,0.3713360847439961,0.32864736383150145,3.674815,2.8659806
0.40710436094659425,0.3374673235916025,0.6531032761912297,0.4255534339219175,2.4367254,3.186619
0.5507724170977281,0.35622674645480407,0.12487289695042061,0.6792285279374484,2.6097503,5.0206456
0.5766671151245379,0.7497374989568825,0.07623561643938255,0.3172576224446735,0.978293,4.5066895
0.4290159530956948,0.5442617922745575,0.5353713851740085,0.291095295452704,4.3887854,3.78028
0.3204139343746377,0.4875322671030639,0.3928193760202037,0.7109379137506965,3.7181768,2.212697
0.5724580388401258,0.3062825056538317,0.009984366188178682,0.5917300242055217,1.0754288,5.0611043
0.19411439861538043,0.5461533099167091,0.23452444681479206,0.5094984989037301,4.0541415,2.8012705
0.10922692700929502,0.5072455582070928,0.6989843747214611,0.304978382723775,3.2171576,1.380756
0.24703676182303358,0.17922440836474982,0.036408762305369005,0.37042496638382744,1.0721843,1.9858062
0.6543531655128106,0.37676005940787133,0.703822707762824,0.4355791246777984,2.5629306,3.877556
-0.03803545254794482,0.33226063281374285,0.5314440694961177,0.37609394794257517,3.0629747,1.187152
0.6468012605826788,0.19939862053291896,0.81607516472447,0.5673480392421201,1.5918564,3.5702503
-0.04581865699632666,0.8470169767351139,0.19514557950962572,0.41374638501025013,0.98811436,1.071687
-0.030234860426560376,0.6856532021537602,0.7730625887235986,0.4973033365351036,0.95758027,0.2608351
0.27637651719721806,0.28491718759224444,0.5780575291405327,0.5874979970819036,2.7734537,2.2330704
0.38576096730159626,0.4516645940160408,0.35756641331309474,0.10652050031470377,5.1506267,3.6941993
0.2521348496256045,0.25362388798528496,0.5607537479551286,0.7098586077503921,2.8252425,2.2580981
0.47361718512447354,0.6335103910681789,0.37921624238419893,0.5186682064376175,3.3919702,3.0981238
0.21514385570655625,0.4270455310573223,0.08885201263325511,0.20728689808901685,2.5135205,3.5077806
0.1467435951876459,0.5870765705778469,0.7158744981453105,0.3864120563034443,2.3684778,0.77918285
0.14816863318249512,0.5327809096659855,-4.626778235633771e-05,0.17291246055452625,0.99610096,2.1556635
0.5021146100328019,0.38814081650204973,0.6021091270892972,0.4721775276295143,3.0513816,3.9243324
0.42606693398344625,0.734023096335315,0.36701518952372136,0.02730558519249685,2.5656142,3.3399322
0.019330984611006408,0.15221543982761637,0.5245555389200063,0.3091085963809881,2.5577347,0.92914236
0.30362844903864966,0.607513514686865,0.6251673852199142,0.4374733714909277,3.2712202,1.232862
-0.028228766810388002,0.00728592346669666,0.8207928128370132,0.4359694081106253,0.6358969,0.4892819
0.42746549889557234,0.42761946070373236,0.8078715767831932,0.3281702697129439,2.735471,3.422523
0.41973042356551804,0.46018828960825275,0.1837700479288475,0.5010934287994473,3.8568578,4.681886
0.5377365850423502,0.15266545132093706,0.07143757449827898,0.10973418219819887,1.6692538,4.4588437
0.44474939601744684,0.6003615428155263,0.586306635200493,0.6807592155450614,3.5986288,3.5625632
0.26170817921370015,0.2756446483115868,0.10814238816520862,0.39098357411833995,2.0931501,2.3053944
0.11238025578801296,0.0932556585091601,0.0999567386752878,0.25391391073602504,1.222632,1.3524752
0.5547761361855991,0.8394923430693078,0.4541182721744935,0.41126889524536087,2.830459,3.021369
0.3314843927820158,0.6388258125423142,0.36046297631855667,0.7150489738933529,3.4394681,1.488579
0.05113508175498811,0.29877877475138487,0.12878733155156052,0.5240292446631414,3.1328628,2.3670006
0.2185462355987154,0.517563537266736,0.5998517465401618,0.21986649224489677,4.4987416,2.7078524
0.15610068866281374,0.31769312491195345,0.3580802706849885,0.35308957890263803,2.9862635,1.7875565
0.6217876558258355,0.6896929125076973,0.4199743134746034,0.43963789978418594,3.2243192,3.1443048
0.0638004734155621,0.4562108625378772,0.25684831799929075,0.305500934348212,3.8686008,2.2953293
0.5170298136147138,0.11299129365495991,0.8028885746742568,0.6546229991862962,-0.6312835,3.495301
0.4958617148256043,0.42989302605866586,0.3067802339150246,0.5631084991872186,3.6703002,3.9056196
0.4147095596578063,0.8509580483396281,0.2174030246620222,0.012881978149023185,1.8095213,3.9398525
0.223781916161239,0.6124128176087972,0.6080901146717824,0.6689358672788276,3.562816,1.2767496
0.20508605416580938,0.52146404989548,0.6553267915593366,0.1732157469430244,4.8212786,2.7325726
0.0767883388411063,0.6566445296951093,0.6048016994530274,0.4215953590706213,3.3685522,0.8203089
0.19031684829810575,0.7610151764219489,0.26453625516310264,0.6069327133557222,3.2378685,1.8434335
0.28364433414775103,0.4884072308566173,0.41170908229724934,0.608065106186526,3.7325807,2.2386568
0.11614036390031275,0.4012049878234872,0.3089610911270454,0.3995555134528034,3.6808283,1.7726915
0.22369524608156993,0.7447073521778419,0.07497742588508167,0.09249963431133436,0.392446,2.1059744
0.21650323535875704,0.03313662395622404,0.5581262289252796,0.11072740418784718,1.7137185,1.7000021
0.5360552808873674,0.45039115538915,0.8134851050652095,0.40772134856673015,2.6295774,3.3818233
0.0861319651059962,0.6219902757618578,0.19803594245073944,0.10953224566512616,3.244557,1.7666507
0.09701468357488825,0.6374434008518156,0.1507680258143963,0.3345913418514629,2.9966362,1.2640091
0.16587024270471123,0.0819332113801666,0.1518491102296937,0.5554312541831791,0.57547903,1.0619384
0.44579476666316586,0.03301191931319592,0.3594050356700016,0.201023432504812,1.234248,3.5320492
-0.020612279843381945,0.8909258491279366,0.46888599158666766,0.5592049586807555,0.57752746,0.6230902
-0.033831402208399614,0.32441404979431315,0.6316295748633338,0.6611801959058224,2.5146081,1.4783545
0.6284341279798811,0.8592216406678145,0.3290664674542789,0.18897590874459808,2.1156666,3.0173876
0.28890509075533505,0.31007006352241845,0.043415629372568466,0.08696139352565585,1.1094949,3.0972097
0.6280638259113012,0.03521261424234095,0.24846249422477887,0.05312571756150536,1.8892003,5.585223
0.15359558487210018,0.7161874205965588,0.361598955861608,0.04482358224960145,2.363583,2.5932322
0.161795296981052,0.2731156203398212,0.2495581376713009,0.28850197869185623,3.7483473,2.5921552
0.563282458787873,0.20493937575842477,0.11690753407045883,0.04242919359668501,2.3383281,5.6063056
0.631321147671717,0.1283834590914911,0.3992435065477583,0.1170228959411216,1.7256107,3.4776843
0.05392586803143913,0.4858935425166206,0.47622623120948876,0.06630923228636486,4.2362814,2.7928662
0.4392989605605477,0.4805485315864856,0.30208799304587863,0.17777308711068424,4.8577576,3.818142
0.47655399656567715,0.8262001104432874,0.40095099057228306,0.32070543707205423,2.7004614,3.0303266
0.36561922430685206,0.3959513584216369,0.6033752659701478,0.3979482637120189,3.0255296,3.195359
0.06747311701653834,0.3716091696063082,0.6589763578899696,0.49407101345875604,2.8412206,1.7339172
0.037241639788551384,0.3730958687500238,0.6566992459838513,0.6772135956915236,2.4677572,1.59887
0.5506373807339257,0.5753676868125003,0.6972151059643608,0.38454442589906696,2.3287926,3.2093973
0.2009437616080989,0.8445396935113288,0.1921517968379055,0.7212886624556765,2.6012776,1.7444923
0.545422735014042,0.5936510828678434,0.2932055408608732,0.6025396576652856,3.4927685,3.6646097
0.604818341434952,0.2111957284594608,0.05624238521402773,0.27800717417029913,1.098666,4.5061984
0.15783569310519385,0.13813016717344895,0.6269097674492488,0.5820140126656209,2.0897841,1.6453019
0.5844376850454895,0.11622884755786622,0.013779139954848769,0.7221177693495705,0.099624544,4.8869658
0.5804273954856578,0.8442791523112697,0.44361540345717704,0.6260793880780088,2.805025,3.021369
0.28567242247928243,0.3667538054291514,0.5474026170438783,0.24800467922413702,3.8143551,2.3216667
0.524530725201519,0.018312634503351223,0.21998047583692748,0.14641014857485707,1.936686,4.224028
0.1802585163851792,0.31183858464497183,0.12030797449411365,0.2536511218538989,2.357364,2.6581094
0.3403407542700536,0.7654954627078167,0.30536143163972024,0.019161361212759805,2.2772331,2.9125898
0.578461123297425,0.22186810268981882,0.61562807824205,0.31850510677715305,1.9167956,3.5243645
0.34180019123933875,0.5609745790667898,0.2146561206553044,0.28096535777246195,4.4496865,4.552414
0.22230231625453933,0.4039495164728252,0.28375955713411033,0.38183367495303167,3.2622197,2.0614772
0.17197436971518698,0.6815614899656215,0.6736859572604563,0.5400096239771384,3.1598597,1.1256495
-0.03428281465200313,0.054348578322111867,0.18049560857790325,0.2407171881871357,1.488007,1.7079368
0.5213950129881922,0.33303067650618756,0.27441914648261423,0.20360799981789288,4.355557,4.052424
0.6523968975544756,0.45276443718358955,0.11292334623368001,0.2722214258825658,3.078796,5.378184
0.403106204025069,0.9078562520002104,0.2281932100481301,0.47321590375186,2.5342681,2.8334908
0.47537109294289653,0.9053911517957808,0.5132857489571969,0.3273326505970441,2.7529213,3.085686
0.33644465730576234,0.7763812953774986,0.018010342660648607,0.6194088613816412,0.2623955,0.5165031
0.2635210282243134,0.20310287513108435,0.8024107935459484,0.17998288725272307,2.889905,1.4572114
0.27133235198908867,0.3259301517573077,0.47419990817069657,0.39018945763068913,3.1135018,1.927715
0.49278713880918096,0.6464986991377992,0.712380743585318,0.7139192778425312,2.3533485,2.9784822
0.21469625354528238,0.17036147393941803,0.6281786207836857,0.21727900236503594,3.3154917,2.3022246
0.36524635941462474,0.5282530288363189,0.35097517252754,0.5413617026443684,3.7429984,3.1910307
0.15921990925972213,0.36603673630521316,0.5573698617132726,0.0036744739615863567,4.6095653,4.3582172
0.2228844986947185,0.35378014487424525,0.6772746400435824,0.5645747711782827,2.6984513,2.2300358
0.6651927209316801,0.256571319273419,0.3164553772460848,0.0876298199088607,4.1837025,3.540389
0.16846143231941302,0.4043548079010098,0.055100827814462114,0.5909470149150601,1.9184449,2.5603397
0.48827733991712724,0.8776217305129336,0.3295415705264021,0.33024365050190624,2.5181088,3.0248013
0.2318956906994839,0.3138349687655365,0.4095592148952514,0.13090628857010883,4.2556415,2.770587
0.5923838635069238,0.5452894252801991,0.3320260847546642,0.10852918465493547,4.7862754,3.8273823
0.6494228761806649,0.03677268900039397,0.7487614885452508,0.1924557367858955,1.3057275,3.5009422
0.6137985493463222,0.5796106790360054,0.5487745393145792,0.30679432588846134,3.6845253,3.4700027
0.5553836642544223,0.06763509842513257,0.20774460862785601,0.023313281107241776,2.4397798,5.8501453
0.2880346096330024,0.3181643938910704,0.11528475476742844,0.055366672507723355,2.2982013,3.5841422
0.4067506605252535,0.837499269553995,0.13463028468502422,0.7273350876270901,2.2986987,2.766172
0.022100255321879383,0.2868438834335146,0.2381383967951613,0.48255085008144893,3.0361462,2.1090572
0.1439595316421216,0.8131640833187415,0.3319425495028521,0.4436507547363565,2.2790356,1.1899831
0.4042249768366951,0.3893220876931224,0.7103405635289534,0.7419818301345794,2.4147093,3.3653896
0.4965143491115371,0.698508436209513,0.4783463420826629,0.7232095559130355,3.3522859,3.1464374
0.2369198646778372,0.8998015773350622,0.2553353077886634,0.7042497969663506,2.629952,1.8208716
0.3255418133100918,0.0010630854813791508,0.7512586053570062,0.6115774423427388,-0.71493864,0.6509453
0.5698743302743716,0.2821983834239316,0.4131038527889903,0.5265664025585478,2.9488752,3.802403
0.13496634357877973,0.8830682595732869,0.4795971692028573,0.47807903742874786,2.4670005,1.1470448
-0.00964886603786469,0.125398293279321,0.4296742583389868,0.28242900532010623,1.6038424,0.777043
0.09511259254667727,0.18997238765248078,0.6493740703621838,0.19087103868753846,3.4498947,1.5902892
0.04844766341770536,0.6350494931731255,0.7271853223033983,0.06700382113253806,1.4308928,2.0096354
0.3119481116920657,0.014651106425214286,0.7362112813679647,0.42278320125941626,-0.66983575,0.63414365
0.2536913815324192,0.25565994186826885,0.48482435467108365,0.3159687665804852,2.8704655,1.8949034
0.5068035254510166,0.8092853660402601,0.7791393325339308,0.03323389147974491,1.8767968,3.2647839
0.14911373584532073,0.316498209227708,0.33382048646423507,0.5870304936563491,3.2570672,2.0831041
0.6355275790846,0.3565298913967195,0.6922203379831502,0.32390501025003626,2.675883,3.6396232
0.2291118655887267,0.1805044419402506,0.6856918219490526,0.40265282311936856,1.99007,1.615844
0.4181151520258857,0.5295777068392253,0.6067420947586266,0.49821405180760936,3.5807781,3.3127697
0.264934471954741,0.6592148815848267,0.3601944851422237,0.42782244065117114,3.5153635,1.5928049
0.6333728778861129,0.40222074030656385,0.06890491449792939,0.09576936382434229,1.7272248,4.886004
0.224590772071181,0.379689313013548,0.6818994155675068,0.3643517928795606,2.4445515,1.9562396
0.27526115020531927,0.7927919488914315,0.45919841572322473,0.7161952829853827,2.666692,1.481644
0.5456573804152974,0.42596717564399295,0.5052498149643494,0.06442379132733152,5.108871,4.29193
0.5257423783678953,0.8606608722495634,0.5664335209671684,0.5289375801865457,2.8924105,3.1016026
0.31337989852925857,0.11390818764424672,0.23918951828725762,0.4507772097032822,0.16307896,1.1345164
0.12615377754303908,0.22544386126038213,0.3811545834721592,0.17035169676308823,3.5929217,2.5824854
0.19348893247914484,0.6513279335736841,0.24734690119059413,0.23129936875611168,3.6714258,2.2735043
0.5824120884766198,0.3338370247112523,0.3254225865512513,0.6321173585034033,3.0152636,3.7968776
0.477933060270697,0.16650168215505692,0.7174610238316175,0.2560013322345966,3.048025,3.5059285
0.13884631844853734,0.47170491778433643,0.49589738813205025,0.3485180092300078,3.562069,1.8541083
0.06053825358325253,0.3218632535672216,0.21210839648402283,0.25610969774577586,4.4416127,2.4856362
0.21885019358204333,0.01855816140636646,0.4579493497106591,0.45687162894588246,0.31775135,0.9386044
0.034980803837967936,0.4149320398309053,0.43404762672919467,0.17219223719090146,5.0498614,2.3611634
0.15699283937978342,0.20641847761674054,0.4327055303242108,0.20976871693203122,3.0927258,2.3602257
0.5474592864427037,0.6579333388839474,0.03812538095975861,0.6248023952527657,1.5379695,5.1739416
0.019891753492349132,0.8500733409003421,0.2594319465788314,0.5572842114739885,1.418761,1.0760422
0.3973473186532643,0.06816253001751851,0.002002740489801323,0.21251545901283295,0.2502787,3.2891965
0.35012062114664977,0.42164985657288784,0.14306900245651383,0.24145748390769622,4.7494926,4.279677
0.5626657643263319,0.14262304591848562,0.17533457928830049,0.13643430838219228,3.7839868,4.04719
0.13995075812325702,0.2447789288660093,0.43345163743157755,0.7154533632598072,2.4803386,1.8794053
0.16001495911811747,0.23523062632693298,0.15715652395991023,0.413276764330971,2.4101205,2.1263015
0.6190400317331984,0.1753999888065175,0.11958821628744719,0.3425453300966393,1.506911,4.373572
0.10305635075634655,0.7183259062924772,0.7097180561604662,0.2626911929856817,2.1990964,0.86912334
0.027044559508802732,0.5306163118896325,0.16952154583614915,0.025498346458931818,4.8008943,4.7160215
0.4670456865846874,0.041792891100545036,0.3094335430884748,0.13293290735968177,1.715824,3.4677193
0.35803562923730975,0.8497905741630555,0.7197735578964589,0.33198487093457946,2.4469683,2.347435
0.6458396430677112,0.5356577281576483,0.3134486173456461,0.20891692449665708,4.599767,3.7972627
0.1499272567470048,0.3495649124588529,0.6445583282077709,0.1173407423492268,4.463655,2.366099
-0.04775600302476156,0.676601553196178,0.7833733624616669,0.17671513104469777,0.30461589,0.7506071
0.4832682331842712,0.6065017302368831,0.20325001911700422,0.36598839779283815,3.466688,4.583924
0.21400850056081427,0.13457955044868636,0.15586156844391374,0.1619330708349003,2.3658464,2.2787442
0.02596238216327465,0.40818264206535865,0.6628645297708217,0.23866217067060377,3.746647,1.7265726
0.26841968004577244,0.7043178876565046,0.1975334817005632,0.419339567589903,3.124909,1.8160881
0.09822724177385105,0.8966255717148045,0.7930846613070895,0.12943410426201438,0.17609206,0.30912876
-0.04910442332986836,0.11677181352850777,0.7631362949695341,0.04604725314143948,1.2783486,1.5518246
0.3377928624333192,0.6381650653605543,0.06946852578378793,0.6724113449657063,1.7296978,1.7196114
0.5607174869884997,0.194669592435293,0.5691683485929538,0.2024155544816465,3.2965393,3.7515872
0.41194528189452345,0.26059018751422247,0.6796662405347753,0.10392712823914038,4.2951865,3.3031166
-0.04404398082524299,0.7386657396024644,0.4708001021277652,0.09948469616094606,1.259424,1.1652789
0.06683000398020891,0.19497819528216798,0.6338769209905996,0.15671573679413686,3.5750654,1.6703176
0.37652319010361746,0.7481957215346616,0.33085705833076917,0.09321953805687495,2.531432,2.610632
0.3948400408234987,0.7706919484851611,0.386166901997684,0.1399346432519589,2.7274892,2.5311387
0.42812785141032744,0.6981869828060433,0.7947445775395425,0.3523769946378059,1.3420571,2.9339743
0.5478069085394068,0.6098036372664043,0.011371481065267704,0.7409384465513476,1.2172103,5.3485622
0.27905831961853617,0.5563046226077033,0.16679490767432115,0.2893767731793178,3.942437,2.9392664
0.07048286051703091,0.08143724925812738,0.02160586049033447,0.7182336803790796,0.20884955,1.1153852
0.445666273431312,0.10039773287478712,0.25029078484798983,0.15214881405001054,1.9214984,4.4082766
0.5413963300401307,0.7260123008865907,0.018264552475340586,0.45405715133975466,1.1184115,4.9058423
0.08299920307989793,0.3838474850624521,0.6291722468675742,0.05494552344073257,4.5489964,2.4266095
0.4508136478333043,0.8179275976600109,0.11755156107712003,0.6098405569024028,1.3886001,3.9138408
0.24296519398046895,0.10531267945964393,0.3079426679995637,0.2166765956665476,0.9487675,1.4881556
0.33308963547619924,0.7454059647758925,0.581684670693327,0.4949257016392844,3.374543,1.5239285
0.2962195639887236,0.8139161166447786,0.6179829947192411,0.49195852626422626,2.7970428,1.4037808
0.18114817279408713,0.5149011345975287,0.5023313106204635,0.00916380651199973,4.4626303,4.4778
0.6243672606588395,0.4586366372598067,0.27628855492756316,0.4617861464703233,3.8997147,4.288371
0.09539955643729746,0.0378110277275541,0.5622271331064024,0.37827957110531596,-0.47772086,0.43382406
0.6672760975242553,0.24137946997558427,0.11246161680650185,0.1554165238575462,2.164792,4.5801425
0.2514528637950026,0.06920209630347994,0.004979351831433005,0.5485240449514613,0.09111469,0.15422682
0.45479638029194097,0.1265776922086605,0.49191281377216756,0.6883270238037881,0.1804184,3.593687
0.5887503965799309,0.36311701082089226,0.6966522119335485,0.10707855032587174,4.538446,3.7407994
0.12453237766445481,0.5391457864887242,0.030521951908287093,0.4760645567916968,1.3001955,2.6546874
0.6325307329674429,0.012758958853949188,0.17082172761447795,0.4095883583522727,0.31813475,3.7720947
0.21993345004085663,0.14497509954633425,0.5789466400700163,0.11171417144076522,4.0456333,2.4922638
0.07610313012698157,0.3610272558081856,0.41409220623734655,0.13824106708855916,4.8024964,2.4158103
0.3924599658726682,0.43053323815761513,0.01712262158323715,0.712769109914969,1.2303361,4.427676
0.5096050533433562,0.6249851165825413,0.43831579871698484,0.6619579143987737,3.516969,3.1036491
0.17440231891847147,0.2948883976201005,0.5234926918769015,0.5446447001984686,2.9303608,2.1661897
0.48406339432045303,0.4921664879738214,0.5646834801665885,0.5980958971623314,3.5767596,3.7846315
0.26279531919580956,0.6999515071702661,0.13008791223390564,0.34341233371533614,2.7835033,1.7232776
0.4492332815675403,0.1311351245919907,0.2998989401369115,0.5256346364993811,-0.10018771,3.5840628
0.08812118125670783,0.41381555385686825,0.10130278229494102,0.03131150243022027,2.5379786,4.609582
-0.039368796415153194,0.4915230072051208,0.6892916344883628,0.6032546046653592,2.4945893,1.3646622
-0.03186353436219523,0.8839372609792815,0.08331933987356133,0.19694571819600193,0.14981422,1.8351619
0.0826660417380138,0.7997696344054268,0.19635417713953324,0.27738801360490595,1.8057264,1.4433041
0.6058421860029674,0.2972714629692763,0.11390721577196748,0.47675572032161817,2.1914706,4.674409
0.1509256943004133,0.5820081180142802,0.019537021716681122,0.7188841772837301,1.1932664,0.5243468
0.12202113331534752,0.4440641623304807,0.805752566049895,0.5657121638446737,2.6814537,0.96907175
0.6204140241593152,0.2455829927380722,0.365649340136314,0.24727225262005084,3.241181,3.6331177
-0.044576108135228845,0.5009765733382409,0.3708580154757681,0.23933450741490273,3.9290378,2.414117
0.03142759995152704,0.5770022958676452,0.6103524327221256,0.3464078582666354,2.895769,0.43926328
0.0005066213445104745,0.7111921526198888,0.2450103509211737,0.2975885522510669,2.310672,1.4708318
-0.012114681696671743,0.8404126029869664,0.11015506067271161,0.20674084347092883,0.4634582,1.8047619
0.3770529330165792,0.22992477260784644,0.6209375087313541,0.39699370287842894,1.8584069,3.0797095
-0.021402299375583623,0.791519654743854,0.2218193928316513,0.46969290784524653,0.7964763,1.0168855
0.31130955170814484,0.5571204244838663,0.030975243511741895,0.702556696596738,1.117763,2.684444
0.5279250896606719,0.2164998969445193,0.07325033315954178,0.33599988844102485,1.151411,4.4718537
0.25933687856691423,0.14095541198132433,0.5447317444324863,0.28321271496376454,2.6202004,1.9559867
0.5275578042290006,0.2641397389647937,0.5427384108651174,0.5799664500460647,2.7034388,3.8021004
0.5220593606725358,0.6292354902332612,0.40356132028102365,0.036127880642952206,3.221698,3.133289
-0.0329929396551393,0.7123847830714565,0.007785304523128111,0.06503016086451291,1.3296907,2.240406
0.600665479131095,0.15669850172900984,0.20449356617202363,0.010278423040136408,4.211009,5.3796844
0.03563641432567673,0.4813180050455252,0.7603362017140463,0.5518955855970895,2.0822198,0.89962727
0.11099869005838149,0.7508916469085039,0.7442173407388635,0.5670258382207707,2.108575,0.5819382
0.37241309439247344,0.5381624659916596,0.02099705608925556,0.6419739731054388,1.1947579,4.582616
0.4635198706209545,0.5255813188667399,0.8097103677753752,0.6507325305756506,2.52258,3.495187
0.0879441992132763,0.5066730052989287,0.2155282081142992,0.5893268777972879,3.9606974,2.5013418
0.05451132704561096,0.20140295655341967,0.4404689619991645,0.6901320669136856,3.2457628,1.4482453
0.5239471698790138,0.6426611236910907,0.3192184046907763,0.24393228256527436,3.6145482,3.077964
0.29633201223055117,0.4171812807320587,0.18804279244526548,0.6784704529477393,3.894289,2.7232966
0.24330992766770193,0.8455408580042386,0.6289830911343447,0.4821010404852486,2.6450627,1.3337035
0.046091779069054525,0.4485885686723765,0.5770078634979613,0.5419849827594172,3.7621264,1.6469886
0.09744906211120287,0.048727172917498805,0.004796870518265905,0.5081381107258488,0.335018,-0.020084757
0.4595893921963276,0.47080484211676726,0.06262584889157448,0.36832194004185537,1.9644319,5.202824
0.5947177255595661,0.11914378805853457,0.7241867038916301,0.1809836561231329,1.2742105,3.4754694
0.22018307357332773,0.24387458679394475,0.8146312164957521,0.7048495999119611,1.5011156,1.4175968
0.4997093405190968,0.21233856624855443,0.3758981873653006,0.560123516336916,2.1122127,3.77807
0.3180389673360793,0.08857370238285243,0.05867160365912317,0.38953685347901146,0.44520643,0.8078114
0.18368995064994864,0.5226944278925816,0.5499757458922222,-0.0011091911129447038,3.57741,4.7635407
0.11865758174948925,0.6234439910247176,0.6705495926783173,0.1633341746242702,3.1149871,1.5349337
0.6660391809672576,0.648387146634915,0.23232555912820368,0.1125540104307486,3.4864092,3.941893
0.18984733224462286,0.795097525761576,0.2424649623564969,0.3826717697149444,2.7220013,1.849246
0.33704721340078553,0.09564187753441429,0.26101878262103706,0.339954412194696,-0.41763282,0.9054979
0.40049197949253185,0.35544751918842904,0.14944254355760866,0.03044132206293877,4.4478517,5.1622024
0.6042787315692636,0.42536916269540453,0.7219605708674897,0.5691669965250182,3.037473,3.8841822
0.5640799064414957,0.7881390733542158,0.2672552859001326,0.2651524317411355,2.4367793,3.8278897
0.38319570421734933,0.06629148633736821,0.5489658251558338,0.2870002416617213,0.5050416,2.543813
0.3643833426362608,0.15464491396930494,0.8277526995821441,0.008415054154609693,3.392588,3.7805855
-0.006797679048999104,0.8743203900829246,0.13238135938131726,0.47952687629502977,0.96786964,1.0877889
0.3599677602693295,0.6306568133615422,0.37970301330248146,0.5112652110806111,3.4202948,2.5217445
0.48611077667173136,0.6945874088297156,0.6390048645083932,0.0016981234594401831,2.211998,2.9191592
0.5618056732357405,0.2898995984841664,0.4665930832562835,0.28041794280526877,3.6124105,3.6470304
0.6454824744526548,0.2882948939444376,0.411197071064288,0.042666145277052356,4.2353897,4.064079
0.16674593839301594,0.6033275975740396,0.06047532189449694,0.3382353147290656,1.8738538,1.5174292
0.4950256526954216,0.8081520078200197,0.04954529931289531,0.02418356890745456,0.24953686,5.3178706
0.6092730770906001,0.8571571840873011,0.37769851094791096,0.0339176983077588,1.9209374,3.0345035
0.5397225767903803,0.7858211066129522,0.27999688020846375,0.6128727262477638,2.900297,3.086556
0.5292298857668271,0.7749188694810473,0.5253142663037917,0.4554331733994862,3.354268,3.0767283
-0.004636017465060725,0.2497698760624885,0.22556876985864235,0.05239865638994112,4.0028462,3.3193617
-0.029349389325670446,0.6519441931622385,0.3471427917959597,0.3190767105793203,2.3501585,0.93420327
0.4992845047159063,0.7710859256553059,0.6458004643141323,0.08550777036192027,2.7750032,3.1887374
0.014261571666080344,0.38176269068544166,0.08188743043232297,0.4351231915929473,2.0948772,2.408411
0.6369000702421495,0.8774680335813198,0.31601831233115196,0.698560597514792,2.5813851,2.9735496
0.5447825311558513,0.3028534831986995,0.7460164221702782,0.6702017639719154,2.2343276,3.7304394
0.1844733405947816,0.584694032609022,0.6469999398747148,0.43730374869879357,3.1919239,1.2292135
0.2743077219462559,0.5914550215084907,0.2741385187769616,0.2584728509969622,3.8645644,2.2751997
0.2722224740243882,0.8558113353653568,0.4839488973650916,0.0789582418855871,2.3165193,2.2586436
-0.00034428454735015157,0.7768159606374497,0.6119517485987931,0.10773406050573008,0.5562406,1.0536613
0.18811468981208146,0.021984782389622655,0.5045890767915588,0.6751256653693486,0.03530637,0.9092368
0.4497344205998917,0.49668025670309845,0.0007958404477962037,0.22120658041468363,0.94418824,5.66316
0.304563934387436,0.6443449272260112,0.4193256166298628,0.48726458286438495,3.5122848,1.4430223
0.2706233659675673,0.5428420116767378,-0.00047502819587449344,0.3666256292364653,1.0704423,1.5326766
-0.01856003741595843,0.604073825282513,0.7053872251951886,0.10281793144092574,1.5620301,1.2780615
0.10604550982101248,0.6145875887619796,0.16909133268601387,0.32557949197090585,3.2655897,1.3230866
0.513820292656953,0.3651585438290915,0.13682216929334096,0.5637493922432577,3.374371,4.5349345
0.2907809477275945,0.5782002989030715,0.08942434617330097,0.5293639535841774,2.1836467,2.0147674
0.06609709469367038,0.4584948653005896,0.3852733962005428,0.3567354374067811,3.6237836,1.5591042
0.32486694628743706,0.1821290173737105,0.24411770349213033,0.6893132213908058,2.789452,2.293732
0.06929355174745011,0.6316695297301332,0.66168888598099,0.29432749755515275,2.7903392,0.50053793
0.26751359521410195,0.19349632606002867,0.7063606298187926,0.26635376666422844,2.7341845,1.7849896
0.3028777269249537,0.04258961600879202,0.5061173142665748,0.06367461698635694,1.4340873,2.396211
0.3271769263827582,0.24654498530202754,0.2776947060790314,0.6020045140431812,2.4037423,2.6206653
0.09905639877182772,0.13250119786667236,0.5525934530459257,0.16068740509088522,1.5919467,1.4052315
0.2528997193517443,0.5032642727489024,0.5343463392427268,0.6684624570330004,3.6506896,2.1499984
0.3236662946601179,0.7733836096830348,0.08597328875248239,0.46499783213011775,1.0156969,1.6840398
0.5772912274505122,0.3519193966949093,0.34253451595542583,0.42329816208071325,3.2060137,3.7522683
0.12327032485064528,0.036470668564804735,0.5129447610935403,0.6840192613055844,0.10324628,0.7446788
0.5402029238257149,0.722167619711132,0.1815611914791863,0.3407302050554169,2.9995947,3.8154173
0.17568056589281578,0.162056286917426,0.6863466812644549,0.09462985018949918,3.809855,2.133275
0.12082617625773108,0.1464330458235368,0.5920187970985876,0.6433786068999247,2.4553897,1.72033
0.4155809134533282,0.913623839754806,0.01546431037503343,0.3592362637506017,0.5018642,3.8939412
0.02974133790409851,0.3108159782428757,0.07775797353289171,0.044285937345848805,2.221971,3.3879802
0.19553570839716783,0.6690732548104786,0.2991160266582456,0.16950592741676854,3.3142123,2.1723077
0.3100223164542682,0.00019539559617881913,0.2204775372411394,0.5395623330081908,0.13487579,1.1691879
0.06434026676845135,0.42906717064009753,0.17594575044656838,0.02848297407091478,5.0516906,4.974897
-0.011215170660837014,0.5878078963498002,0.053877609058820226,0.4997678225176776,1.8267387,1.4251696
0.4174012158901451,0.07228003909443466,0.744670305482642,0.7270254850216691,-0.6130305,3.2045128
0.34133696833209654,0.2521094609243912,0.3960197658064156,0.6173997956609758,2.905795,3.2734246
0.5374664064662114,0.8036765414210183,0.16398896541851074,0.07324104730445821,1.7488234,3.736298
0.5957597358220853,0.26646288653595657,0.1917321149935001,0.04141048399761642,4.6705422,5.7482805
0.282889762680046,0.29053303606293146,0.0517821881868393,0.005303970153086082,1.3238102,4.7303343
-0.02350749278509882,0.4413280538201949,0.3745500543132663,0.41557257506735035,3.4793882,1.5559319
0.5540403572201509,0.3914859625638725,0.33630993501749973,0.13734436734894898,4.4590898,3.757869
-0.043142863007318843,0.27012747051990044,0.15897374450841995,0.18784168963004777,4.225995,2.8339214
0.35391137757391183,0.41551247993987683,0.18551070644717335,0.23397582488539653,4.9105754,4.081478
0.5426161053527825,0.8420869280240558,0.15777878884201338,0.33674767992676363,2.3487093,3.4005623
-0.02748792026553874,0.11493163887124097,0.7323203122869588,0.18712481942251696,1.5113188,1.126847
0.26189165051576474,0.22422967661590235,0.6230908285134897,0.5279718944575948,1.6347271,1.920414
0.3943120859990828,0.7147161997921669,0.2855808727747866,0.17417978494249844,2.9353993,2.809727
0.4365698393693436,0.416346383641661,0.5095420712570055,0.29986130578284725,3.5842547,3.7880976
0.3633868586406218,0.7135594319810676,0.031835350541396155,0.7134334259588231,1.0589975,3.8463545
-0.0038106961513545493,0.3700031276563638,0.1341062382026832,0.2715733726821058,4.0612946,2.6238472
0.0782895615566971,0.46898246673611477,0.8290370366817782,0.27062357372812496,3.854792,0.8031989
0.04257640878937806,0.706013584470807,0.3833129697435413,0.5617326879380823,2.970045,0.88945085
0.33910425857841936,0.22000028930092314,0.21324573687662715,0.2912634642006259,2.9485126,3.7426965
0.2792062279186148,0.2615584904980326,0.4484966535457434,0.7384868850625838,3.032456,2.1798377
0.39960423479878476,0.11451505047707557,0.26794029839527095,0.6730259779107443,0.35889682,3.2331166
0.2272903470808762,0.22941914215646714,0.30506721909224993,0.5585919040460676,2.3423574,2.0670757
0.6296609794869331,0.3685090405429044,0.7704454544265357,0.419700221758387,2.1857646,3.6490362
0.11893827771866498,0.43482920915587037,0.518575805155432,0.3220719091245905,3.6220028,1.6758344
0.20725276286956978,0.37670713385494586,0.7882818878875746,0.11413801679629632,4.107243,1.614951
0.4697480555291976,0.18486649762224044,0.10319782368454539,0.284518371036882,1.9829755,4.548799
-0.019406735219058606,0.12171626713021728,0.687468623115835,0.48629910737748466,0.671234,0.8293985
0.6498479439281064,0.06390044965939655,0.4075950540185165,0.29811890453147677,-0.009246436,3.3414962
0.14875314421605973,0.33583993212192553,0.5666441468085625,0.4102968616209379,3.115234,1.8450465
0.0615639887284328,0.7888509651084679,0.6613170948062268,0.27583494717483514,1.2151066,0.9117466
0.5593829051850129,0.634447237256421,0.7029388742032016,0.1551563222420817,2.782486,2.8996806
0.6565879191133026,0.16277496292590374,0.4980901675598382,0.4877588816220567,2.3915696,3.7392843
0.01336706378741885,0.8588384402863685,0.18467752464471282,0.734046463787528,1.04959,1.0417805
0.051892977921065814,0.6661463532290007,0.2362848770558234,0.5131284096867573,3.0591452,1.3499852
0.6377065854597851,0.6604465249179718,0.49321475928286984,0.5250426200704628,3.7760649,3.197118
0.49239346601307027,0.5971572411564857,0.5741838191709462,0.477497215579933,3.550384,3.6729777
0.2644461633003612,0.2314131618003964,0.5824985710874022,0.5696304772191999,1.8904129,2.103851
0.5703529276415009,0.4006042262297056,0.442249162009866,0.4712362462535933,3.165713,3.8953333
0.5581569503725046,0.004217767038901335,0.5946121701348913,0.2730465687694822,0.85951036,3.5097408
0.4050354095491543,0.351517463244138,0.6160138572418167,0.09041292915475903,4.3888845,3.351728
0.5286401245537621,0.26257752874173657,0.40161938290205956,0.2134988937099293,3.8972425,3.6916747
0.46174151006978087,0.8351020134178038,0.8068740406972424,0.27510872080965015,1.4112949,2.8328073
0.48699624292676164,0.22726020585473125,0.028923436728105798,0.18564333635671185,0.55687886,4.9610415
0.12590745572868595,0.007576562217844237,0.02373311847568122,0.38530149654464985,-0.12394574,0.7727418
-0.025900386618801046,0.3856966875362955,0.7480464475345122,0.4291925307879383,2.5305011,1.3754622
0.5390722315177475,0.5042706320615901,-0.003391375943203638,0.46617178696578,1.1664711,5.55012
0.24843691033282717,0.7305375402822826,0.5963735217365126,0.16260823521268056,3.4127116,2.0919135
0.13957724439887725,0.7902608453200117,0.7002573486864992,0.6354092049337895,1.9093131,0.88915825
-0.047052127453768786,0.4096683809573009,0.6508142500824846,0.45796122612205503,2.6010842,1.410979
0.058665624888633555,0.002341414111275591,0.04055375404388679,0.6735486135583689,0.8584349,1.0939404
0.6010338211978405,0.8286941990350833,0.5912681461115511,0.17589194384387888,2.604817,3.0609977
0.5045980303862614,0.6159633163737633,0.3486042840448827,0.5987165320902216,3.5032463,3.0981238
0.057743247004362314,0.8542600627237458,0.21008707696356443,0.25492273741640764,1.4327614,1.5298806
0.1875833062494851,0.2667942152238904,0.14542345721139818,0.32295769802705476,2.9406729,2.231439
0.49322137174355957,0.18613297227047707,0.255015061391545,0.05964589165146236,4.0623555,5.6216035
0.6139028452440566,0.4730029689589935,0.4102811154183308,0.5467201205492961,3.6774702,3.891666
0.5992514242024378,0.330695016741492,0.10674756203789983,0.5753722221369609,2.2809625,4.674409
0.14127291245512902,0.8735073171429262,0.7015999624996964,0.33329430547569927,1.9477583,0.9154667
0.3123183257633756,0.42070048221736045,0.22343406634422155,0.45112432427351856,3.9312553,2.7627857
0.0683004026120318,0.6836692101081983,0.3683184703656645,0.3701457498652708,3.01805,0.89835495
0.6510474688136969,0.5688336280322095,0.8192256705864719,0.20227116930254052,1.6629173,3.2123756
0.5938187340323385,0.8175631952716823,0.4549725639091052,0.3838311985625299,2.842968,3.021369
0.06533383794728612,0.15135377052225846,0.5383088047172764,0.530955429289191,2.574272,1.4544429
0.030155534692115682,0.7550714563371942,0.14354680090377273,0.48424434914652575,2.4095657,1.1898673
0.3800715105929966,0.5285078142439175,0.04514136207353583,0.26947730570157213,1.6603684,4.7820454
0.5199493651371857,0.8723425938765921,0.0091385554362853,0.18507861428975392,0.22860381,4.5850863
0.346258773162477,0.2820684686138767,0.8110358296928826,0.3112975557099596,2.1328871,2.8327858
0.05579172590050291,0.09552707509559412,0.6053720364462523,0.5212141615017294,0.04382757,0.734169
0.33063542565596027,0.8689127107286395,0.6329601554401547,0.15983799543319033,2.5241406,1.9347115
0.00794620335590282,0.46806023900617016,0.6193100846451176,0.708458792905109,3.0737329,1.391451
0.5688489087585293,0.15540238941888754,0.6518965679723461,0.34713950382517716,1.1837277,3.5138166
0.6034987466265307,0.710799923428697,0.5572873381952889,0.3109272194001638,3.4293747,3.2577999
0.23786824752231622,0.15911472395109288,0.5414519442686334,0.5737627279179873,2.2296073,1.8892412
0.05212231972302078,0.009195240718948526,0.7951919513827311,0.04832267120649532,0.9928185,1.4177586
0.5736797620856758,0.5642674741738573,0.2888016333647253,0.3674472674153345,3.548833,3.5656314
0.31526568446266523,0.6708299128576238,0.688660151306588,0.6494427495963038,3.0455604,1.3257928
0.3752257667544248,0.4477494660500456,0.8158913062846359,0.24206180432947413,3.9238594,2.906542
0.44360582574396074,0.6934013266616287,0.4058238107514691,0.6289173756621781,3.2311728,3.129858
0.26662523360927076,0.5110872539555107,0.012315819780719543,0.6448062052584449,1.1555678,1.8112308
0.35594601728169195,0.5337339951815895,0.01243097172749797,0.14534818167348987,1.0984964,4.8444552
0.4827052956043327,0.10569445879801248,0.30114667393364863,0.39773475204846964,-0.07225505,3.3838525
0.307162503727651,0.3810063113477919,0.4020902005331884,0.6144143275745789,3.1164348,2.330073
0.5671578349460598,0.5103524167699204,0.42135392969902496,0.6666340961334324,3.6555216,3.7765093
0.6021602754744924,0.4735658572043447,0.06357081784659739,0.5190882820728628,1.9937482,5.3077016
0.16971053998174773,0.7634446529773052,0.13823365076940705,0.7284189812370742,2.632543,1.484457
0.12311580008033356,0.2789474696853185,0.5931553373792149,0.018469872010049033,4.503547,4.260868
0.5532260803816261,0.12048888806151101,0.2718749081843128,0.3201964905211198,0.18918312,3.676751
0.597127311958323,0.027139965040344723,0.47521336238844303,0.17702139222573168,1.7843802,3.5464041
0.5936651159182713,0.5549694529437189,0.14244441302875432,0.6557073455324065,3.6881702,4.7247295
0.4212014136541789,0.19226381093922548,0.3201023788152335,0.3023292337502684,2.236637,3.5375896
0.4402815268384514,0.48399702507053316,0.8180610202734206,0.1481496504008294,4.009501,3.2773151
0.6184682151628221,0.06436536298326868,0.5293354582147147,0.6546853239715948,-0.6149223,3.6080241
0.353477821245147,0.8712509697453422,0.6946939659896172,0.1976372972180435,2.3498495,2.5632672
0.24235005072760568,0.4428999335293856,0.5539856088405789,0.4314835871287139,3.5531893,2.1988525
0.6405292622901753,0.1699212930959899,0.3532846683495504,0.4942829606515929,2.2968004,3.727964
0.30882143384979766,0.08698922076499559,0.7902717130615148,0.4892677802305335,-0.6564958,0.49462354
0.36138449063611255,0.6177807012137237,0.536833630088569,0.6939388825056632,3.5907598,2.5751836
0.6605408896261804,0.47717654840899476,0.5506367431681756,0.7355588710322377,3.5416722,3.7375078
0.07376825247996996,0.7680433958355011,0.2844720582666903,0.4465446712092077,2.3779106,0.8918602
0.10156801507304457,0.2486813853264944,0.17105194037819835,0.36519614630193686,2.3116663,2.1041517
0.2891395631388532,0.8360436472066093,0.29170573391957166,0.12749977847436914,2.0110326,1.9549179
-0.005578297439388133,0.6732428674056263,0.12766645092209838,0.2132304170205382,1.9718083,2.0507338
0.21168726049033787,0.6011567433574087,0.7147617631772145,0.6455500482182679,2.6061294,1.2023734
0.3705614130022989,0.5402169756246104,0.032435878103665355,0.5236467431418693,1.2400601,4.582616
0.5572971879315026,0.5993139538544198,0.8085880104474318,0.2768502731587289,1.7556367,3.3018816
0.42245255344816834,0.6966958647623721,0.4833371100474296,0.2006877057147705,3.4299836,3.25472
0.41289945238858317,0.7971622315504175,0.27586826169867856,0.48066499044975525,2.6201367,2.6616237
0.1341801347262433,0.5738789856769293,0.4829695170626486,0.5068073384319832,3.779136,1.1862181
0.3451756969272339,0.4985670153865458,0.29590908609865135,0.09363719907953866,4.66284,3.508525
0.13349813935725308,0.4530894211639183,0.035644189831339705,0.5505254115288674,1.7712859,2.719797
0.5650384340244214,0.9097072309464187,0.20080369522970215,0.22213611562809407,2.2704248,3.7434895
0.3936720014315342,0.18285967016836396,0.4279582689334259,0.38318035785307425,1.8934625,3.0067403
0.2261687990822241,0.011675726792355817,0.07359666446822405,0.0027286905024582952,2.4777043,4.142013
0.163656151590224,0.7558374715736391,0.43916222409336775,0.680256723109973,3.3039417,1.1119972
0.4202646906257733,0.21361687201058446,0.13300185933902617,0.21841070598446358,3.0636787,4.116124
0.36646888252815135,0.6472115786046403,0.4731641716762662,0.6632944574918765,3.7062912,2.5272696
0.6559675434052138,0.5133716346300624,0.7116345819123798,0.24558564543323033,4.2806835,3.6073306
0.04503716303924095,0.3270818726478603,0.38846358999097913,0.2788077160312382,4.3309875,1.6233506
0.6530002151690656,0.07492710786231194,0.10538383943032424,0.324234491482851,0.42747423,4.2484565
0.14293087988362863,0.23989833657107226,0.7259878427797025,0.4450240888754321,1.6682578,1.6813823
0.39294890053549103,0.2635653243598605,0.6813276377460366,0.35431383281438456,2.0109832,3.081523
0.0012047481212709224,0.664577563296354,0.11646052254415473,0.5978328066110092,2.0698917,1.4726906
0.39877330378502646,0.6047778223111122,0.7783480078056243,0.6567011058532454,2.196538,2.8092813
0.5790684782060774,0.75057458333054,0.10028674355846745,0.07510906571881604,0.7892378,4.7053194
0.3280527583096315,0.22794827596490036,0.452791244046472,0.6871172781518734,2.3667483,1.9863183
0.3524684382052626,0.6667923543606331,0.3009632844436463,0.5709070508221135,3.490329,2.6042807
0.5186105597660778,0.191554451947565,0.3449661502778903,0.048544565122798505,3.79106,4.0548162
0.05986497789628753,0.810840187119127,0.6533983480332863,0.5460106378551857,1.408606,0.6702031
0.5962404222468463,0.7425184343784007,0.5809586845786181,0.6972556289027866,3.3532615,3.1272118
0.11070136446686223,0.8370204333780376,-0.003920625983453283,0.15055088371604858,-0.98236066,0.14274825
0.22140320177414036,0.382882650623381,0.19460074644193737,0.6844861764798197,3.5976691,2.661478
0.4337194476126052,0.8206810466817139,0.7615174366107468,0.2105084546596799,2.1208436,3.016355
0.531473771583967,0.07953388615721907,0.3702535416228334,0.46701415597810825,-0.100865304,3.5840628
0.5036194935681116,0.2773977434951219,0.41568993905918844,0.7332692272400981,3.0339143,3.8221521
0.23486864314606914,0.1363026254421483,0.6575835676843454,0.016282148465643922,3.8107352,3.7584102
0.45637772255536785,0.10771595670588437,0.1861912449999355,0.2670615598949514,1.3491076,4.1340523
0.3502626144714828,0.8214737705896432,0.15159443593390862,0.549154257561685,2.34962,2.6446695
0.6085559339486597,0.2597170381834247,0.36394278123950885,0.08361331738405292,4.187569,3.8623667
-0.040097783913839544,0.716851993982367,0.28606477868947133,0.19416986903942143,1.8927375,1.7823077
0.2064852843797671,0.04488926196191918,0.00580058815955429,0.13435551258705333,0.44983354,0.8495086
0.42140682392382606,0.05414165438212517,0.5760137281663079,0.15718029324046912,1.6260608,3.5484288
0.101937737133188,0.7249208973904019,0.17255820731296548,0.5744057736467874,2.7365067,1.3801348
0.16080131574374645,0.1609135794311836,0.45083307230318437,0.6950294601683598,2.9183915,1.7491597
0.015218014450112685,0.5357705416656303,0.7369782270160317,0.682698533939483,2.3879404,1.3046445
0.6233906723694569,0.16578322472261015,0.4147764643141129,0.4969820137080889,2.3036325,3.7485595
0.15900210412642002,0.2425874798230073,0.527344861381038,0.04684291005497858,3.695599,3.0351436
0.133172044159295,0.283663012918814,0.7396055019200356,0.5086295825957761,2.5762827,1.8574026
0.390596805024389,0.43131716190677466,0.24914646136937255,0.011721028996086498,5.585055,4.9862647
0.36993301869066314,0.30444255514847424,0.11148064610890178,0.11612092434353176,2.4763794,3.8450935
0.055487977845828235,0.6914667018619823,0.26184366596031755,0.6172492005453091,2.7112896,1.2925403
0.2605004476289776,0.4182019759781131,0.23557096350062354,0.4401226736053744,3.914729,2.7307026
0.3604910173812453,0.841001133025865,0.7545730823348098,0.46111100587684556,2.1060433,2.3384774
0.34421540203299134,0.08308154691741022,0.20603928304663893,0.17842569858854587,1.7728249,3.3198853
0.48530019193405566,0.4574615100065958,0.45348922506791456,0.007856127177756599,4.9257946,3.5994213
0.23622682356730962,0.34506669647117955,0.7413496175782804,0.47520835822537827,2.5741708,2.0454693
0.5885920865661444,0.5269537143422655,0.014024696601206702,0.35702424657376497,1.3192765,5.3840775
-0.03594360005889857,0.8523714659865107,0.42682506150437044,0.2592933865431047,0.3942381,1.066507
0.29887805139871887,0.3996749043746545,0.5032291357313479,0.3551054919177589,2.6362176,1.8519874
0.19901629289565181,0.1768478600283897,0.05677980717457548,0.35831560813713687,1.5982162,2.0068703
0.16494434463171292,0.7943720303627424,0.7714731288720087,0.30784388328917356,1.8701684,0.5585546
0.5028952992990967,0.11820382435648312,0.6950292403722113,0.22737344385518954,0.92875636,3.410433
0.6121427871119539,0.3584164510514967,0.11883840592859193,0.03212003335528983,2.6151903,5.9302397
0.634935454801384,0.48513831578771305,0.5302853235147915,0.4069858390129206,3.6058195,3.7019207
0.6640875763054271,0.20422290566203144,0.6108001446021271,0.22658638588749455,3.2224946,3.65418
0.2305248143346883,0.32900507935396817,0.6132433548839394,0.3153558401157423,2.9508317,1.8703253
0.3675180805920052,0.7721839321127434,0.6723158260044796,0.6013242555979141,2.9812694,2.3831675
0.38668397421056366,0.46225084272039096,0.4989193510079393,0.2502311810276447,4.987835,3.4818184
0.6344599048017253,0.024814794010817095,0.4456070056063542,0.04028477798997039,1.7341564,3.9746115
0.39557259763610786,0.7348103746950729,0.08691764984638754,0.04967227503210439,0.79757226,4.419562
0.6301992096277514,0.2548124113330942,0.7242519853738018,0.4899202775455593,2.3233604,3.7321353
0.16796969642431892,0.4762190171930203,0.827124882724973,0.43096595550670774,2.6658013,1.0650346
0.11265048886421324,0.8068188573348062,0.05309070761437101,0.5365574207266127,0.5125044,1.2234832
0.28691942743427257,0.30408113011444005,0.5534955923967256,0.12482386663193143,4.0839524,2.6628232
0.4013508958136882,0.9075571857248593,0.4971027337057989,0.16647168633347592,2.4816403,2.603104
0.2700783236910136,0.022718654153982717,0.7288975002513338,0.6746076378781002,-0.5888164,0.886302
-0.013341249955460592,0.24192948557077368,0.04759181417720726,-0.002273992052486448,1.476529,3.6560743
0.2981054460296151,0.21495189507948884,0.45609491715372,0.12444027191235835,3.3428526,2.4910507
-0.00792070100804737,0.39409279474374037,0.713080637857652,0.12578316547535384,4.330254,1.7806509
0.04137969973912667,0.48955064958606903,0.3559310209808036,0.20544506985729474,4.2591887,2.4061131
0.39140709864103723,0.2338184501187056,0.20386208828565067,0.4641292287604462,2.3517087,3.7771957
0.5097487841963055,0.48154086497109044,0.5652220319625033,0.7002376117894973,3.661761,3.764197
0.31407722697738394,0.23482968869372717,0.5070660781312198,0.12109148885101548,3.3489928,2.4842057
0.1708181910433466,0.6063701856558633,0.4659359930465258,0.18877003553676333,3.7760491,2.0474768
-0.003248888597513995,0.17631712818969889,0.19360711203405376,0.051183512736555636,3.99038,3.334768
0.48754355805338917,0.5184460294063484,0.48947530741789275,0.07308329931395172,4.6400676,3.938426
0.022710938418620666,0.38742762216503485,0.8194223083026005,0.19626757008557494,3.3074899,1.1326216
0.5111134583020525,0.5728957681727448,0.5394382245000342,0.39190147012580706,3.5052078,3.4722168
0.05811581102763626,0.25002569860520274,0.4450752513432899,0.257215729290634,4.266224,1.7967441
0.45920383236638823,0.4905208861784238,0.1309643507469417,0.5205178004427541,3.7909884,4.6136646
0.5865244599757327,0.374538146806736,0.14695271750566627,0.5862917443283086,3.3711338,4.5349345
0.33427758584595335,0.6686607774780641,0.7204250025937764,0.4300188191764957,2.5270548,1.2679687
-0.015299371878336271,0.0028063956402426767,0.7625268935395934,0.47360114343585724,0.62123924,0.621016
0.5005696887164428,0.6262473135227395,0.5407872589169072,0.5625663891382222,3.5166466,3.133939
0.08527355009667208,0.5721524929841223,0.4817217556522395,0.47471817492496104,3.7334206,0.92346334
0.09609172820198818,0.4344672950783643,0.4723294443654038,0.4704876630601961,3.8544304,1.7463775
0.17268561594839033,0.05610021215674819,0.8254515858388254,0.1281383448593941,1.3440288,0.77925587
0.2946168118888594,0.20811487547619828,0.04714225300684209,0.39565821766868103,1.2906588,2.1309452
0.4424393920366015,0.046455512053979305,0.7984936874548637,0.4808811125910134,-0.6392253,3.47085
0.3687690417331329,0.8862044791766881,0.40628568858793807,0.2353913730155045,2.3407183,2.4877353
0.18543086969166966,0.7410023283865207,0.6379630328104267,0.02162897174941052,2.8048277,3.5174162
0.06881850435921157,0.40694067683256063,0.17301594936631204,0.41441265435606883,3.4058383,2.34775
0.329427375503631,0.09804616228233277,0.2984385101367869,0.4415602030598007,-0.093779355,0.9979281
0.5836531690800063,0.3075685960092937,0.09276509814080545,0.16760101644558864,2.2587411,4.786439
0.2774650806277795,0.41196299646338025,0.22485088041925735,0.2095943478728976,4.9530163,2.987192
0.5150729602963076,0.5531974455761786,0.05790157951610459,0.04367625493883569,1.7130827,6.391856
0.35231130219519385,0.3014051049619948,0.08279085668147274,0.5887079114467334,1.9905579,3.945509
0.6150986654710977,0.12983113380025596,0.6455001585256736,0.14237905580503787,1.6099676,3.4211996
0.6099453188177015,0.49312587385814854,0.8002345716669356,0.6206667795080988,2.6021001,3.495187
0.257778788858167,0.12709327516738944,0.7020894446115558,0.6415547254446973,-0.7014592,0.88799816
0.17823435089493428,0.8317504240899308,0.2719129270841377,0.0680563319275501,1.9709088,2.527076
0.49431644059282925,0.7469124374342425,0.21857738558754342,0.41693661060356263,3.1666422,3.9699564
0.30850492639240107,0.8902803709732829,0.6877770229003722,0.2820065535553561,2.5234528,1.5533253
0.005679421572369996,0.8639357213029075,0.02564029910839938,0.7302885211513297,0.26247224,1.0305231
0.6431260664702158,0.0904635997339395,0.789707357708534,0.5195544159266375,-0.6392253,3.4765625
0.3291547627870761,0.6754280513390402,0.6218930172189389,0.5168067802282529,3.363726,1.3784235
0.42466665984659735,0.03002635770357642,0.0484152689951039,0.20397030105471048,0.81574976,4.6123796
0.3887667662117285,0.02015361809802446,0.46791130264993047,0.17528087273818818,1.7211603,2.877044
0.573579396066437,0.6631071658745864,0.47795887176461055,0.062078488467048165,3.541808,3.1915596
0.27570829128153035,0.1641613077282663,0.23711546951706133,0.5579836024704542,2.5249176,2.208415
0.651326678633336,0.649226079934233,0.7741693843277376,0.16466733531900743,2.5922513,2.952524
-0.025046643513312362,0.1323122472585873,0.08826799314173556,0.6278011980470999,1.15834,1.3865236
0.020770610968970635,0.3963907691834299,0.3976002871521429,0.406144706679759,3.2705586,1.3643357
0.6677873277038237,0.061419675305320595,0.028023081137639478,0.3794471619108225,-0.42198804,4.663813
0.2465644960652505,0.07573215170909688,0.1825261428498876,0.41161552309666555,0.2946428,0.8469884
0.4413330896661365,0.9030289630808824,0.16198844992958225,0.2371323144182363,2.1251597,3.4431078
0.653599132138926,0.5887026882198318,0.14126408270323398,0.5452030066551908,3.4991465,4.4000297
0.5168647459576801,0.18383523644858313,0.5073531295478062,0.648648878189786,2.0412543,3.7669954
0.15649094186822066,0.2118689631037534,0.17500424608178125,0.05702807231442904,3.2350345,3.6190429
0.5267849374445845,0.1417868175071936,0.43541685556610144,0.1202847212274855,3.9152792,3.6106133
0.2777243175486851,0.015399245987863798,0.0801352612172621,0.6880704162870249,0.75779057,1.1377039
0.1058158804567227,0.29551981485631945,0.07670475705265381,0.37997436069363594,1.7509484,2.104291
0.46256999491474565,0.5652080315740902,0.5283205870149574,0.4448307829141732,3.4474564,3.6487489
0.1648056946525362,0.26514535284591695,0.8061066361691904,0.013778021329053886,3.7027168,3.702098
0.08477339029933618,0.6398673663358906,0.6688826321008143,0.7055364471706922,2.846715,0.6571134
0.15313019700990266,0.7670863667629749,0.20565200478519513,0.28655238427228025,2.639295,1.5076555
0.18871962531673242,0.6675840083823367,0.616990452034424,0.7311950880327729,3.3835394,1.3643918
0.43005453117197684,0.19746647519647195,0.708659860904861,0.34923214471950814,1.1972011,3.4759164
0.6622347907300223,0.31275182304816473,0.3899194486203286,0.7373927908066823,3.0893188,3.8015566
0.2737656374357764,0.4028676554902848,0.3127091640208788,0.3949959632238406,3.2884855,2.0898294
0.15490732534752782,0.593075508541156,0.6905148897251233,0.6914347423652142,2.423433,0.8078554
0.03629609593338916,0.1865522268474773,0.303376681230056,0.3015860679256081,2.8208547,1.1641
0.23832537214560606,0.27284694548685484,0.3825726917347127,0.18328213552726663,4.043399,2.7455595
0.501223092741468,0.30061678624571087,0.7426609035427939,0.5500878094163916,2.3233604,3.7321353
0.030584866592701626,0.31951299090012836,0.41843208029109147,0.6993726988491585,3.2976272,1.6065782
0.3161136052653781,0.2743171271407717,0.5357164210936659,0.41615924988348013,2.6853468,1.9274127
0.3382815853335511,0.33706015150530916,0.3944279508960151,0.3507201193508886,2.5594037,1.9046209
0.5160833094917009,0.9066998584990167,0.2937082866463801,0.07132389726760377,1.7896603,3.0938866
0.6198939742253966,0.07869890057079106,0.3951260210143806,0.7104950437462555,0.15880443,3.603812
0.4505793048758096,0.26875894440673,0.7188242535796774,0.10581612390908757,4.3273964,3.577394
-0.01710422651399498,0.9126867778227072,0.6371916818713323,0.19492477987525103,0.19890703,1.2647593
0.5711691910283818,0.6717420470968443,0.5709495416032149,0.5925076003767481,3.5618534,3.243852
0.5070534698845943,0.7018814565472753,0.5313489094403616,0.22956139875452897,3.3973272,3.1815126
-0.018192212946280262,0.7288668724305473,0.12089477460255502,0.5847766382548283,1.6774563,1.1696105
0.10083634568079246,0.37242867435023747,0.21369375453512948,0.34531298839240954,3.2197554,2.1426904
0.17018437026072208,0.4785252880039478,0.29101808046744837,0.17934864257036762,4.6595564,2.9321554
0.4466772777415002,0.6606995217888633,0.3919055869089679,0.5434477029448168,3.4592412,3.18066
0.381112049292787,0.2068444979816622,0.373308699665001,0.2581819583019697,3.0418284,3.1925087
0.45333343978460056,0.3444719446154623,0.3813545978839849,0.5952077213695822,3.0198662,3.7968776
-0.032239023040696854,0.2804683967314844,0.8174204401924654,0.09898494956778595,3.4731243,1.1170831
0.2847509286503899,0.024500679384659847,0.5847145693312445,0.5317190783246744,-0.6130703,1.0248811
0.1944115674633452,0.8913746332029631,0.19991414581962114,0.15438020292791305,2.1500387,2.0247307
0.33552240110680964,0.8632059482054292,0.07214980713689026,0.15311225188425534,0.42689693,2.0362642
-0.0014415540563275583,0.5681075213827718,0.5222342174554613,0.37523063869427503,2.4380467,0.8192394
0.07957973065146222,0.050301597437951755,0.26283327903404646,0.5550365277811289,0.5572825,1.1415262
0.5795155209759598,0.6085254553231678,0.24035036686731792,0.6057635394872076,3.5237112,4.5086393
0.3096695684386897,0.589164409169912,0.4901037838175779,0.0916792433790935,3.8085287,2.166685
0.5327678486842423,0.5168534078285583,0.36883291205528984,0.6521548676842471,3.6629941,3.770984
0.34871240362028344,0.2004632568045276,0.5981610999178716,0.14460625617324213,3.8268535,3.3219852
0.005223468597610914,0.43837486168213985,0.7422213213829354,0.18980840160075155,4.398708,2.0067966
0.2168766129877162,0.40589423431420163,0.7404992136022369,0.7113652823509522,2.6796157,2.0610712
0.016928451537443753,0.00864860709028378,0.6302572114492913,0.7398714890006601,0.15435398,0.55345756
0.024153755820656694,0.38613282953624156,0.7634311560282894,0.5380657824787143,1.8966839,1.0997428
0.43237589334191384,0.29600255544354964,0.5559547088422684,0.7070246042838509,2.859521,3.8187532
0.19984949612288055,0.739234939700842,0.5210323403531937,0.6216327468969397,3.4475884,1.5919827
0.5307973499793127,0.6223892474302138,0.16259205988044026,0.6404811227380339,3.3973563,3.7831545
0.4105997153975327,0.720679580416701,0.3466302537452608,0.13883886732542908,2.893348,2.8435888
0.016380390299157804,0.1778112750681086,0.5865421730230577,0.7065680864053806,2.6594095,1.3709124
0.3055554485107379,0.39275153192777834,0.3652871200110647,0.3989128747904137,3.1515157,2.0921736
0.4703979689314592,0.6104516093683696,0.8251219875463554,0.5155506599151092,1.4404631,3.298027
0.15236778110777088,0.6847562614792281,0.7521325038645993,0.33410281378162004,2.0828593,0.49633768
0.451803598149997,0.29290031203986866,0.24007107707184794,0.5682800203887729,3.1545198,4.423646
0.21255037709753927,0.27569428539280694,0.45046224123661627,0.1582313898093365,4.207801,2.7228818
0.42641098325025234,0.7976227574766115,0.2944363979118288,0.39166342383924,2.7251391,3.0118058
0.10792480146550514,0.3912496998030237,0.41277837758687314,-0.0019287599810511686,3.9356122,4.266971
0.302775433309643,0.3625640485992433,0.7075415872355346,0.6128096130805969,2.5009224,2.1488347
0.4478722389570167,0.5374981828260337,0.44896816725213545,0.14358610025208696,4.803518,3.7629933
0.6664139988366431,0.4654777017179407,0.06558777860128051,0.003839232520062033,2.1905315,6.2502265
0.2402857294487919,0.6197635826063348,0.12720809468599006,0.5778376898825982,2.2723024,1.7849861
0.02858558758566604,0.8942624217730223,-0.0016823598988793941,0.33078671951025984,-0.88380784,-0.5819444
0.6262560255360987,0.30952052395646723,-0.0046795362925053366,0.361896916148967,1.1333885,5.005148
0.22768671052938422,0.7231252568157808,0.13939417376451615,0.5116960196518411,3.0098605,1.8165526
0.11411715895432555,0.5703226009905492,0.21653230490040049,0.6241648028093034,3.4196606,1.5736102
0.5909190622631577,0.02787136504378868,0.5834150987228176,0.6370123475204952,-0.5982944,3.653836
0.11805390271992981,0.11956189331791361,0.07000207202800415,0.038389621452677644,1.1444124,2.918296
0.1795770840916373,0.2714131863112055,0.20104513075079333,0.07611238905147802,4.5127096,3.38582
0.5487160905162637,0.781213820499909,0.36626875000885406,0.5903649962069316,3.123215,3.0158436
-0.0005723360951170389,0.39044179307190674,0.18727211617356546,0.4244993978363429,3.2349145,2.0961847
0.25622376844235245,0.37550873881389873,0.6356890345050751,0.6330370520096191,2.503056,2.2061865
0.027994947493513292,0.8701739772021312,0.025850560268125333,0.19347806146025653,0.14736387,1.7485356
0.24491526722273255,0.5244559111526995,0.7388577499132515,0.4652299752996859,3.095557,1.9727205
0.4972425671972844,0.4395707578065649,0.059702746754906215,0.5843888125092174,1.9878845,5.1775866
0.5365127405149364,0.3984897035262747,0.5110430268195039,0.493389468592612,2.9373562,3.8950307
0.6248441878351828,0.8854621786018243,0.16563030281877303,0.6593838657053234,2.2711413,3.441523
0.2568892748450246,0.5119409856094541,0.2582731477759936,0.5728567359232557,3.923742,2.8193774
0.48161313532953626,0.5625420939992907,0.2240776259723218,0.2922668273736208,3.9906232,4.9736323
0.03391050050853965,0.5800799161874616,0.04990408614948661,0.07711236050898812,1.5448836,3.1654992
0.6423880080490219,0.18146024674902772,0.3239409787160956,0.30099669610919305,2.2429733,3.516423
0.2682907646041761,0.7235933557335235,0.1741503279406743,0.638076754409529,2.8980732,1.8427184
0.6484286545478469,0.5317585769101127,0.020070852261640425,0.5526861125210051,1.294243,5.600519
0.1045983647365752,0.05950866351973051,0.338685791314578,0.09553054809145525,1.7085696,1.4709654
0.6392389073660873,0.8297087951938029,0.7555920113643665,0.5348061305612137,2.135256,2.9447494
0.0392966700238927,0.17419034010336307,0.008746706312749,0.3886011916760767,1.0230286,1.1287035
0.5441266320707849,0.4461315396391599,0.1261073386371693,0.6821043465140414,2.802975,5.260294
0.1455319062664041,0.46191831525888666,0.14900747299452963,0.5325597604972504,3.7832901,2.7445638
0.14417130371011805,0.5669600239093082,0.508157906906621,0.6089406096217058,3.479742,1.3456055
0.15153788212022073,0.05063569941516924,0.10432070175190072,0.2330706434287073,1.1313465,1.432949
0.09165641155355646,0.48685486296429326,0.5402775016517517,0.3602775896067412,3.5754566,1.5261633
0.043157063814792535,0.555712461843017,0.6671983124172846,0.44239969819181274,3.0643237,1.3963624
0.07894860319881535,0.6501417670131322,0.12555239195056137,0.5956863010458013,2.17857,1.3115791
0.385096743578218,0.9173091608234483,0.31507863109686807,0.26380214871997165,2.3278477,2.4905558
0.4391345073008627,0.5595307078020979,0.41767987934922635,0.362278509498087,3.5913477,3.717126
0.5557299918172531,0.1730235803489514,0.5802033196195652,0.24260357473521835,3.3081224,3.7129495
0.5746758998469448,0.9009403067033447,0.46388562758824026,0.017139262228222134,1.91875,3.0504658
0.04035582490637192,0.506259626888283,0.6996016235248218,0.14144171932063132,3.9873898,1.873897
0.6385809248806907,0.7620032010486694,0.23415382819483627,0.28991677625737006,3.1489782,3.6639087
0.3143005951738966,0.7591792514338921,0.2184556276283968,0.6478300902408944,3.1832948,1.802999
0.48236027593690983,0.2512161127863431,0.7753873431479662,0.23622783709141987,3.116162,3.4962947
0.5919551647297596,0.14020975788179346,0.573937657996523,0.18265054266233754,3.84569,3.7576642
0.48060123331991006,0.8748677164013413,0.5730960193472543,0.07046605943729065,2.2958786,3.1666248
0.08918490062169003,0.8147382740162514,0.4606011977852293,0.22039556987218495,1.6432908,1.3712021
0.5493046175583854,0.3386325817881623,0.5166661851794088,0.4475753018783377,2.812422,3.8021004
0.0906389311653603,0.09272874584851275,0.5551534704710708,0.08855605575170733,1.6684098,1.3252542
0.45866474311183086,0.41159937849709033,0.5593628924684722,0.5835129339970859,3.5430238,3.9500248
0.6482718235126658,0.7191439294891689,0.6912817533735199,0.692426076413813,2.4104605,3.085427
0.41017965521307004,0.3154938656335538,0.08148323365261798,0.3637138171058758,1.8434483,3.9575222
0.4717927676961661,0.8893968771200235,0.23112723699673993,0.21177945360650488,2.2636824,3.7561116
0.5526407258210226,0.08495773763472664,0.6482367320567405,0.12238639082310085,1.6099676,3.4211996
0.0724477879458107,0.8224903997138167,0.4601166922812108,0.4988132775824692,1.797035,0.87122065
0.4607059208319429,0.5577427466623724,0.3272841537319366,0.5049075873699158,3.6657908,3.7768211
0.11576172930540805,0.8247525338685696,0.20177755114950058,0.46223802235736144,2.0958176,1.2991678
0.22578182303155786,0.22684701121442852,0.7720832201660611,0.1981707843670266,2.612658,1.7170366
0.6628719232767418,0.8883482303667745,0.06086974854274176,0.5827420783785677,0.73128307,4.26829
0.3760568203066627,0.04324790398904443,0.7671103041286775,0.3248478901853428,-0.3165387,2.4317534
0.010485409228456977,0.8342457395209115,0.4320362084043636,0.28518546536843553,0.81728655,0.85432726
0.011826798947539532,0.736730963933821,0.022418426549846743,0.6996614473087713,0.45923623,1.049887
0.07183977222524858,0.32725649934183293,0.6125707764238881,0.40360743806618965,3.2099059,1.4864144
0.0247854967527337,0.07262846219149428,0.062281737649244835,0.6434415298681958,0.78846407,1.0985203
0.03295815874162342,0.7054121919988265,0.7593092915334759,0.6004966020553346,1.4186074,0.22560005
0.3321424856033816,0.039799787533632495,0.7330102589149943,0.448454677538962,-0.66983575,0.88799816
0.2971140256248467,0.202181299893269,0.14031859051623058,0.05386988635320042,3.3141382,3.4679568
0.01283522851354095,0.06597300608562318,0.7993742631239844,0.4963364097621411,-0.07348911,0.26039463
0.12859810126049948,0.7687356694416477,0.0644131374797385,0.021751590602445817,-0.057561852,2.4799387
0.46833483959985983,0.7696698036808348,0.22603885179721694,0.2226964192127307,2.9535878,3.7595017
0.6619001448156221,0.23180417227201444,0.14446793435756014,0.618096085988136,2.3437636,4.2377815
0.3869695314634085,0.5917687905966775,0.7846163068469983,0.6853016900084473,1.3901118,2.5634818
0.25838511148231424,0.7652113482857676,0.6725013882796865,0.056147153859177054,2.7484381,2.3193226
0.20921819869930736,0.12400327220272744,0.287424820058971,0.48336513049254753,0.29007912,1.0045953
-0.010949605504336497,0.5833916637659097,0.5017697420265084,0.08895310511997598,2.4924474,1.484112
0.0024531933137329487,0.016251395029806714,0.006748699245891031,0.7180281204525388,0.10941261,0.23023583
0.5341640881485813,0.7587131009204267,0.6806212992449772,0.08208145485059304,2.9343526,3.2576656
0.18149280616123398,0.7644467008028762,0.6693184027744439,0.6091611027219084,3.0945075,1.3252635
0.36244628926963485,0.12242089242097652,0.7564968092056148,0.36945752591556674,-1.0966594,2.4495354
0.3065549672911148,0.3844933311377644,0.09671478561579966,0.08990642672297558,2.168198,2.950225
-0.0054225320359829465,0.5490638805477519,0.10337124271173626,0.6578381348637675,2.5912442,2.3129501
0.021343330353031445,0.5960456188387744,0.0903017317231767,0.22549140215158592,1.9991642,2.0451248
0.0933521853532271,0.3000232652027297,0.648899977806638,0.32981019163106795,2.7598343,1.3080581
0.21742584276202703,0.14552122531980768,0.5602364720737819,0.12007032324131235,4.0549574,2.4975429
0.3058960147263125,0.12908096754881027,0.3104637631676601,0.19272792504578265,1.284713,1.5596741
0.28187035339203487,0.8651601646068416,0.46821667226185176,0.12622371176931246,2.2448413,1.8816547
0.3694465855853834,0.16892192029710523,0.7768282933286762,0.6264164231560496,1.4270024,3.161761
0.6596427696553168,0.6865588384082684,0.7503928784816906,0.6628017720421776,2.1242778,3.0646417
0.12461872858280519,0.5514133741979231,0.430609181470407,0.20779578647416744,4.5383587,2.6823163
0.5120708557719769,0.06325058281253881,0.5012337103457886,0.2496923868093381,1.1690246,3.4451776
0.48973263523902794,0.6818782713380628,0.06689828591261604,0.1432715492981693,1.5171245,4.6569896
0.5976779076313811,0.7320382641133832,0.09136594217437519,0.03456549960609526,0.9888691,5.389154
0.16705195894492797,0.42358420487597415,0.03372041965028359,0.5927149311736581,1.3382728,2.7342145
0.1172407309320136,0.6637274189645948,0.3329403970216784,0.45180129635501604,3.4916425,1.071784
0.18698466066316327,0.6024419409899949,0.6741938042349419,0.5767196881828426,3.2399154,1.2540985
0.41564402032885955,0.17912187669024526,0.3872866186549978,0.1460027086588214,3.779243,3.492724
0.34885783173009804,0.04706830227671108,0.16094884758727288,0.08590486923365771,1.6688627,3.6022635
0.4895714035964133,0.05541439428884566,0.6713727327732063,0.5019276329213728,-0.67474794,3.594882
0.5856887171481259,0.13561889353168083,0.40793136977783195,0.2151743487149401,2.258635,3.6531887
0.6274803010806658,0.19596785911584033,0.7048178115845092,0.22866753560754807,2.99096,3.525602
0.4353016984962574,0.534305557808294,0.26215352767584754,0.09696150957035866,5.312369,4.99758
0.43600508507972197,0.8482555127738327,0.48879028815741954,0.019487049388222925,2.2462485,3.1518211
0.517945528007129,0.13903992691538733,0.5326243227374344,0.37363526474417663,1.5164261,3.5281055
0.5675630708440657,0.4549134656051937,0.15369553924908427,0.2630745411279939,4.8691397,4.911481
0.09098014241491824,0.6202362026769827,0.49493906524071324,0.6310914549654396,3.7415385,0.89923286
-0.04520370229001096,0.7781450853970163,0.35392660696497447,0.3411302497497487,1.1958902,0.8492021
0.2806350103005073,0.9165955979959287,0.4250886709632294,0.6587025486596989,2.5496724,1.5091136
0.4980080608934911,0.5482875362689978,0.780131643647221,0.6860000012076553,2.458697,3.6009505
0.4036787475650006,0.9037608760497887,0.5852522649574123,0.6295309152726262,2.8263505,2.411584
0.04664357845688197,0.3504984186439705,0.6785068208202378,0.017707361043806956,4.0828176,3.2833364
0.07079477303115647,0.7899316131828164,0.7801067278980915,0.014925246959285113,0.20062883,2.1115298
-0.022769747550611077,0.34004726880968555,0.15287078241748558,0.48835074735590606,2.9451458,2.292037
0.4566403588397057,0.7805619954675231,0.1593368144898795,0.7251713992249171,2.8184862,3.4210887
-0.001958578652055877,0.4548006815153822,0.6750008251550326,0.31013106379069305,2.7131686,1.2447225
0.1369656509804123,0.11106340348564016,0.176835714275311,0.2987795997388548,0.5516288,0.79259515
0.233776363814103,0.8581331522042112,0.7540100449344407,0.0717221000976888,2.013711,1.891438
0.018343592074301487,0.5228605437946751,0.746935635329008,0.6384256815504099,2.3695726,0.9003353
0.4660240116837266,0.7002635667787105,0.16476202217873692,0.3429001452972745,2.857701,3.8094566
0.20651503800596416,0.29202021250245536,0.67615286789327,0.14905393682055687,4.248407,2.4616244
0.02635398801690475,0.10402248642230098,0.016422688157968542,0.2242395542653103,0.047214933,0.5374437
0.015533211312166756,0.577222354792561,0.7574895658848927,0.40584091745479733,1.5150023,0.11087985
0.3737308221796948,0.09404044447339861,0.3350576666570978,0.5163849102452936,-0.12225638,2.6942217
-0.013735922250010926,0.21022228843330945,0.4359495279838124,0.31213266045314647,2.65208,1.1838516
0.06288759899891572,0.7440820622723712,0.623490218813604,0.6493850130359715,2.3379328,0.61273164
0.11514786056752734,0.5988699974750565,0.0951754167730093,0.736493960277041,2.075984,1.4392171
0.01801358856295343,0.7542670684372337,0.22930312721316293,0.5800602074938273,2.1170294,1.0901213
0.08170204932046539,0.04577181617244929,0.07869480989795184,0.7324284496134005,1.0179812,1.122387
0.00450825437209839,0.9108806825327338,0.09838725125738187,0.7286639637546835,0.29491812,1.024551
0.49890518584616544,0.8611290084135458,0.15619424144299746,0.011062786178451318,1.6235064,3.8937762
0.34278699876006047,0.44249313897084,0.06786788612362275,0.5538741024021584,2.1052032,4.311477
0.5902988799594451,0.43350592079101036,0.22752526938646217,0.5373317366982671,3.9151466,5.0948987
0.2923347716835739,0.49931515349196387,0.24576189526997513,0.2305457428134561,4.854445,3.2652347
0.5985644951344355,0.6806797054185213,0.14760620792092374,0.7298743108260274,3.2408307,3.82594
0.19125386649928894,0.6247499140127301,0.3373486549686038,0.5068366787635489,3.6076555,1.5424131
0.5145650112639247,0.3423737549094043,0.5716483445410635,0.39298147776393727,2.922992,3.6932015
0.04987509660086473,0.4631581628987753,0.31751790866353385,0.08219178822043813,4.908862,2.8822803
0.1268009624732987,0.43686153015212,0.7157547294355489,0.13244409716109298,5.2588196,2.5078828
0.24135389932973406,0.17243154586393247,0.7842770254448778,0.6968210797966573,1.6530548,1.3467264
0.20394083139164687,0.6775961421665163,0.8219980190780745,0.3209674288838768,1.6163224,0.7365833
0.41889674778178315,0.031432177926582636,0.7875912315885886,0.1314219338032718,1.4343525,3.0972593
0.12168699097416293,0.8662304905062171,0.03709825464597485,0.02793284238245181,-0.3044815,2.5316527
0.3193293282811612,0.09684206273493283,0.785919688331938,0.00504047997835665,1.7604703,3.2423499
0.6367786274380814,0.8431797504830536,0.18907179045106126,0.6927965645235166,2.6661246,3.6232727
0.6225991921755479,0.2194787754681251,0.0024155739668452704,0.7036464132651311,1.0699346,5.204399
0.1364245642859485,0.23791694224568916,0.06635799374433288,0.6109234532399528,1.4948866,2.3719742
0.356595545568952,0.6751292227313697,0.5939258472449227,0.5563379730181052,3.54451,2.6126382
0.47681995498936575,0.12430070961458772,0.44021544113835326,0.26748969434519504,1.1311857,3.4393826
0.11313904078371025,0.19905663415829403,0.8260969775964597,0.05038083274763856,3.269661,1.7881148
0.07303567612198711,0.07365133717782009,0.6656284944347524,0.6342704719142201,-0.20580666,0.6986461
0.08965930744757021,0.6792928218316041,0.6926448403267096,0.5025559513932318,2.3811376,0.70688677
0.5683781591021114,0.2864675359636356,0.25323437939516186,0.0576009144199303,4.851292,5.654697
0.38183850696910754,0.4327676201850253,0.588521651251577,0.6161108768229606,3.5215836,3.303516
0.5339006226768813,0.6618645736502088,0.17763044837329858,0.5610781951279968,3.3215175,3.8559802
0.08720125466772065,0.36466086123923896,0.6242569169506739,0.6944855652653503,3.1821105,1.7473258
0.4250920896512351,0.7989333742209631,0.2822588396286005,0.27935324700604264,2.430594,3.0390272
0.4638705019497849,0.8042544423333355,0.04592820316206376,0.24690433995425795,0.6241139,4.672105
0.04779980726822279,0.5980963761373372,0.5332584927732884,0.026314655729047228,2.9653728,3.8755302
0.14704900100936663,0.08048595013609301,0.24654792104532133,0.223196786793415,1.4518037,1.5855882
0.006835498521269398,0.6699779871848818,0.57901320194385,0.4458174083595593,2.560003,0.7314181
0.5869665397491065,0.08820565781404052,0.20890354855191162,0.405132139628461,0.19788787,4.142346
0.4310878457868702,0.29796253313567295,0.6189607708337485,0.4044720660913766,2.7371697,3.6218283
0.3727926939898065,0.0483579298003092,0.07461046638816171,0.21426934857689925,0.89987326,3.1298401
0.3211296049369046,0.595090043669507,0.6361422686174534,0.5662744075327493,3.1212187,1.2302493
0.39807621021458656,0.8981037623751935,0.40396269187525524,0.1192740166422623,2.0105827,2.4760745
0.3176348360311022,0.10268768528601524,0.6029449006806633,0.6831981901399566,-0.33750075,0.85490805
0.5079854074702256,0.6186023347905797,0.6144708737972023,0.025366814455114992,3.3393488,3.2912176
0.40120275983810805,0.32133230308560673,0.5639355131514567,0.6276832041302012,2.855084,3.362046
-0.028976798765428895,0.4828363342112056,0.44679794788219046,0.5218917319565165,3.242423,1.3939278
0.3841411363660418,0.07667748048966343,0.07985522929280098,0.5060697393059169,0.57511044,3.1710527
0.4539516582142476,0.5597048659063801,0.2327725731634282,0.1037410388751838,4.873046,5.05637
0.6574096343487675,0.47953926378483375,0.768332561198731,0.4693716287753038,2.5087047,3.6396735
0.3274643429319557,0.509290768570418,0.5099841710560968,0.2928645217421064,3.691419,2.0585525
0.3436091771278864,0.8625584421636453,0.7942518807661496,0.731737338835462,1.2641876,2.1946867
0.23577293711479325,0.08444982087529762,0.5223901824497521,0.6528318136865151,-0.3158563,0.9296715
0.6550816935598036,0.6130087011003319,0.7530309565006603,0.4183832884889544,2.3414025,3.2573936
0.5645106315315096,0.7405080504859272,0.2969769557809251,0.21600386566763727,3.0403483,3.2267618
0.290240785557071,0.8810774463153754,0.6831609366503941,0.006289289839886447,1.6734483,2.7504666
0.250646554617741,0.855382168296279,-0.0019341546452700535,0.4276777711029411,-0.6710949,0.054919943
0.408387862832175,0.059987051657498174,0.1784131632378035,0.5788459516918378,0.2630202,3.1462507
-0.03554071532863144,0.27832685792912265,0.7180843736951977,0.7203396225445242,2.3646424,1.4721704
0.09403965916112035,0.870007597323368,0.4254832165427487,0.03682258927683375,0.9744959,1.7101666
0.16251409354204932,0.5638473053387113,0.1793208917087328,0.3741517613609349,3.6946423,2.4272203
0.47897191890834395,0.7579501792808666,0.6259059895625623,0.5353960094090604,3.1117048,3.0067391
0.03429285483719033,0.7023273194281575,0.4373864472404393,0.6152691262200816,2.7036316,0.80053633
0.23266602292748811,0.4405777344530195,0.039494054817871986,0.47870781516796657,1.7965746,2.8579109
0.5899338886682187,0.7524874184800878,0.5520942342057498,0.594447860825152,3.3034651,3.1048703
0.5406893633786659,0.6323003681640444,0.451508514348463,0.5176621165471723,3.510938,3.1036491
0.26572004050991854,0.6882000644391133,0.3245716539735638,0.4385919546475575,3.1885364,1.5408373
0.10258163349456077,0.892531763953609,0.7910916302675701,0.04775242939613146,-0.017129883,1.1399381
0.5323157990555905,0.853474106786966,0.8035188191632893,0.6224037537135548,1.4578817,2.821393
0.08057139128778283,0.2089620727698957,0.8107155613894039,0.5427061293984067,1.795687,1.0764049
0.34487415260578047,0.058069320066078706,0.6663790119060709,0.4007499740702666,-0.66213614,2.5029113
0.20259995975349437,0.305675467781362,0.6062243139957124,0.6795414045239937,3.1676354,2.102693
0.24805391939547572,0.6551692330674233,0.458803267293344,0.6764010271201075,3.6370933,1.5063792
0.6218754700246134,0.04060824831217441,0.4913466590382381,0.724741367100421,0.17215107,3.615132
0.28226020969300797,0.753403554295086,0.044524028083743415,0.4560998889645088,0.3635503,1.803644
0.36690066461927023,0.8477569017442851,0.4866760393066547,0.6962575362884106,3.0109465,2.418905
0.6156431008670381,0.5621946183838493,0.5197881826692676,0.07459234848338873,4.3655686,3.8511682
0.19718020071850956,0.3778877467938689,0.10584703385961963,0.05186601883122023,2.5452945,3.758608
0.5129099368243725,0.005433597432140301,0.27100773242410586,0.5966684841632027,0.10633241,3.8882673
0.12978740713761222,0.7070695033216549,0.42311890275094305,0.30443506586545976,3.349707,1.1599711
0.5354769426170349,0.31989570441628273,0.37222986965366056,0.2614913710902707,4.0729704,3.6331177
-0.008330535678338129,0.8187468539960469,0.6640607369303321,0.36059347917628126,0.32719797,0.508408
0.28546488819923027,0.7800683662152142,0.34024087875516995,0.037445484753372144,2.3617876,2.312018
0.45294477070537126,0.6923037542619352,0.3566895770203948,0.7167167893542249,3.0578368,3.118345
0.5999492838474317,0.6901767501663612,0.5995031851494231,0.6136829428065058,3.2262402,3.1286342
0.42353114994526087,0.19773236398061733,0.39978574397224925,0.657356802436031,2.3608356,3.7733943
0.17875798097732648,0.16736287505132008,0.6409431590196114,0.741440663346494,1.9419467,1.8505203
0.6025953101832893,0.47433552391442785,0.09772239465003459,0.158655981813334,2.7675903,5.706646
0.5517452872103263,0.7325050280165004,0.6012296624071537,0.6232876974367559,3.2593567,3.1640587
0.2114050413220917,0.25767594028504853,0.04233668695427698,0.13060968875245219,1.2220019,2.76694
0.6401143624839261,0.15877604306524185,0.3441366010644567,0.10517288206337749,3.8833745,3.590018
0.4056961358941745,0.35802586733730624,0.3778719034078774,0.3581697069185056,2.8956938,3.2681406
0.1405438652693463,0.5495064716537519,0.322528124468953,0.6664101301918691,3.7691607,2.088551
0.20820347941601625,0.673624114369427,0.7699616954324164,0.2962481669672728,2.5671642,0.9366584
0.429591261053961,0.39754244493198004,0.26418845625552606,0.6679793062946168,3.4687371,4.9132104
0.28015071603289327,0.7783807529484663,0.7747788142960146,0.5330270066785613,2.2321212,0.9250676
0.2550779573692231,0.756309559238641,0.7295818552021153,0.5120877320281484,2.5681298,1.3000418
0.4556272629447184,0.4355517615501074,0.25110343705795235,0.530413859895142,3.9116042,5.0730915
0.4232614811933477,0.32354563108330225,0.4294414287676488,0.25984412475911944,4.099866,3.6447394
-0.022433091539071068,0.9019526275232362,0.22097924896614213,0.2398052224800685,0.55404836,1.6349854
0.3744041994780425,0.13339737587051145,0.7647586395025265,0.5002554730034577,0.76754856,2.9962509
0.41406881932516115,0.08617568854691073,0.35204260489151523,0.44891510388122263,-0.094324216,2.8595145
0.5592010563318539,0.023528925301707235,0.6308821829975455,0.6322621013537686,-0.67474794,3.5774355
0.4440568762581527,0.8760975599116334,0.2728920225859519,0.035569755650802226,1.8994747,3.3947575
0.46558293085534636,0.541423191452667,0.3415772620155416,0.676262232733782,3.7998672,3.7505496
0.32315212974458285,0.6152021771708985,0.0036219752550154293,0.7196439821651137,0.86372346,0.73004186
0.17736503648694918,0.4472698557269965,0.4053676607425607,0.14951255338372682,5.0043697,3.0365405
-0.026652059093653785,0.513899395558979,0.5906646447256729,0.7260434232752146,3.1078079,1.4757024
0.490476502924819,0.7285026414024595,0.34305652598041864,0.514552738063385,3.1171563,3.179999
0.3216924935491045,0.6833260857219284,0.5676330513973594,0.029674154683275143,3.32045,3.7143352
0.13183001425925817,0.8028220652020057,0.2814405992754635,0.2518627641748497,1.9086252,1.806233
0.18235966300601414,0.5526909447513043,0.19035856667224998,0.12276212934646633,4.696136,3.2353761
0.2130113709899239,0.368395865722795,0.7813715144097774,0.4498778877785167,2.3271267,1.5891072
0.3568207694617746,0.37072493164014114,0.37641988090692907,0.6046321143021864,3.1333642,3.4071703
0.37800090456427904,0.760745265633334,0.2539880950134936,0.0013782795236315214,1.6365794,3.2779047
0.40905286903021204,0.6113213540321051,0.4808340481106934,0.25251459121333353,4.084767,3.2003143
0.33276682652459616,0.804990570618841,0.6425836673170686,0.2045837237354313,2.5495203,1.8865778
0.3471383268650157,0.10954270839733914,0.28947796106652984,0.06874386376903995,1.6515201,3.3220844
0.4330669062921133,0.17123621385634533,0.038585844542686536,0.5228498368582679,1.4810914,5.0280538
0.3793341794123663,0.7840581882429777,0.08493274627519261,0.21927211864733936,1.0266432,3.3044024
0.23951840086016135,0.8380795792588152,0.32126353388628265,0.4584313857506654,2.6732328,1.5751047
0.13557859246635234,0.7473933462055868,0.054551868644464346,0.4529331812145078,0.6962349,1.3966529
0.20006701024775186,0.06232359465198623,0.6394279566004398,0.7237296097673412,-0.2858831,0.902254
0.3013789121528547,0.640818688368216,0.6203040075974565,0.42497806749759626,3.4062376,1.2921299
0.2955529030095744,0.3613487084440323,0.41668498975059826,0.3881373930507045,2.9613316,2.0062656
0.10859947954851105,0.8061280282010697,0.10174292667726184,0.24506593405668334,0.58160144,1.4468039
0.09283867981379475,0.6277734019359243,0.5453521851199216,0.02299195708111147,2.9570873,3.5147777
0.6606785653730048,0.4941968140928298,0.31409882771754977,0.4330382169408718,3.7456028,3.749124
0.6256973363264315,0.47556261233500957,0.16775119885176287,0.16872741971357735,4.8899493,4.7349224
-0.04190857351797387,0.419094358939108,0.8234235246592956,0.14059375472057084,3.8843193,1.4018757
0.1308545489161959,0.6421595049246825,0.21038763772917646,0.5534887285019144,3.4380796,1.5084664
0.22994272142053557,0.4377109962982266,0.3905151246588098,0.40166924948087973,3.9040725,2.158287
0.4577124651669479,0.4098589572352238,0.24315052989175634,0.3065329178362214,3.941214,4.8870187
0.32641513998241745,0.14785764932803439,0.37372702098678695,0.3809277949338542,1.8365701,1.6960369
0.46927562506278525,0.34754653140406044,0.7314978038395104,0.6300921416837629,2.4129984,3.7321353
0.5716095684840847,0.46735891811188973,0.3114851274475901,0.3379790541356127,3.3825984,3.8102021
0.33498899598673787,0.057790944363285315,0.6434179609333531,0.01461014182481788,1.8949162,3.332105
0.4416643183407565,0.10323422164573424,0.26984891447963993,-0.0006548881846304071,1.4937629,4.364749
0.657837506808446,0.23634622813065506,0.1830297203567746,0.25104610215516,3.163846,4.127117
0.48491035169558455,0.6541472798935997,0.5189574688744213,0.5939351361872995,3.5362973,3.2189777
0.20319584323602785,0.6364753800117543,0.29256900398478813,0.5036490750618151,3.5439599,1.5424131
0.29319303666264884,0.8164416169305452,0.49780031071923087,0.02025061732339394,2.1610157,2.9159498
0.07568560126209224,0.19090472373782322,0.7212299995875283,0.19961337988894823,3.134585,1.5547402
0.18635466214647184,0.18863164060562435,0.7981372062127247,0.19912538290233744,2.8666914,1.4163218
0.17653493501219547,0.22068842602335648,0.7587504461390763,0.2732900099668552,2.3163238,1.5004859
0.07494299078028416,0.9158055715422846,0.265212029194239,0.6460794534846253,1.9153523,1.2242094
0.24418411103937399,0.7271637428218692,0.7276325971930411,0.4913078580028504,2.442039,1.2858869
0.43201689517394465,0.5409465773766331,0.4367658271237464,0.6039516455292098,3.7359626,3.7976365
0.5468042164314985,0.8821730807157039,0.6403166750485519,0.3089438010967575,2.5260742,3.0054321
0.3787046528232203,0.715616378938344,0.7493077475500332,0.1684416258465865,2.7417147,2.657123
0.32278723226248335,0.5860448741920371,0.4699922593281751,0.4680322827334332,3.6799126,1.5655918
0.3587697579235924,0.10899560236324854,0.3632323205513808,0.16499049458337822,1.6773558,2.8445942
0.19142872058739158,0.013269016486407804,0.027253824402881165,0.3395167632582068,-0.39663967,0.8139392
0.565900960399018,0.8012186645917257,0.6842219932392991,0.03152265126878008,2.1585965,3.27701
0.2493037194357134,0.7197441978459306,0.8043251835285379,0.29700314435709857,1.5249544,0.74199957
0.17369846421909918,0.0109449860050139,0.6542823663351937,0.2324161442479938,0.90184104,1.1882534
0.4781972608684249,0.005666931172582834,0.7377146983614178,0.37263684449835255,-1.0362352,3.3412952
0.6436249518528133,0.6781363237002185,0.3986552295965635,0.37118681420000077,3.5439959,3.1643257
0.5763684978061522,0.2387571878430677,0.19872689887679484,0.5760453313740048,2.3393924,4.5312405
0.38979074127347885,0.4611936705984495,0.44167089482043226,0.45517868592157684,3.760699,3.3117123
0.38775449868693196,0.725251539487083,0.7766383284140802,0.3444301415930704,2.1651607,2.5177193
0.5229899797507811,0.35937069906284047,0.7335563988541037,0.1179944230698912,4.5696287,3.6660006
0.6469686047006197,0.7959414278091551,0.7820607029194634,0.7016659720535264,1.4140611,2.8683586
0.047450315938996665,0.5159876137256676,0.46136088476997283,0.4177969047924103,3.8515124,1.5191171
0.4480072363264736,0.7853594289205896,0.7135554694825436,0.6231771155677654,2.4257739,2.9447494
0.5298506939875229,0.4647954572308794,0.16625781139500215,0.30379009935593543,3.671115,4.7865624
0.1293502889578686,0.5901771971971658,0.5972688748098829,0.4598988974581638,3.671903,1.0135067
0.17287698929134115,0.8812425131919143,0.12340442836640386,0.06740268251920947,0.42350686,2.35652
0.2603593631469174,0.5192304132537922,0.5461348210899232,0.31338321718062345,3.6671176,2.0585525
-0.024674290516442675,0.2226640066448975,0.051373000880532746,0.26870772998076087,1.4781661,2.5357904
0.1200008611953383,0.5048682521101199,0.10860836721206753,0.13712505415828116,2.919357,3.1888652
0.6590263202990043,0.8875242422312601,0.5268602647659527,0.6536697631736422,2.729602,3.0548687
0.3594135419011775,0.6885214108494884,0.2592614164878867,0.12378574323581892,2.893915,3.2854774
0.06276230530138877,0.3487525335692852,0.19279190697126128,0.5476200574024309,3.2924838,2.4124107
0.3622279018764365,0.8270176347937908,0.12929004286381035,0.48490036497492417,2.3500137,2.6446695
0.19846817348045753,0.09969306701302198,0.25686584354857567,0.6465588961238895,0.4949513,1.2530082
0.13171447264702796,0.10127254918348153,0.33807354465968037,0.24473328202231254,1.2786222,1.0695019
0.19642664055946213,0.6525492173619082,0.6647035872144871,0.2880736961788739,3.4881337,1.487997
0.07787553350548533,0.13694410194687276,0.21131929828313864,0.0804625622185653,4.0959044,3.1921039
0.0411862531715093,0.46958460084461634,0.8141954350609125,0.4406832741742307,2.2560456,0.7688846
0.25005472732288114,0.5711081163575985,0.2966321543171583,0.08062239242755675,3.4456532,2.8934996
0.002185754069767225,0.7351884605214508,0.7231366778499431,0.33260293235436866,1.5885968,0.43989456
0.6419036232021118,0.5251044829613166,0.029287693415533705,0.17105800579704822,1.1527604,5.6513486
0.06076166979694937,0.03897340420252497,0.3209298646423759,0.35214479320573083,0.0056396974,0.49730307
0.3833443966072148,0.23960150452257375,0.2791818974718654,0.39422846465570294,2.120904,3.2464623
0.04371632720059862,0.6574954717749377,0.4922414018045747,0.04047205993189271,2.5819497,2.1820545
-0.015885521093392932,0.6297540508057861,0.46233784301154673,0.15110852024150964,2.4003718,1.324078
0.22826934337634985,0.5842641694601355,0.1097015168894609,0.540892744056923,2.5042248,2.0211701
0.1828430711909778,0.2798911240475303,0.444557503835227,0.708226240974394,3.3007867,2.1929078
0.12807184849121006,0.6171937913085304,0.3042176614416087,0.6199370917393285,3.6180766,1.2053692
0.6441319169648883,0.32299213748795264,0.4944059859924618,0.6647003172624903,3.1093452,3.8118663
0.611212831481823,0.02624209228710242,0.3935575437608488,0.432281953826755,-0.07293253,3.5840628
0.2916868025683856,0.34101674334593696,0.6091328849279547,0.6656361869294889,2.820558,2.0893147
-0.03123498590769344,0.5025268774025586,0.8017065511804639,0.2350821722908137,2.703271,0.9318045
0.41697301128418984,0.06988482802236089,0.14634692270371344,0.34958492389782725,-0.2409475,3.24353
0.28750856747415815,0.7090845678176555,0.7303264363012001,0.3721460059245257,2.3790565,1.2858869
-0.03866827513780777,0.581029497335152,0.0854340930178119,0.5104678589263707,1.9925151,1.454614
0.09999778889702023,0.26790587783572173,0.041486969629200836,0.18642287572395227,0.993624,2.7608
0.35111658364482295,0.8018216169673831,0.36258714816746795,0.3629691073943895,2.719143,2.411247
0.5569478763788798,0.4979176844435949,0.5626746151383801,0.7351845163232326,3.598724,3.764197
0.6181804005175551,0.5508878383684815,0.1216998817937652,0.73784448808499,2.7428672,5.194078
0.2310813904970428,0.16074588551510163,0.2808998986481136,0.23804696959637558,3.2870102,2.648705
0.14516719918609744,0.1486805770145764,0.4717066553748506,0.4015367822213269,2.7309778,1.5184816
0.2540997765456814,0.8799141895709749,0.4243248812619485,0.07931769998292071,1.8734078,2.2360764
0.504999852971234,0.4448219185094232,0.31815738892340883,0.671234248977073,3.7566273,3.84361
0.6642188429684538,0.8678428496058029,0.57526777068766,0.1285491773896992,2.6296575,2.9974427
0.3968963643524961,0.7298927588598147,0.6598750766910202,0.5276766317498852,2.9265797,2.551998
0.023315785772790157,0.29401358671494715,0.6782201135003133,0.039274732675754806,3.9637246,2.2195399
0.33953017517172973,0.34280493604736284,0.4273666255256188,0.3144748038530574,2.8908617,3.0674102
0.3805203674719449,0.37896619422505007,0.35155955074780154,0.5509104093053843,3.1333642,3.4071703
0.3002364952966208,0.8302285653196353,0.3496615629218709,0.6396018522083122,2.6751428,1.5751047
0.47092766820808,0.029072410335236592,0.5881373135057645,0.3769902877508995,-0.9410145,3.4145267
0.5842173570318374,0.8952484736987912,0.22987995172138304,0.15288864265743723,2.1208196,3.6714025
0.25607100462454135,0.7828631896936163,0.5256511955741379,0.46782709523584437,3.3877726,1.5574379
-0.048313082524759514,0.40789921291278086,0.2411153172658048,0.35554103130381753,3.0996516,2.046913
0.19219851444919434,0.9045689839085844,0.4652056871156199,0.22536656114125958,2.5029066,1.9769344
0.6331552148756636,0.24757068376576924,0.47988695604813225,0.4088524544971242,2.4878051,3.6236742
0.606613798674148,0.05167393864896456,0.7861095635476174,0.6514739650330367,-0.6063706,3.54571
0.3548699937598459,0.9088916353608346,0.5956276759681868,0.18417148392171476,2.4215057,2.5962062
0.010029494375996241,0.03481799011548461,0.5687065277534186,0.06101626325338243,1.5584997,2.0354383
0.543420024640905,0.8233643346860366,0.8212805386852147,0.3508334098187644,1.4605585,2.821393
0.13794167524320827,0.3282861628419277,0.2075210894893724,0.32671457977836454,3.375362,2.1665943
0.6074027717467808,0.28443010842928,0.04258493400519129,0.09843818392847405,1.2395769,4.8926334
0.5821191177444321,0.7938402423353365,0.7657223638393312,0.48588931291826354,2.077822,2.9447494
0.43439178252426386,0.5089502134054085,0.024191718651755234,0.2691118790943783,1.1317767,5.632096
0.491550227798155,0.8097119822549388,0.3969105372301673,0.37903526508015445,2.6927714,3.0158436
0.003343396847642434,0.44963224877032715,0.47713912706063766,0.07630863095585902,4.8497095,2.6429403
0.47981420954308224,0.016588081451178568,0.30702852692492927,0.5852338163472938,-0.10018771,3.5840628
-0.03679710644228791,0.8196907633142511,0.09217487405303866,0.34582590549110015,0.36669886,1.055706
-0.040915452517740765,0.21588800929590987,0.7354370224153061,0.7012213395557966,1.8458756,1.4327866
-0.010450147946938396,0.16505730091415388,0.3895099665877085,0.3166840755131175,2.972063,1.4891405
0.044765807197590296,0.21838798975501555,0.12279561555324489,0.45348318694374506,1.8129383,2.1620762
0.24570573679554636,0.6275136603726417,0.4473003363323752,0.43401683865379,3.6264603,1.4430223
0.5249354583027477,0.15381349859526178,0.16025620703234184,0.07007545627686862,3.7620368,5.0251794
0.19683878111517722,0.35369222697460745,0.4631928468776862,0.5718185997707386,3.4338403,2.2716267
0.10992653094457687,0.811573150690925,0.7888008462759268,0.6635878160182206,0.70712596,0.22113952
0.10686783915620236,0.8152353319630157,0.5373587709042046,0.11463957218765505,1.2057006,1.352524
0.1420819889375342,0.18789612068958622,0.6561943567799065,0.2934055573935083,2.1059797,1.3537236
0.2398470728486497,0.4131685472121012,0.09494531539419883,0.05975141162524941,2.4460766,3.8868523
0.5755744486138484,0.8255476836171396,0.5892734329443764,0.15919548076923937,2.5725203,3.052838
0.4098009274214015,0.7737117584181146,0.26675822954131495,0.08507354661560028,2.435775,3.329398
0.21038104542148245,0.7828185322264329,0.6087728251389898,0.5383933821479431,3.377567,1.373113
0.27283107330353196,0.7370894833586923,0.7973643889677048,0.6906287608002172,1.3509128,0.7296565
0.4650023497533367,0.22331481696035513,0.5003283381872753,0.4218884409867112,2.2345395,3.6106615
0.16274094693909924,0.0202158588325966,0.32280960109936113,0.11324863433538239,1.73858,1.6638151
0.29947309689140184,0.5668262854767623,0.13889646383814333,0.44304252641176495,3.305266,2.1647625
-0.014710678947651878,0.7419032657814406,0.03424144985065613,0.6398098708008454,0.51773053,1.1032661
0.581154713235778,0.4244072104336702,0.33532496527536776,0.10195638533373548,5.018513,3.9418135
0.3712474159529455,0.899245703497726,0.4857356889996466,0.3869987375827334,2.9125092,2.4393394
0.2095973795840737,0.288591942632303,0.5467721261077384,0.3137166726826502,2.8926015,1.901004
0.2340037188051331,0.49580213812286966,0.6424053185577602,0.5771076920450042,3.2626538,2.0134017
0.17538137815385207,0.46617319568128845,0.11443468187187074,0.06323565787688779,2.9996874,4.1127005
0.3475414187409426,0.911775617495893,0.7583128253465493,0.739168625382928,1.8135176,2.318043
0.6166326358673756,0.8975348562068897,0.34927247682807555,0.3762694256934965,2.5778375,3.0158436
0.5114991316700583,0.33961100165937236,0.6600789923834667,0.29521132021734586,2.542479,3.5515542
0.2692623657007478,0.9182556282122458,0.5120779815955141,0.412677895392208,2.7693746,1.5644729
0.41270758039735445,0.07136766058918458,0.2828921736423201,0.05823955039839887,1.6924366,3.393814
0.2046196159638316,0.15720585450596586,0.6345904822679824,0.061535760291128866,3.7997453,2.819179
-0.020539163034118315,0.9147090503284052,0.5161671509932013,0.49091156592489255,0.49822,0.6456572
-0.016547262544303463,0.2532222730723356,0.09341297154508307,0.5339950174084076,1.9806823,2.298356
-0.04967523044435124,0.703002603890451,0.6839049178178594,-0.0032275213036214315,-0.118024155,3.029675
0.47288133743211674,0.49439528857270126,0.26853997270631036,0.6000648977118086,3.9248936,4.777641
0.29375325957292525,0.6955067359750693,0.7458371897460727,0.10099032559863301,2.458521,1.6072415
0.15453982488655754,0.21747750346444655,0.5982218497426363,0.6362220205682735,2.1339338,1.851377
-0.007272956020697406,0.5004330766871445,0.3457174911822298,0.09762719866288165,3.987214,2.2678802
0.5054601777662934,0.7094148342100443,0.5180232745741083,0.513683814909032,3.264244,3.2408838
0.4675981535022819,0.15011484869977207,0.154923303250925,0.26459368483672663,3.3661082,4.069551
0.011206896509008954,0.14399763109496283,0.5143290961004565,0.27466766677259874,3.4354498,1.4375757
0.03258296902327952,0.3348033803898165,0.7070462639978594,6.834813325539519e-05,3.6044304,3.277456
0.00950753380963991,0.6545489883171107,0.09659190201211815,0.14768138103378484,1.5083104,2.0352626
0.6168222212799318,0.7867743792129129,0.32690762132399737,0.5814084480134512,2.9706748,3.0158436
0.31920028958867325,0.08934232835443284,0.8121826315743866,0.22781982548787483,0.5220803,0.6336104
0.1042974151076559,0.07777519593366201,0.7685366725903598,0.5716573701722729,-0.29280153,0.389732
0.3164427709756056,0.14966129612342727,0.2521297305157927,0.1154631188268509,3.807044,2.6073031
0.04955611122609123,0.5471688826933931,0.32785966956175266,0.42078025024960614,3.854541,1.5932467
0.08390223430954012,0.8666664903416876,0.45661571080905106,0.6062994243977822,2.1892269,0.929121
0.5874110023600696,0.5209095260783639,0.18982344195082554,0.4298308792248893,3.879038,4.957866
0.6306691106154911,0.3312489521506998,0.5699097563872952,0.19169587013217756,4.334633,3.8028967
0.611013281778852,0.7075080240548992,0.6940567852061034,0.4264673400502462,2.4110777,3.1058614
0.056524142906529504,0.5433222828806735,0.7349237160930855,0.6707905692282836,2.787281,1.4831172
0.5613639955266897,0.8784657496642351,0.1364648788548749,0.5045800631002783,2.3238711,3.4078746
-0.04257252017568258,0.34685371113333313,0.3842840063847642,0.3004240019085075,3.3603935,1.4965059
0.5084600118708612,0.23322235838744812,0.6682416559853763,0.08354529936327479,3.5119128,3.8071077
0.46094406905737634,0.030756492610191404,0.7922336916158536,0.23176085402129548,0.70024025,3.2797174
0.5194507678440664,0.8331496332498209,0.2778538084996606,0.249151668969354,2.4308586,3.0930178
0.08114508623135257,0.6958567041325162,0.5436254053676225,0.13561670230949835,2.6766102,1.4406163
0.6075301444784421,0.10748544872848421,0.28806734055775557,0.46285794369212757,-0.07293253,3.5840628
0.038253652557611054,0.31461483728318534,0.42078392996532815,0.10017106802255805,4.5608563,2.1502507
-0.03720449541881747,0.3456096989404822,0.725166709005318,0.4597205626570634,2.5722153,1.4926047
0.008568763614280703,0.6453436758347016,0.7660874367760869,0.18138376208811008,1.0300044,0.5973875
0.4747463686508779,0.8310197549453016,0.48750078935105734,0.39360726393366524,3.0081103,3.043936
0.3010025117121456,0.4222670462227777,0.6977257704849551,0.6601222258994711,2.9831312,2.0881224
0.2020309301885852,0.2710036930725539,0.35514003234117686,0.3352535586540885,2.7342522,1.965354
0.4024192281127689,0.0984266117357194,0.8241503787371297,0.16620471280841534,1.3171765,2.6107557
0.006318438128640309,0.25901223194669454,0.6506253558039454,0.13490182805123682,4.106445,1.8100566
0.43773790803060736,0.643641530226776,0.3862182990960133,0.1638632004060236,3.4496076,3.0692499
0.5205574595441206,0.11132124393141944,0.5153491970732171,0.2838836300261303,0.703918,3.447468
0.6130355668325574,0.8935425842044721,0.4223975450423386,0.26112634392673945,2.384759,3.0041032
0.47413957078817365,0.05246913058948964,0.23019958251004832,0.07800192115887941,1.8604771,5.2482305
0.05288304778717645,0.30800200250932247,0.34111781109204414,0.0070716958855971835,4.2762976,3.91647
0.3891404930476249,0.5746432762369076,0.3713360847439961,0.32864736383150145,3.674815,2.8659806
0.40710436094659425,0.3374673235916025,0.6531032761912297,0.4255534339219175,2.4367254,3.186619
0.5507724170977281,0.35622674645480407,0.12487289695042061,0.6792285279374484,2.6097503,5.0206456
0.5766671151245379,0.7497374989568825,0.07623561643938255,0.3172576224446735,0.978293,4.5066895
0.4290159530956948,0.5442617922745575,0.5353713851740085,0.291095295452704,4.3887854,3.78028
0.3204139343746377,0.4875322671030639,0.3928193760202037,0.7109379137506965,3.7181768,2.212697
0.5724580388401258,0.3062825056538317,0.009984366188178682,0.5917300242055217,1.0754288,5.0611043
0.19411439861538043,0.5461533099167091,0.23452444681479206,0.5094984989037301,4.0541415,2.8012705
0.10922692700929502,0.5072455582070928,0.6989843747214611,0.304978382723775,3.2171576,1.380756
0.24703676182303358,0.17922440836474982,0.036408762305369005,0.37042496638382744,1.0721843,1.9858062
0.6543531655128106,0.37676005940787133,0.703822707762824,0.4355791246777984,2.5629306,3.877556
-0.03803545254794482,0.33226063281374285,0.5314440694961177,0.37609394794257517,3.0629747,1.187152
0.6468012605826788,0.19939862053291896,0.81607516472447,0.5673480392421201,1.5918564,3.5702503
-0.04581865699632666,0.8470169767351139,0.19514557950962572,0.41374638501025013,0.98811436,1.071687
-0.030234860426560376,0.6856532021537602,0.7730625887235986,0.4973033365351036,0.95758027,0.2608351
0.27637651719721806,0.28491718759224444,0.5780575291405327,0.5874979970819036,2.7734537,2.2330704
0.38576096730159626,0.4516645940160408,0.35756641331309474,0.10652050031470377,5.1506267,3.6941993
0.2521348496256045,0.25362388798528496,0.5607537479551286,0.7098586077503921,2.8252425,2.2580981
0.47361718512447354,0.6335103910681789,0.37921624238419893,0.5186682064376175,3.3919702,3.0981238
0.21514385570655625,0.4270455310573223,0.08885201263325511,0.20728689808901685,2.5135205,3.5077806
0.1467435951876459,0.5870765705778469,0.7158744981453105,0.3864120563034443,2.3684778,0.77918285
0.14816863318249512,0.5327809096659855,-4.626778235633771e-05,0.17291246055452625,0.99610096,2.1556635
0.5021146100328019,0.38814081650204973,0.6021091270892972,0.4721775276295143,3.0513816,3.9243324
0.42606693398344625,0.734023096335315,0.36701518952372136,0.02730558519249685,2.5656142,3.3399322
0.019330984611006408,0.15221543982761637,0.5245555389200063,0.3091085963809881,2.5577347,0.92914236
0.30362844903864966,0.607513514686865,0.6251673852199142,0.4374733714909277,3.2712202,1.232862
-0.028228766810388002,0.00728592346669666,0.8207928128370132,0.4359694081106253,0.6358969,0.4892819
0.42746549889557234,0.42761946070373236,0.8078715767831932,0.3281702697129439,2.735471,3.422523
0.41973042356551804,0.46018828960825275,0.1837700479288475,0.5010934287994473,3.8568578,4.681886
0.5377365850423502,0.15266545132093706,0.07143757449827898,0.10973418219819887,1.6692538,4.4588437
0.44474939601744684,0.6003615428155263,0.586306635200493,0.6807592155450614,3.5986288,3.5625632
0.26170817921370015,0.2756446483115868,0.10814238816520862,0.39098357411833995,2.0931501,2.3053944
0.11238025578801296,0.0932556585091601,0.0999567386752878,0.25391391073602504,1.222632,1.3524752
0.5547761361855991,0.8394923430693078,0.4541182721744935,0.41126889524536087,2.830459,3.021369
0.3314843927820158,0.6388258125423142,0.36046297631855667,0.7150489738933529,3.4394681,1.488579
0.05113508175498811,0.29877877475138487,0.12878733155156052,0.5240292446631414,3.1328628,2.3670006
0.2185462355987154,0.517563537266736,0.5998517465401618,0.21986649224489677,4.4987416,2.7078524
0.15610068866281374,0.31769312491195345,0.3580802706849885,0.35308957890263803,2.9862635,1.7875565
0.6217876558258355,0.6896929125076973,0.4199743134746034,0.43963789978418594,3.2243192,3.1443048
0.0638004734155621,0.4562108625378772,0.25684831799929075,0.305500934348212,3.8686008,2.2953293
0.5170298136147138,0.11299129365495991,0.8028885746742568,0.6546229991862962,-0.6312835,3.495301
0.4958617148256043,0.42989302605866586,0.3067802339150246,0.5631084991872186,3.6703002,3.9056196
0.4147095596578063,0.8509580483396281,0.2174030246620222,0.012881978149023185,1.8095213,3.9398525
0.223781916161239,0.6124128176087972,0.6080901146717824,0.6689358672788276,3.562816,1.2767496
0.20508605416580938,0.52146404989548,0.6553267915593366,0.1732157469430244,4.8212786,2.7325726
0.0767883388411063,0.6566445296951093,0.6048016994530274,0.4215953590706213,3.3685522,0.8203089
0.19031684829810575,0.7610151764219489,0.26453625516310264,0.6069327133557222,3.2378685,1.8434335
0.28364433414775103,0.4884072308566173,0.41170908229724934,0.608065106186526,3.7325807,2.2386568
0.11614036390031275,0.4012049878234872,0.3089610911270454,0.3995555134528034,3.6808283,1.7726915
0.22369524608156993,0.7447073521778419,0.07497742588508167,0.09249963431133436,0.392446,2.1059744
0.21650323535875704,0.03313662395622404,0.5581262289252796,0.11072740418784718,1.7137185,1.7000021
0.5360552808873674,0.45039115538915,0.8134851050652095,0.40772134856673015,2.6295774,3.3818233
0.0861319651059962,0.6219902757618578,0.19803594245073944,0.10953224566512616,3.244557,1.7666507
0.09701468357488825,0.6374434008518156,0.1507680258143963,0.3345913418514629,2.9966362,1.2640091
0.16587024270471123,0.0819332113801666,0.1518491102296937,0.5554312541831791,0.57547903,1.0619384
0.44579476666316586,0.03301191931319592,0.3594050356700016,0.201023432504812,1.234248,3.5320492
-0.020612279843381945,0.8909258491279366,0.46888599158666766,0.5592049586807555,0.57752746,0.6230902
-0.033831402208399614,0.32441404979431315,0.6316295748633338,0.6611801959058224,2.5146081,1.4783545
0.6284341279798811,0.8592216406678145,0.3290664674542789,0.18897590874459808,2.1156666,3.0173876
0.28890509075533505,0.31007006352241845,0.043415629372568466,0.08696139352565585,1.1094949,3.0972097
0.6280638259113012,0.03521261424234095,0.24846249422477887,0.05312571756150536,1.8892003,5.585223
0.15359558487210018,0.7161874205965588,0.361598955861608,0.04482358224960145,2.363583,2.5932322
0.161795296981052,0.2731156203398212,0.2495581376713009,0.28850197869185623,3.7483473,2.5921552
0.563282458787873,0.20493937575842477,0.11690753407045883,0.04242919359668501,2.3383281,5.6063056
0.631321147671717,0.1283834590914911,0.3992435065477583,0.1170228959411216,1.7256107,3.4776843
0.05392586803143913,0.4858935425166206,0.47622623120948876,0.06630923228636486,4.2362814,2.7928662
0.4392989605605477,0.4805485315864856,0.30208799304587863,0.17777308711068424,4.8577576,3.818142
0.47655399656567715,0.8262001104432874,0.40095099057228306,0.32070543707205423,2.7004614,3.0303266
0.36561922430685206,0.3959513584216369,0.6033752659701478,0.3979482637120189,3.0255296,3.195359
0.06747311701653834,0.3716091696063082,0.6589763578899696,0.49407101345875604,2.8412206,1.7339172
0.037241639788551384,0.3730958687500238,0.6566992459838513,0.6772135956915236,2.4677572,1.59887
0.5506373807339257,0.5753676868125003,0.6972151059643608,0.38454442589906696,2.3287926,3.2093973
0.2009437616080989,0.8445396935113288,0.1921517968379055,0.7212886624556765,2.6012776,1.7444923
0.545422735014042,0.5936510828678434,0.2932055408608732,0.6025396576652856,3.4927685,3.6646097
0.604818341434952,0.2111957284594608,0.05624238521402773,0.27800717417029913,1.098666,4.5061984
0.15783569310519385,0.13813016717344895,0.6269097674492488,0.5820140126656209,2.0897841,1.6453019
0.5844376850454895,0.11622884755786622,0.013779139954848769,0.7221177693495705,0.099624544,4.8869658
0.5804273954856578,0.8442791523112697,0.44361540345717704,0.6260793880780088,2.805025,3.021369
0.28567242247928243,0.3667538054291514,0.5474026170438783,0.24800467922413702,3.8143551,2.3216667
0.524530725201519,0.018312634503351223,0.21998047583692748,0.14641014857485707,1.936686,4.224028
0.1802585163851792,0.31183858464497183,0.12030797449411365,0.2536511218538989,2.357364,2.6581094
0.3403407542700536,0.7654954627078167,0.30536143163972024,0.019161361212759805,2.2772331,2.9125898
0.578461123297425,0.22186810268981882,0.61562807824205,0.31850510677715305,1.9167956,3.5243645
0.34180019123933875,0.5609745790667898,0.2146561206553044,0.28096535777246195,4.4496865,4.552414
0.22230231625453933,0.4039495164728252,0.28375955713411033,0.38183367495303167,3.2622197,2.0614772
0.17197436971518698,0.6815614899656215,0.6736859572604563,0.5400096239771384,3.1598597,1.1256495
-0.03428281465200313,0.054348578322111867,0.18049560857790325,0.2407171881871357,1.488007,1.7079368
0.5213950129881922,0.33303067650618756,0.27441914648261423,0.20360799981789288,4.355557,4.052424
0.6523968975544756,0.45276443718358955,0.11292334623368001,0.2722214258825658,3.078796,5.378184
0.403106204025069,0.9078562520002104,0.2281932100481301,0.47321590375186,2.5342681,2.8334908
0.47537109294289653,0.9053911517957808,0.5132857489571969,0.3273326505970441,2.7529213,3.085686
0.33644465730576234,0.7763812953774986,0.018010342660648607,0.6194088613816412,0.2623955,0.5165031
0.2635210282243134,0.20310287513108435,0.8024107935459484,0.17998288725272307,2.889905,1.4572114
0.27133235198908867,0.3259301517573077,0.47419990817069657,0.39018945763068913,3.1135018,1.927715
0.49278713880918096,0.6464986991377992,0.712380743585318,0.7139192778425312,2.3533485,2.9784822
0.21469625354528238,0.17036147393941803,0.6281786207836857,0.21727900236503594,3.3154917,2.3022246
0.36524635941462474,0.5282530288363189,0.35097517252754,0.5413617026443684,3.7429984,3.1910307
0.15921990925972213,0.36603673630521316,0.5573698617132726,0.0036744739615863567,4.6095653,4.3582172
0.2228844986947185,0.35378014487424525,0.6772746400435824,0.5645747711782827,2.6984513,2.2300358
0.6651927209316801,0.256571319273419,0.3164553772460848,0.0876298199088607,4.1837025,3.540389
0.16846143231941302,0.4043548079010098,0.055100827814462114,0.5909470149150601,1.9184449,2.5603397
0.48827733991712724,0.8776217305129336,0.3295415705264021,0.33024365050190624,2.5181088,3.0248013
0.2318956906994839,0.3138349687655365,0.4095592148952514,0.13090628857010883,4.2556415,2.770587
0.5923838635069238,0.5452894252801991,0.3320260847546642,0.10852918465493547,4.7862754,3.8273823
0.6494228761806649,0.03677268900039397,0.7487614885452508,0.1924557367858955,1.3057275,3.5009422
0.6137985493463222,0.5796106790360054,0.5487745393145792,0.30679432588846134,3.6845253,3.4700027
0.5553836642544223,0.06763509842513257,0.20774460862785601,0.023313281107241776,2.4397798,5.8501453
0.2880346096330024,0.3181643938910704,0.11528475476742844,0.055366672507723355,2.2982013,3.5841422
0.4067506605252535,0.837499269553995,0.13463028468502422,0.7273350876270901,2.2986987,2.766172
0.022100255321879383,0.2868438834335146,0.2381383967951613,0.48255085008144893,3.0361462,2.1090572
0.1439595316421216,0.8131640833187415,0.3319425495028521,0.4436507547363565,2.2790356,1.1899831
0.4042249768366951,0.3893220876931224,0.7103405635289534,0.7419818301345794,2.4147093,3.3653896
0.4965143491115371,0.698508436209513,0.4783463420826629,0.7232095559130355,3.3522859,3.1464374
0.2369198646778372,0.8998015773350622,0.2553353077886634,0.7042497969663506,2.629952,1.8208716
0.3255418133100918,0.0010630854813791508,0.7512586053570062,0.6115774423427388,-0.71493864,0.6509453
0.5698743302743716,0.2821983834239316,0.4131038527889903,0.5265664025585478,2.9488752,3.802403
0.13496634357877973,0.8830682595732869,0.4795971692028573,0.47807903742874786,2.4670005,1.1470448
-0.00964886603786469,0.125398293279321,0.4296742583389868,0.28242900532010623,1.6038424,0.777043
0.09511259254667727,0.18997238765248078,0.6493740703621838,0.19087103868753846,3.4498947,1.5902892
0.04844766341770536,0.6350494931731255,0.7271853223033983,0.06700382113253806,1.4308928,2.0096354
0.3119481116920657,0.014651106425214286,0.7362112813679647,0.42278320125941626,-0.66983575,0.63414365
0.2536913815324192,0.25565994186826885,0.48482435467108365,0.3159687665804852,2.8704655,1.8949034
0.5068035254510166,0.8092853660402601,0.7791393325339308,0.03323389147974491,1.8767968,3.2647839
0.14911373584532073,0.316498209227708,0.33382048646423507,0.5870304936563491,3.2570672,2.0831041
0.6355275790846,0.3565298913967195,0.6922203379831502,0.32390501025003626,2.675883,3.6396232
0.2291118655887267,0.1805044419402506,0.6856918219490526,0.40265282311936856,1.99007,1.615844
0.4181151520258857,0.5295777068392253,0.6067420947586266,0.49821405180760936,3.5807781,3.3127697
0.264934471954741,0.6592148815848267,0.3601944851422237,0.42782244065117114,3.5153635,1.5928049
0.6333728778861129,0.40222074030656385,0.06890491449792939,0.09576936382434229,1.7272248,4.886004
0.224590772071181,0.379689313013548,0.6818994155675068,0.3643517928795606,2.4445515,1.9562396
0.27526115020531927,0.7927919488914315,0.45919841572322473,0.7161952829853827,2.666692,1.481644
0.5456573804152974,0.42596717564399295,0.5052498149643494,0.06442379132733152,5.108871,4.29193
0.5257423783678953,0.8606608722495634,0.5664335209671684,0.5289375801865457,2.8924105,3.1016026
0.31337989852925857,0.11390818764424672,0.23918951828725762,0.4507772097032822,0.16307896,1.1345164
0.12615377754303908,0.22544386126038213,0.3811545834721592,0.17035169676308823,3.5929217,2.5824854
0.19348893247914484,0.6513279335736841,0.24734690119059413,0.23129936875611168,3.6714258,2.2735043
0.5824120884766198,0.3338370247112523,0.3254225865512513,0.6321173585034033,3.0152636,3.7968776
0.477933060270697,0.16650168215505692,0.7174610238316175,0.2560013322345966,3.048025,3.5059285
0.13884631844853734,0.47170491778433643,0.49589738813205025,0.3485180092300078,3.562069,1.8541083
0.06053825358325253,0.3218632535672216,0.21210839648402283,0.25610969774577586,4.4416127,2.4856362
0.21885019358204333,0.01855816140636646,0.4579493497106591,0.45687162894588246,0.31775135,0.9386044
0.034980803837967936,0.4149320398309053,0.43404762672919467,0.17219223719090146,5.0498614,2.3611634
0.15699283937978342,0.20641847761674054,0.4327055303242108,0.20976871693203122,3.0927258,2.3602257
0.5474592864427037,0.6579333388839474,0.03812538095975861,0.6248023952527657,1.5379695,5.1739416
0.019891753492349132,0.8500733409003421,0.2594319465788314,0.5572842114739885,1.418761,1.0760422
0.3973473186532643,0.06816253001751851,0.002002740489801323,0.21251545901283295,0.2502787,3.2891965
0.35012062114664977,0.42164985657288784,0.14306900245651383,0.24145748390769622,4.7494926,4.279677
0.5626657643263319,0.14262304591848562,0.17533457928830049,0.13643430838219228,3.7839868,4.04719
0.13995075812325702,0.2447789288660093,0.43345163743157755,0.7154533632598072,2.4803386,1.8794053
0.16001495911811747,0.23523062632693298,0.15715652395991023,0.413276764330971,2.4101205,2.1263015
0.6190400317331984,0.1753999888065175,0.11958821628744719,0.3425453300966393,1.506911,4.373572
0.10305635075634655,0.7183259062924772,0.7097180561604662,0.2626911929856817,2.1990964,0.86912334
0.027044559508802732,0.5306163118896325,0.16952154583614915,0.025498346458931818,4.8008943,4.7160215
0.4670456865846874,0.041792891100545036,0.3094335430884748,0.13293290735968177,1.715824,3.4677193
0.35803562923730975,0.8497905741630555,0.7197735578964589,0.33198487093457946,2.4469683,2.347435
0.6458396430677112,0.5356577281576483,0.3134486173456461,0.20891692449665708,4.599767,3.7972627
0.1499272567470048,0.3495649124588529,0.6445583282077709,0.1173407423492268,4.463655,2.366099
-0.04775600302476156,0.676601553196178,0.7833733624616669,0.17671513104469777,0.30461589,0.7506071
0.4832682331842712,0.6065017302368831,0.20325001911700422,0.36598839779283815,3.466688,4.583924
0.21400850056081427,0.13457955044868636,0.15586156844391374,0.1619330708349003,2.3658464,2.2787442
0.02596238216327465,0.40818264206535865,0.6628645297708217,0.23866217067060377,3.746647,1.7265726
0.26841968004577244,0.7043178876565046,0.1975334817005632,0.419339567589903,3.124909,1.8160881
0.09822724177385105,0.8966255717148045,0.7930846613070895,0.12943410426201438,0.17609206,0.30912876
-0.04910442332986836,0.11677181352850777,0.7631362949695341,0.04604725314143948,1.2783486,1.5518246
0.3377928624333192,0.6381650653605543,0.06946852578378793,0.6724113449657063,1.7296978,1.7196114
0.5607174869884997,0.194669592435293,0.5691683485929538,0.2024155544816465,3.2965393,3.7515872
0.41194528189452345,0.26059018751422247,0.6796662405347753,0.10392712823914038,4.2951865,3.3031166
-0.04404398082524299,0.7386657396024644,0.4708001021277652,0.09948469616094606,1.259424,1.1652789
0.06683000398020891,0.19497819528216798,0.6338769209905996,0.15671573679413686,3.5750654,1.6703176
0.37652319010361746,0.7481957215346616,0.33085705833076917,0.09321953805687495,2.531432,2.610632
0.3948400408234987,0.7706919484851611,0.386166901997684,0.1399346432519589,2.7274892,2.5311387
0.42812785141032744,0.6981869828060433,0.7947445775395425,0.3523769946378059,1.3420571,2.9339743
0.5478069085394068,0.6098036372664043,0.011371481065267704,0.7409384465513476,1.2172103,5.3485622
0.27905831961853617,0.5563046226077033,0.16679490767432115,0.2893767731793178,3.942437,2.9392664
0.07048286051703091,0.08143724925812738,0.02160586049033447,0.7182336803790796,0.20884955,1.1153852
0.445666273431312,0.10039773287478712,0.25029078484798983,0.15214881405001054,1.9214984,4.4082766
0.5413963300401307,0.7260123008865907,0.018264552475340586,0.45405715133975466,1.1184115,4.9058423
0.08299920307989793,0.3838474850624521,0.6291722468675742,0.05494552344073257,4.5489964,2.4266095
0.4508136478333043,0.8179275976600109,0.11755156107712003,0.6098405569024028,1.3886001,3.9138408
0.24296519398046895,0.10531267945964393,0.3079426679995637,0.2166765956665476,0.9487675,1.4881556
0.33308963547619924,0.7454059647758925,0.581684670693327,0.4949257016392844,3.374543,1.5239285
0.2962195639887236,0.8139161166447786,0.6179829947192411,0.49195852626422626,2.7970428,1.4037808
0.18114817279408713,0.5149011345975287,0.5023313106204635,0.00916380651199973,4.4626303,4.4778
0.6243672606588395,0.4586366372598067,0.27628855492756316,0.4617861464703233,3.8997147,4.288371
0.09539955643729746,0.0378110277275541,0.5622271331064024,0.37827957110531596,-0.47772086,0.43382406
0.6672760975242553,0.24137946997558427,0.11246161680650185,0.1554165238575462,2.164792,4.5801425
0.2514528637950026,0.06920209630347994,0.004979351831433005,0.5485240449514613,0.09111469,0.15422682
0.45479638029194097,0.1265776922086605,0.49191281377216756,0.6883270238037881,0.1804184,3.593687
0.5887503965799309,0.36311701082089226,0.6966522119335485,0.10707855032587174,4.538446,3.7407994
0.12453237766445481,0.5391457864887242,0.030521951908287093,0.4760645567916968,1.3001955,2.6546874
0.6325307329674429,0.012758958853949188,0.17082172761447795,0.4095883583522727,0.31813475,3.7720947
0.21993345004085663,0.14497509954633425,0.5789466400700163,0.11171417144076522,4.0456333,2.4922638
0.07610313012698157,0.3610272558081856,0.41409220623734655,0.13824106708855916,4.8024964,2.4158103
0.3924599658726682,0.43053323815761513,0.01712262158323715,0.712769109914969,1.2303361,4.427676
0.5096050533433562,0.6249851165825413,0.43831579871698484,0.6619579143987737,3.516969,3.1036491
0.17440231891847147,0.2948883976201005,0.5234926918769015,0.5446447001984686,2.9303608,2.1661897
0.48406339432045303,0.4921664879738214,0.5646834801665885,0.5980958971623314,3.5767596,3.7846315
0.26279531919580956,0.6999515071702661,0.13008791223390564,0.34341233371533614,2.7835033,1.7232776
0.4492332815675403,0.1311351245919907,0.2998989401369115,0.5256346364993811,-0.10018771,3.5840628
0.08812118125670783,0.41381555385686825,0.10130278229494102,0.03131150243022027,2.5379786,4.609582
-0.039368796415153194,0.4915230072051208,0.6892916344883628,0.6032546046653592,2.4945893,1.3646622
-0.03186353436219523,0.8839372609792815,0.08331933987356133,0.19694571819600193,0.14981422,1.8351619
0.0826660417380138,0.7997696344054268,0.19635417713953324,0.27738801360490595,1.8057264,1.4433041
0.6058421860029674,0.2972714629692763,0.11390721577196748,0.47675572032161817,2.1914706,4.674409
0.1509256943004133,0.5820081180142802,0.019537021716681122,0.7188841772837301,1.1932664,0.5243468
0.12202113331534752,0.4440641623304807,0.805752566049895,0.5657121638446737,2.6814537,0.96907175
0.6204140241593152,0.2455829927380722,0.365649340136314,0.24727225262005084,3.241181,3.6331177
-0.044576108135228845,0.5009765733382409,0.3708580154757681,0.23933450741490273,3.9290378,2.414117
0.03142759995152704,0.5770022958676452,0.6103524327221256,0.3464078582666354,2.895769,0.43926328
0.0005066213445104745,0.7111921526198888,0.2450103509211737,0.2975885522510669,2.310672,1.4708318
-0.012114681696671743,0.8404126029869664,0.11015506067271161,0.20674084347092883,0.4634582,1.8047619
0.3770529330165792,0.22992477260784644,0.6209375087313541,0.39699370287842894,1.8584069,3.0797095
-0.021402299375583623,0.791519654743854,0.2218193928316513,0.46969290784524653,0.7964763,1.0168855
0.31130955170814484,0.5571204244838663,0.030975243511741895,0.702556696596738,1.117763,2.684444
0.5279250896606719,0.2164998969445193,0.07325033315954178,0.33599988844102485,1.151411,4.4718537
0.25933687856691423,0.14095541198132433,0.5447317444324863,0.28321271496376454,2.6202004,1.9559867
0.5275578042290006,0.2641397389647937,0.5427384108651174,0.5799664500460647,2.7034388,3.8021004
0.5220593606725358,0.6292354902332612,0.40356132028102365,0.036127880642952206,3.221698,3.133289
-0.0329929396551393,0.7123847830714565,0.007785304523128111,0.06503016086451291,1.3296907,2.240406
0.600665479131095,0.15669850172900984,0.20449356617202363,0.010278423040136408,4.211009,5.3796844
0.03563641432567673,0.4813180050455252,0.7603362017140463,0.5518955855970895,2.0822198,0.89962727
0.11099869005838149,0.7508916469085039,0.7442173407388635,0.5670258382207707,2.108575,0.5819382
0.37241309439247344,0.5381624659916596,0.02099705608925556,0.6419739731054388,1.1947579,4.582616
0.4635198706209545,0.5255813188667399,0.8097103677753752,0.6507325305756506,2.52258,3.495187
0.0879441992132763,0.5066730052989287,0.2155282081142992,0.5893268777972879,3.9606974,2.5013418
0.05451132704561096,0.20140295655341967,0.4404689619991645,0.6901320669136856,3.2457628,1.4482453
0.5239471698790138,0.6426611236910907,0.3192184046907763,0.24393228256527436,3.6145482,3.077964
0.29633201223055117,0.4171812807320587,0.18804279244526548,0.6784704529477393,3.894289,2.7232966
0.24330992766770193,0.8455408580042386,0.6289830911343447,0.4821010404852486,2.6450627,1.3337035
0.046091779069054525,0.4485885686723765,0.5770078634979613,0.5419849827594172,3.7621264,1.6469886
0.09744906211120287,0.048727172917498805,0.004796870518265905,0.5081381107258488,0.335018,-0.020084757
0.4595893921963276,0.47080484211676726,0.06262584889157448,0.36832194004185537,1.9644319,5.202824
0.5947177255595661,0.11914378805853457,0.7241867038916301,0.1809836561231329,1.2742105,3.4754694
0.22018307357332773,0.24387458679394475,0.8146312164957521,0.7048495999119611,1.5011156,1.4175968
0.3180389673360793,0.08857370238285243,0.05867160365912317,0.38953685347901146,0.44520643,0.8078114
0.18368995064994864,0.5226944278925816,0.5499757458922222,-0.0011091911129447038,3.57741,4.7635407
0.11865758174948925,0.6234439910247176,0.6705495926783173,0.1633341746242702,3.1149871,1.5349337
0.6660391809672576,0.648387146634915,0.23232555912820368,0.1125540104307486,3.4864092,3.941893
0.18984733224462286,0.795097525761576,0.2424649623564969,0.3826717697149444,2.7220013,1.849246
0.33704721340078553,0.09564187753441429,0.26101878262103706,0.339954412194696,-0.41763282,0.9054979
0.40049197949253185,0.35544751918842904,0.14944254355760866,0.03044132206293877,4.4478517,5.1622024
0.6042787315692636,0.42536916269540453,0.7219605708674897,0.5691669965250182,3.037473,3.8841822
0.5640799064414957,0.7881390733542158,0.2672552859001326,0.2651524317411355,2.4367793,3.8278897
0.38319570421734933,0.06629148633736821,0.5489658251558338,0.2870002416617213,0.5050416,2.543813
0.3643833426362608,0.15464491396930494,0.8277526995821441,0.008415054154609693,3.392588,3.7805855
-0.006797679048999104,0.8743203900829246,0.13238135938131726,0.47952687629502977,0.96786964,1.0877889
0.3599677602693295,0.6306568133615422,0.37970301330248146,0.5112652110806111,3.4202948,2.5217445
0.48611077667173136,0.6945874088297156,0.6390048645083932,0.0016981234594401831,2.211998,2.9191592
0.5618056732357405,0.2898995984841664,0.4665930832562835,0.28041794280526877,3.6124105,3.6470304
0.6454824744526548,0.2882948939444376,0.411197071064288,0.042666145277052356,4.2353897,4.064079
0.16674593839301594,0.6033275975740396,0.06047532189449694,0.3382353147290656,1.8738538,1.5174292
0.4950256526954216,0.8081520078200197,0.04954529931289531,0.02418356890745456,0.24953686,5.3178706
0.6092730770906001,0.8571571840873011,0.37769851094791096,0.0339176983077588,1.9209374,3.0345035
0.5397225767903803,0.7858211066129522,0.27999688020846375,0.6128727262477638,2.900297,3.086556
0.5292298857668271,0.7749188694810473,0.5253142663037917,0.4554331733994862,3.354268,3.0767283
-0.004636017465060725,0.2497698760624885,0.22556876985864235,0.05239865638994112,4.0028462,3.3193617
-0.029349389325670446,0.6519441931622385,0.3471427917959597,0.3190767105793203,2.3501585,0.93420327
0.4992845047159063,0.7710859256553059,0.6458004643141323,0.08550777036192027,2.7750032,3.1887374
0.014261571666080344,0.38176269068544166,0.08188743043232297,0.4351231915929473,2.0948772,2.408411
0.6369000702421495,0.8774680335813198,0.31601831233115196,0.698560597514792,2.5813851,2.9735496
0.5447825311558513,0.3028534831986995,0.7460164221702782,0.6702017639719154,2.2343276,3.7304394
0.1844733405947816,0.584694032609022,0.6469999398747148,0.43730374869879357,3.1919239,1.2292135
0.2743077219462559,0.5914550215084907,0.2741385187769616,0.2584728509969622,3.8645644,2.2751997
0.2722224740243882,0.8558113353653568,0.4839488973650916,0.0789582418855871,2.3165193,2.2586436
-0.00034428454735015157,0.7768159606374497,0.6119517485987931,0.10773406050573008,0.5562406,1.0536613
0.18811468981208146,0.021984782389622655,0.5045890767915588,0.6751256653693486,0.03530637,0.9092368
0.4497344205998917,0.49668025670309845,0.0007958404477962037,0.22120658041468363,0.94418824,5.66316
0.304563934387436,0.6443449272260112,0.4193256166298628,0.48726458286438495,3.5122848,1.4430223
0.2706233659675673,0.5428420116767378,-0.00047502819587449344,0.3666256292364653,1.0704423,1.5326766
-0.01856003741595843,0.604073825282513,0.7053872251951886,0.10281793144092574,1.5620301,1.2780615
0.10604550982101248,0.6145875887619796,0.16909133268601387,0.32557949197090585,3.2655897,1.3230866
0.513820292656953,0.3651585438290915,0.13682216929334096,0.5637493922432577,3.374371,4.5349345
0.2907809477275945,0.5782002989030715,0.08942434617330097,0.5293639535841774,2.1836467,2.0147674
0.06609709469367038,0.4584948653005896,0.3852733962005428,0.3567354374067811,3.6237836,1.5591042
0.32486694628743706,0.1821290173737105,0.24411770349213033,0.6893132213908058,2.789452,2.293732
0.06929355174745011,0.6316695297301332,0.66168888598099,0.29432749755515275,2.7903392,0.50053793
0.26751359521410195,0.19349632606002867,0.7063606298187926,0.26635376666422844,2.7341845,1.7849896
0.3028777269249537,0.04258961600879202,0.5061173142665748,0.06367461698635694,1.4340873,2.396211
0.3271769263827582,0.24654498530202754,0.2776947060790314,0.6020045140431812,2.4037423,2.6206653
0.09905639877182772,0.13250119786667236,0.5525934530459257,0.16068740509088522,1.5919467,1.4052315
0.2528997193517443,0.5032642727489024,0.5343463392427268,0.6684624570330004,3.6506896,2.1499984
0.3236662946601179,0.7733836096830348,0.08597328875248239,0.46499783213011775,1.0156969,1.6840398
0.5772912274505122,0.3519193966949093,0.34253451595542583,0.42329816208071325,3.2060137,3.7522683
0.12327032485064528,0.036470668564804735,0.5129447610935403,0.6840192613055844,0.10324628,0.7446788
0.5402029238257149,0.722167619711132,0.1815611914791863,0.3407302050554169,2.9995947,3.8154173
0.17568056589281578,0.162056286917426,0.6863466812644549,0.09462985018949918,3.809855,2.133275
0.12082617625773108,0.1464330458235368,0.5920187970985876,0.6433786068999247,2.4553897,1.72033
0.4155809134533282,0.913623839754806,0.01546431037503343,0.3592362637506017,0.5018642,3.8939412
0.02974133790409851,0.3108159782428757,0.07775797353289171,0.044285937345848805,2.221971,3.3879802
0.19553570839716783,0.6690732548104786,0.2991160266582456,0.16950592741676854,3.3142123,2.1723077
0.3100223164542682,0.00019539559617881913,0.2204775372411394,0.5395623330081908,0.13487579,1.1691879
0.06434026676845135,0.42906717064009753,0.17594575044656838,0.02848297407091478,5.0516906,4.974897
-0.011215170660837014,0.5878078963498002,0.053877609058820226,0.4997678225176776,1.8267387,1.4251696
0.4174012158901451,0.07228003909443466,0.744670305482642,0.7270254850216691,-0.6130305,3.2045128
0.34133696833209654,0.2521094609243912,0.3960197658064156,0.6173997956609758,2.905795,3.2734246
0.5374664064662114,0.8036765414210183,0.16398896541851074,0.07324104730445821,1.7488234,3.736298
0.5957597358220853,0.26646288653595657,0.1917321149935001,0.04141048399761642,4.6705422,5.7482805
0.282889762680046,0.29053303606293146,0.0517821881868393,0.005303970153086082,1.3238102,4.7303343
-0.02350749278509882,0.4413280538201949,0.3745500543132663,0.41557257506735035,3.4793882,1.5559319
0.5540403572201509,0.3914859625638725,0.33630993501749973,0.13734436734894898,4.4590898,3.757869
-0.043142863007318843,0.27012747051990044,0.15897374450841995,0.18784168963004777,4.225995,2.8339214
0.35391137757391183,0.41551247993987683,0.18551070644717335,0.23397582488539653,4.9105754,4.081478
0.5426161053527825,0.8420869280240558,0.15777878884201338,0.33674767992676363,2.3487093,3.4005623
-0.02748792026553874,0.11493163887124097,0.7323203122869588,0.18712481942251696,1.5113188,1.126847
0.26189165051576474,0.22422967661590235,0.6230908285134897,0.5279718944575948,1.6347271,1.920414
0.3943120859990828,0.7147161997921669,0.2855808727747866,0.17417978494249844,2.9353993,2.809727
0.4365698393693436,0.416346383641661,0.5095420712570055,0.29986130578284725,3.5842547,3.7880976
0.3633868586406218,0.7135594319810676,0.031835350541396155,0.7134334259588231,1.0589975,3.8463545
-0.0038106961513545493,0.3700031276563638,0.1341062382026832,0.2715733726821058,4.0612946,2.6238472
0.0782895615566971,0.46898246673611477,0.8290370366817782,0.27062357372812496,3.854792,0.8031989
0.04257640878937806,0.706013584470807,0.3833129697435413,0.5617326879380823,2.970045,0.88945085
0.33910425857841936,0.22000028930092314,0.21324573687662715,0.2912634642006259,2.9485126,3.7426965
0.2792062279186148,0.2615584904980326,0.4484966535457434,0.7384868850625838,3.032456,2.1798377
0.39960423479878476,0.11451505047707557,0.26794029839527095,0.6730259779107443,0.35889682,3.2331166
0.2272903470808762,0.22941914215646714,0.30506721909224993,0.5585919040460676,2.3423574,2.0670757
0.6296609794869331,0.3685090405429044,0.7704454544265357,0.419700221758387,2.1857646,3.6490362
0.11893827771866498,0.43482920915587037,0.518575805155432,0.3220719091245905,3.6220028,1.6758344
0.20725276286956978,0.37670713385494586,0.7882818878875746,0.11413801679629632,4.107243,1.614951
0.4697480555291976,0.18486649762224044,0.10319782368454539,0.284518371036882,1.9829755,4.548799
-0.019406735219058606,0.12171626713021728,0.687468623115835,0.48629910737748466,0.671234,0.8293985
0.6498479439281064,0.06390044965939655,0.4075950540185165,0.29811890453147677,-0.009246436,3.3414962
0.14875314421605973,0.33583993212192553,0.5666441468085625,0.4102968616209379,3.115234,1.8450465
0.0615639887284328,0.7888509651084679,0.6613170948062268,0.27583494717483514,1.2151066,0.9117466
0.5593829051850129,0.634447237256421,0.7029388742032016,0.1551563222420817,2.782486,2.8996806
0.6565879191133026,0.16277496292590374,0.4980901675598382,0.4877588816220567,2.3915696,3.7392843
0.01336706378741885,0.8588384402863685,0.18467752464471282,0.734046463787528,1.04959,1.0417805
0.051892977921065814,0.6661463532290007,0.2362848770558234,0.5131284096867573,3.0591452,1.3499852
0.6377065854597851,0.6604465249179718,0.49321475928286984,0.5250426200704628,3.7760649,3.197118
0.49239346601307027,0.5971572411564857,0.5741838191709462,0.477497215579933,3.550384,3.6729777
0.2644461633003612,0.2314131618003964,0.5824985710874022,0.5696304772191999,1.8904129,2.103851
0.5703529276415009,0.4006042262297056,0.442249162009866,0.4712362462535933,3.165713,3.8953333
0.5581569503725046,0.004217767038901335,0.5946121701348913,0.2730465687694822,0.85951036,3.5097408
0.4050354095491543,0.351517463244138,0.6160138572418167,0.09041292915475903,4.3888845,3.351728
0.5286401245537621,0.26257752874173657,0.40161938290205956,0.2134988937099293,3.8972425,3.6916747
0.46174151006978087,0.8351020134178038,0.8068740406972424,0.27510872080965015,1.4112949,2.8328073
0.48699624292676164,0.22726020585473125,0.028923436728105798,0.18564333635671185,0.55687886,4.9610415
0.12590745572868595,0.007576562217844237,0.02373311847568122,0.38530149654464985,-0.12394574,0.7727418
-0.025900386618801046,0.3856966875362955,0.7480464475345122,0.4291925307879383,2.5305011,1.3754622
0.5390722315177475,0.5042706320615901,-0.003391375943203638,0.46617178696578,1.1664711,5.55012
0.24843691033282717,0.7305375402822826,0.5963735217365126,0.16260823521268056,3.4127116,2.0919135
0.13957724439887725,0.7902608453200117,0.7002573486864992,0.6354092049337895,1.9093131,0.88915825
-0.047052127453768786,0.4096683809573009,0.6508142500824846,0.45796122612205503,2.6010842,1.410979
0.058665624888633555,0.002341414111275591,0.04055375404388679,0.6735486135583689,0.8584349,1.0939404
0.6010338211978405,0.8286941990350833,0.5912681461115511,0.17589194384387888,2.604817,3.0609977
0.5045980303862614,0.6159633163737633,0.3486042840448827,0.5987165320902216,3.5032463,3.0981238
0.057743247004362314,0.8542600627237458,0.21008707696356443,0.25492273741640764,1.4327614,1.5298806
0.1875833062494851,0.2667942152238904,0.14542345721139818,0.32295769802705476,2.9406729,2.231439
0.49322137174355957,0.18613297227047707,0.255015061391545,0.05964589165146236,4.0623555,5.6216035
0.6139028452440566,0.4730029689589935,0.4102811154183308,0.5467201205492961,3.6774702,3.891666
0.5992514242024378,0.330695016741492,0.10674756203789983,0.5753722221369609,2.2809625,4.674409
0.14127291245512902,0.8735073171429262,0.7015999624996964,0.33329430547569927,1.9477583,0.9154667
0.3123183257633756,0.42070048221736045,0.22343406634422155,0.45112432427351856,3.9312553,2.7627857
0.0683004026120318,0.6836692101081983,0.3683184703656645,0.3701457498652708,3.01805,0.89835495
0.6510474688136969,0.5688336280322095,0.8192256705864719,0.20227116930254052,1.6629173,3.2123756
0.5938187340323385,0.8175631952716823,0.4549725639091052,0.3838311985625299,2.842968,3.021369
0.06533383794728612,0.15135377052225846,0.5383088047172764,0.530955429289191,2.574272,1.4544429
0.030155534692115682,0.7550714563371942,0.14354680090377273,0.48424434914652575,2.4095657,1.1898673
0.3800715105929966,0.5285078142439175,0.04514136207353583,0.26947730570157213,1.6603684,4.7820454
0.5199493651371857,0.8723425938765921,0.0091385554362853,0.18507861428975392,0.22860381,4.5850863
0.346258773162477,0.2820684686138767,0.8110358296928826,0.3112975557099596,2.1328871,2.8327858
0.05579172590050291,0.09552707509559412,0.6053720364462523,0.5212141615017294,0.04382757,0.734169
0.33063542565596027,0.8689127107286395,0.6329601554401547,0.15983799543319033,2.5241406,1.9347115
0.00794620335590282,0.46806023900617016,0.6193100846451176,0.708458792905109,3.0737329,1.391451
0.5688489087585293,0.15540238941888754,0.6518965679723461,0.34713950382517716,1.1837277,3.5138166
0.6034987466265307,0.710799923428697,0.5572873381952889,0.3109272194001638,3.4293747,3.2577999
0.23786824752231622,0.15911472395109288,0.5414519442686334,0.5737627279179873,2.2296073,1.8892412
0.05212231972302078,0.009195240718948526,0.7951919513827311,0.04832267120649532,0.9928185,1.4177586
0.5736797620856758,0.5642674741738573,0.2888016333647253,0.3674472674153345,3.548833,3.5656314
0.31526568446266523,0.6708299128576238,0.688660151306588,0.6494427495963038,3.0455604,1.3257928
0.3752257667544248,0.4477494660500456,0.8158913062846359,0.24206180432947413,3.9238594,2.906542
0.44360582574396074,0.6934013266616287,0.4058238107514691,0.6289173756621781,3.2311728,3.129858
0.26662523360927076,0.5110872539555107,0.012315819780719543,0.6448062052584449,1.1555678,1.8112308
0.35594601728169195,0.5337339951815895,0.01243097172749797,0.14534818167348987,1.0984964,4.8444552
0.4827052956043327,0.10569445879801248,0.30114667393364863,0.39773475204846964,-0.07225505,3.3838525
0.307162503727651,0.3810063113477919,0.4020902005331884,0.6144143275745789,3.1164348,2.330073
0.5671578349460598,0.5103524167699204,0.42135392969902496,0.6666340961334324,3.6555216,3.7765093
0.6021602754744924,0.4735658572043447,0.06357081784659739,0.5190882820728628,1.9937482,5.3077016
0.16971053998174773,0.7634446529773052,0.13823365076940705,0.7284189812370742,2.632543,1.484457
0.12311580008033356,0.2789474696853185,0.5931553373792149,0.018469872010049033,4.503547,4.260868
0.5532260803816261,0.12048888806151101,0.2718749081843128,0.3201964905211198,0.18918312,3.676751
0.597127311958323,0.027139965040344723,0.47521336238844303,0.17702139222573168,1.7843802,3.5464041
0.5936651159182713,0.5549694529437189,0.14244441302875432,0.6557073455324065,3.6881702,4.7247295
0.4212014136541789,0.19226381093922548,0.3201023788152335,0.3023292337502684,2.236637,3.5375896
0.4402815268384514,0.48399702507053316,0.8180610202734206,0.1481496504008294,4.009501,3.2773151
0.6184682151628221,0.06436536298326868,0.5293354582147147,0.6546853239715948,-0.6149223,3.6080241
0.353477821245147,0.8712509697453422,0.6946939659896172,0.1976372972180435,2.3498495,2.5632672
0.24235005072760568,0.4428999335293856,0.5539856088405789,0.4314835871287139,3.5531893,2.1988525
0.6405292622901753,0.1699212930959899,0.3532846683495504,0.4942829606515929,2.2968004,3.727964
0.30882143384979766,0.08698922076499559,0.7902717130615148,0.4892677802305335,-0.6564958,0.49462354
0.36138449063611255,0.6177807012137237,0.536833630088569,0.6939388825056632,3.5907598,2.5751836
0.6605408896261804,0.47717654840899476,0.5506367431681756,0.7355588710322377,3.5416722,3.7375078
0.07376825247996996,0.7680433958355011,0.2844720582666903,0.4465446712092077,2.3779106,0.8918602
0.10156801507304457,0.2486813853264944,0.17105194037819835,0.36519614630193686,2.3116663,2.1041517
0.2891395631388532,0.8360436472066093,0.29170573391957166,0.12749977847436914,2.0110326,1.9549179
-0.005578297439388133,0.6732428674056263,0.12766645092209838,0.2132304170205382,1.9718083,2.0507338
0.21168726049033787,0.6011567433574087,0.7147617631772145,0.6455500482182679,2.6061294,1.2023734
0.3705614130022989,0.5402169756246104,0.032435878103665355,0.5236467431418693,1.2400601,4.582616
0.5572971879315026,0.5993139538544198,0.8085880104474318,0.2768502731587289,1.7556367,3.3018816
0.42245255344816834,0.6966958647623721,0.4833371100474296,0.2006877057147705,3.4299836,3.25472
0.41289945238858317,0.7971622315504175,0.27586826169867856,0.48066499044975525,2.6201367,2.6616237
0.1341801347262433,0.5738789856769293,0.4829695170626486,0.5068073384319832,3.779136,1.1862181
0.3451756969272339,0.4985670153865458,0.29590908609865135,0.09363719907953866,4.66284,3.508525
0.13349813935725308,0.4530894211639183,0.035644189831339705,0.5505254115288674,1.7712859,2.719797
0.5650384340244214,0.9097072309464187,0.20080369522970215,0.22213611562809407,2.2704248,3.7434895
0.3936720014315342,0.18285967016836396,0.4279582689334259,0.38318035785307425,1.8934625,3.0067403
0.2261687990822241,0.011675726792355817,0.07359666446822405,0.0027286905024582952,2.4777043,4.142013
0.163656151590224,0.7558374715736391,0.43916222409336775,0.680256723109973,3.3039417,1.1119972
0.4202646906257733,0.21361687201058446,0.13300185933902617,0.21841070598446358,3.0636787,4.116124
0.36646888252815135,0.6472115786046403,0.4731641716762662,0.6632944574918765,3.7062912,2.5272696
0.6559675434052138,0.5133716346300624,0.7116345819123798,0.24558564543323033,4.2806835,3.6073306
0.04503716303924095,0.3270818726478603,0.38846358999097913,0.2788077160312382,4.3309875,1.6233506
0.6530002151690656,0.07492710786231194,0.10538383943032424,0.324234491482851,0.42747423,4.2484565
0.14293087988362863,0.23989833657107226,0.7259878427797025,0.4450240888754321,1.6682578,1.6813823
0.39294890053549103,0.2635653243598605,0.6813276377460366,0.35431383281438456,2.0109832,3.081523
0.0012047481212709224,0.664577563296354,0.11646052254415473,0.5978328066110092,2.0698917,1.4726906
0.39877330378502646,0.6047778223111122,0.7783480078056243,0.6567011058532454,2.196538,2.8092813
0.5790684782060774,0.75057458333054,0.10028674355846745,0.07510906571881604,0.7892378,4.7053194
0.3280527583096315,0.22794827596490036,0.452791244046472,0.6871172781518734,2.3667483,1.9863183
0.3524684382052626,0.6667923543606331,0.3009632844436463,0.5709070508221135,3.490329,2.6042807
0.5186105597660778,0.191554451947565,0.3449661502778903,0.048544565122798505,3.79106,4.0548162
0.05986497789628753,0.810840187119127,0.6533983480332863,0.5460106378551857,1.408606,0.6702031
0.5962404222468463,0.7425184343784007,0.5809586845786181,0.6972556289027866,3.3532615,3.1272118
0.11070136446686223,0.8370204333780376,-0.003920625983453283,0.15055088371604858,-0.98236066,0.14274825
0.22140320177414036,0.382882650623381,0.19460074644193737,0.6844861764798197,3.5976691,2.661478
0.4337194476126052,0.8206810466817139,0.7615174366107468,0.2105084546596799,2.1208436,3.016355
0.531473771583967,0.07953388615721907,0.3702535416228334,0.46701415597810825,-0.100865304,3.5840628
0.5036194935681116,0.2773977434951219,0.41568993905918844,0.7332692272400981,3.0339143,3.8221521
0.23486864314606914,0.1363026254421483,0.6575835676843454,0.016282148465643922,3.8107352,3.7584102
0.45637772255536785,0.10771595670588437,0.1861912449999355,0.2670615598949514,1.3491076,4.1340523
0.3502626144714828,0.8214737705896432,0.15159443593390862,0.549154257561685,2.34962,2.6446695
0.6085559339486597,0.2597170381834247,0.36394278123950885,0.08361331738405292,4.187569,3.8623667
-0.040097783913839544,0.716851993982367,0.28606477868947133,0.19416986903942143,1.8927375,1.7823077
0.2064852843797671,0.04488926196191918,0.00580058815955429,0.13435551258705333,0.44983354,0.8495086
0.42140682392382606,0.05414165438212517,0.5760137281663079,0.15718029324046912,1.6260608,3.5484288
0.101937737133188,0.7249208973904019,0.17255820731296548,0.5744057736467874,2.7365067,1.3801348
0.16080131574374645,0.1609135794311836,0.45083307230318437,0.6950294601683598,2.9183915,1.7491597
0.015218014450112685,0.5357705416656303,0.7369782270160317,0.682698533939483,2.3879404,1.3046445
0.6233906723694569,0.16578322472261015,0.4147764643141129,0.4969820137080889,2.3036325,3.7485595
0.15900210412642002,0.2425874798230073,0.527344861381038,0.04684291005497858,3.695599,3.0351436
0.133172044159295,0.283663012918814,0.7396055019200356,0.5086295825957761,2.5762827,1.8574026
0.390596805024389,0.43131716190677466,0.24914646136937255,0.011721028996086498,5.585055,4.9862647
0.36993301869066314,0.30444255514847424,0.11148064610890178,0.11612092434353176,2.4763794,3.8450935
0.055487977845828235,0.6914667018619823,0.26184366596031755,0.6172492005453091,2.7112896,1.2925403
0.2605004476289776,0.4182019759781131,0.23557096350062354,0.4401226736053744,3.914729,2.7307026
0.3604910173812453,0.841001133025865,0.7545730823348098,0.46111100587684556,2.1060433,2.3384774
0.34421540203299134,0.08308154691741022,0.20603928304663893,0.17842569858854587,1.7728249,3.3198853
0.48530019193405566,0.4574615100065958,0.45348922506791456,0.007856127177756599,4.9257946,3.5994213
0.23622682356730962,0.34506669647117955,0.7413496175782804,0.47520835822537827,2.5741708,2.0454693
0.5885920865661444,0.5269537143422655,0.014024696601206702,0.35702424657376497,1.3192765,5.3840775
-0.03594360005889857,0.8523714659865107,0.42682506150437044,0.2592933865431047,0.3942381,1.066507
0.29887805139871887,0.3996749043746545,0.5032291357313479,0.3551054919177589,2.6362176,1.8519874
0.19901629289565181,0.1768478600283897,0.05677980717457548,0.35831560813713687,1.5982162,2.0068703
0.16494434463171292,0.7943720303627424,0.7714731288720087,0.30784388328917356,1.8701684,0.5585546
0.5028952992990967,0.11820382435648312,0.6950292403722113,0.22737344385518954,0.92875636,3.410433
0.6121427871119539,0.3584164510514967,0.11883840592859193,0.03212003335528983,2.6151903,5.9302397
0.634935454801384,0.48513831578771305,0.5302853235147915,0.4069858390129206,3.6058195,3.7019207
0.6640875763054271,0.20422290566203144,0.6108001446021271,0.22658638588749455,3.2224946,3.65418
0.2305248143346883,0.32900507935396817,0.6132433548839394,0.3153558401157423,2.9508317,1.8703253
0.3675180805920052,0.7721839321127434,0.6723158260044796,0.6013242555979141,2.9812694,2.3831675
0.38668397421056366,0.46225084272039096,0.4989193510079393,0.2502311810276447,4.987835,3.4818184
0.6344599048017253,0.024814794010817095,0.4456070056063542,0.04028477798997039,1.7341564,3.9746115
0.39557259763610786,0.7348103746950729,0.08691764984638754,0.04967227503210439,0.79757226,4.419562
0.6301992096277514,0.2548124113330942,0.7242519853738018,0.4899202775455593,2.3233604,3.7321353
0.16796969642431892,0.4762190171930203,0.827124882724973,0.43096595550670774,2.6658013,1.0650346
0.11265048886421324,0.8068188573348062,0.05309070761437101,0.5365574207266127,0.5125044,1.2234832
0.28691942743427257,0.30408113011444005,0.5534955923967256,0.12482386663193143,4.0839524,2.6628232
0.4013508958136882,0.9075571857248593,0.4971027337057989,0.16647168633347592,2.4816403,2.603104
0.2700783236910136,0.022718654153982717,0.7288975002513338,0.6746076378781002,-0.5888164,0.886302
-0.013341249955460592,0.24192948557077368,0.04759181417720726,-0.002273992052486448,1.476529,3.6560743
0.2981054460296151,0.21495189507948884,0.45609491715372,0.12444027191235835,3.3428526,2.4910507
-0.00792070100804737,0.39409279474374037,0.713080637857652,0.12578316547535384,4.330254,1.7806509
0.04137969973912667,0.48955064958606903,0.3559310209808036,0.20544506985729474,4.2591887,2.4061131
0.39140709864103723,0.2338184501187056,0.20386208828565067,0.4641292287604462,2.3517087,3.7771957
0.5097487841963055,0.48154086497109044,0.5652220319625033,0.7002376117894973,3.661761,3.764197
0.31407722697738394,0.23482968869372717,0.5070660781312198,0.12109148885101548,3.3489928,2.4842057
0.1708181910433466,0.6063701856558633,0.4659359930465258,0.18877003553676333,3.7760491,2.0474768
-0.003248888597513995,0.17631712818969889,0.19360711203405376,0.051183512736555636,3.99038,3.334768
0.48754355805338917,0.5184460294063484,0.48947530741789275,0.07308329931395172,4.6400676,3.938426
0.022710938418620666,0.38742762216503485,0.8194223083026005,0.19626757008557494,3.3074899,1.1326216
0.5111134583020525,0.5728957681727448,0.5394382245000342,0.39190147012580706,3.5052078,3.4722168
0.05811581102763626,0.25002569860520274,0.4450752513432899,0.257215729290634,4.266224,1.7967441
0.45920383236638823,0.4905208861784238,0.1309643507469417,0.5205178004427541,3.7909884,4.6136646
0.5865244599757327,0.374538146806736,0.14695271750566627,0.5862917443283086,3.3711338,4.5349345
0.33427758584595335,0.6686607774780641,0.7204250025937764,0.4300188191764957,2.5270548,1.2679687
-0.015299371878336271,0.0028063956402426767,0.7625268935395934,0.47360114343585724,0.62123924,0.621016
0.5005696887164428,0.6262473135227395,0.5407872589169072,0.5625663891382222,3.5166466,3.133939
0.08527355009667208,0.5721524929841223,0.4817217556522395,0.47471817492496104,3.7334206,0.92346334
0.09609172820198818,0.4344672950783643,0.4723294443654038,0.4704876630601961,3.8544304,1.7463775
0.17268561594839033,0.05610021215674819,0.8254515858388254,0.1281383448593941,1.3440288,0.77925587
0.2946168118888594,0.20811487547619828,0.04714225300684209,0.39565821766868103,1.2906588,2.1309452
0.4424393920366015,0.046455512053979305,0.7984936874548637,0.4808811125910134,-0.6392253,3.47085
0.3687690417331329,0.8862044791766881,0.40628568858793807,0.2353913730155045,2.3407183,2.4877353
0.18543086969166966,0.7410023283865207,0.6379630328104267,0.02162897174941052,2.8048277,3.5174162
0.06881850435921157,0.40694067683256063,0.17301594936631204,0.41441265435606883,3.4058383,2.34775
0.329427375503631,0.09804616228233277,0.2984385101367869,0.4415602030598007,-0.093779355,0.9979281
0.5836531690800063,0.3075685960092937,0.09276509814080545,0.16760101644558864,2.2587411,4.786439
0.2774650806277795,0.41196299646338025,0.22485088041925735,0.2095943478728976,4.9530163,2.987192
0.5150729602963076,0.5531974455761786,0.05790157951610459,0.04367625493883569,1.7130827,6.391856
0.6150986654710977,0.12983113380025596,0.6455001585256736,0.14237905580503787,1.6099676,3.4211996
0.6099453188177015,0.49312587385814854,0.8002345716669356,0.6206667795080988,2.6021001,3.495187
0.257778788858167,0.12709327516738944,0.7020894446115558,0.6415547254446973,-0.7014592,0.88799816
0.17823435089493428,0.8317504240899308,0.2719129270841377,0.0680563319275501,1.9709088,2.527076
0.49431644059282925,0.7469124374342425,0.21857738558754342,0.41693661060356263,3.1666422,3.9699564
0.30850492639240107,0.8902803709732829,0.6877770229003722,0.2820065535553561,2.5234528,1.5533253
0.005679421572369996,0.8639357213029075,0.02564029910839938,0.7302885211513297,0.26247224,1.0305231
0.6431260664702158,0.0904635997339395,0.789707357708534,0.5195544159266375,-0.6392253,3.4765625
0.3291547627870761,0.6754280513390402,0.6218930172189389,0.5168067802282529,3.363726,1.3784235
0.42466665984659735,0.03002635770357642,0.0484152689951039,0.20397030105471048,0.81574976,4.6123796
0.3887667662117285,0.02015361809802446,0.46791130264993047,0.17528087273818818,1.7211603,2.877044
0.573579396066437,0.6631071658745864,0.47795887176461055,0.062078488467048165,3.541808,3.1915596
0.27570829128153035,0.1641613077282663,0.23711546951706133,0.5579836024704542,2.5249176,2.208415
0.651326678633336,0.649226079934233,0.7741693843277376,0.16466733531900743,2.5922513,2.952524
-0.025046643513312362,0.1323122472585873,0.08826799314173556,0.6278011980470999,1.15834,1.3865236
0.020770610968970635,0.3963907691834299,0.3976002871521429,0.406144706679759,3.2705586,1.3643357
0.6677873277038237,0.061419675305320595,0.028023081137639478,0.3794471619108225,-0.42198804,4.663813
0.2465644960652505,0.07573215170909688,0.1825261428498876,0.41161552309666555,0.2946428,0.8469884
0.4413330896661365,0.9030289630808824,0.16198844992958225,0.2371323144182363,2.1251597,3.4431078
0.653599132138926,0.5887026882198318,0.14126408270323398,0.5452030066551908,3.4991465,4.4000297
0.5168647459576801,0.18383523644858313,0.5073531295478062,0.648648878189786,2.0412543,3.7669954
0.15649094186822066,0.2118689631037534,0.17500424608178125,0.05702807231442904,3.2350345,3.6190429
0.5267849374445845,0.1417868175071936,0.43541685556610144,0.1202847212274855,3.9152792,3.6106133
0.2777243175486851,0.015399245987863798,0.0801352612172621,0.6880704162870249,0.75779057,1.1377039
0.1058158804567227,0.29551981485631945,0.07670475705265381,0.37997436069363594,1.7509484,2.104291
0.46256999491474565,0.5652080315740902,0.5283205870149574,0.4448307829141732,3.4474564,3.6487489
0.1648056946525362,0.26514535284591695,0.8061066361691904,0.013778021329053886,3.7027168,3.702098
0.08477339029933618,0.6398673663358906,0.6688826321008143,0.7055364471706922,2.846715,0.6571134
0.15313019700990266,0.7670863667629749,0.20565200478519513,0.28655238427228025,2.639295,1.5076555
0.18871962531673242,0.6675840083823367,0.616990452034424,0.7311950880327729,3.3835394,1.3643918
0.43005453117197684,0.19746647519647195,0.708659860904861,0.34923214471950814,1.1972011,3.4759164
0.6622347907300223,0.31275182304816473,0.3899194486203286,0.7373927908066823,3.0893188,3.8015566
0.2737656374357764,0.4028676554902848,0.3127091640208788,0.3949959632238406,3.2884855,2.0898294
0.15490732534752782,0.593075508541156,0.6905148897251233,0.6914347423652142,2.423433,0.8078554
0.03629609593338916,0.1865522268474773,0.303376681230056,0.3015860679256081,2.8208547,1.1641
0.23832537214560606,0.27284694548685484,0.3825726917347127,0.18328213552726663,4.043399,2.7455595
0.501223092741468,0.30061678624571087,0.7426609035427939,0.5500878094163916,2.3233604,3.7321353
0.030584866592701626,0.31951299090012836,0.41843208029109147,0.6993726988491585,3.2976272,1.6065782
0.3161136052653781,0.2743171271407717,0.5357164210936659,0.41615924988348013,2.6853468,1.9274127
0.3382815853335511,0.33706015150530916,0.3944279508960151,0.3507201193508886,2.5594037,1.9046209
0.5160833094917009,0.9066998584990167,0.2937082866463801,0.07132389726760377,1.7896603,3.0938866
0.6198939742253966,0.07869890057079106,0.3951260210143806,0.7104950437462555,0.15880443,3.603812
0.4505793048758096,0.26875894440673,0.7188242535796774,0.10581612390908757,4.3273964,3.577394
-0.01710422651399498,0.9126867778227072,0.6371916818713323,0.19492477987525103,0.19890703,1.2647593
0.5711691910283818,0.6717420470968443,0.5709495416032149,0.5925076003767481,3.5618534,3.243852
0.5070534698845943,0.7018814565472753,0.5313489094403616,0.22956139875452897,3.3973272,3.1815126
-0.018192212946280262,0.7288668724305473,0.12089477460255502,0.5847766382548283,1.6774563,1.1696105
0.10083634568079246,0.37242867435023747,0.21369375453512948,0.34531298839240954,3.2197554,2.1426904
0.17018437026072208,0.4785252880039478,0.29101808046744837,0.17934864257036762,4.6595564,2.9321554
0.4466772777415002,0.6606995217888633,0.3919055869089679,0.5434477029448168,3.4592412,3.18066
0.381112049292787,0.2068444979816622,0.373308699665001,0.2581819583019697,3.0418284,3.1925087
0.45333343978460056,0.3444719446154623,0.3813545978839849,0.5952077213695822,3.0198662,3.7968776
-0.032239023040696854,0.2804683967314844,0.8174204401924654,0.09898494956778595,3.4731243,1.1170831
0.2847509286503899,0.024500679384659847,0.5847145693312445,0.5317190783246744,-0.6130703,1.0248811
0.1944115674633452,0.8913746332029631,0.19991414581962114,0.15438020292791305,2.1500387,2.0247307
0.33552240110680964,0.8632059482054292,0.07214980713689026,0.15311225188425534,0.42689693,2.0362642
-0.0014415540563275583,0.5681075213827718,0.5222342174554613,0.37523063869427503,2.4380467,0.8192394
0.07957973065146222,0.050301597437951755,0.26283327903404646,0.5550365277811289,0.5572825,1.1415262
0.5795155209759598,0.6085254553231678,0.24035036686731792,0.6057635394872076,3.5237112,4.5086393
0.3096695684386897,0.589164409169912,0.4901037838175779,0.0916792433790935,3.8085287,2.166685
0.5327678486842423,0.5168534078285583,0.36883291205528984,0.6521548676842471,3.6629941,3.770984
0.34871240362028344,0.2004632568045276,0.5981610999178716,0.14460625617324213,3.8268535,3.3219852
0.005223468597610914,0.43837486168213985,0.7422213213829354,0.18980840160075155,4.398708,2.0067966
0.2168766129877162,0.40589423431420163,0.7404992136022369,0.7113652823509522,2.6796157,2.0610712
0.016928451537443753,0.00864860709028378,0.6302572114492913,0.7398714890006601,0.15435398,0.55345756
0.024153755820656694,0.38613282953624156,0.7634311560282894,0.5380657824787143,1.8966839,1.0997428
0.43237589334191384,0.29600255544354964,0.5559547088422684,0.7070246042838509,2.859521,3.8187532
0.19984949612288055,0.739234939700842,0.5210323403531937,0.6216327468969397,3.4475884,1.5919827
0.5307973499793127,0.6223892474302138,0.16259205988044026,0.6404811227380339,3.3973563,3.7831545
0.4105997153975327,0.720679580416701,0.3466302537452608,0.13883886732542908,2.893348,2.8435888
0.016380390299157804,0.1778112750681086,0.5865421730230577,0.7065680864053806,2.6594095,1.3709124
0.3055554485107379,0.39275153192777834,0.3652871200110647,0.3989128747904137,3.1515157,2.0921736
0.4703979689314592,0.6104516093683696,0.8251219875463554,0.5155506599151092,1.4404631,3.298027
0.15236778110777088,0.6847562614792281,0.7521325038645993,0.33410281378162004,2.0828593,0.49633768
0.451803598149997,0.29290031203986866,0.24007107707184794,0.5682800203887729,3.1545198,4.423646
0.21255037709753927,0.27569428539280694,0.45046224123661627,0.1582313898093365,4.207801,2.7228818
0.42641098325025234,0.7976227574766115,0.2944363979118288,0.39166342383924,2.7251391,3.0118058
0.10792480146550514,0.3912496998030237,0.41277837758687314,-0.0019287599810511686,3.9356122,4.266971
0.302775433309643,0.3625640485992433,0.7075415872355346,0.6128096130805969,2.5009224,2.1488347
0.4478722389570167,0.5374981828260337,0.44896816725213545,0.14358610025208696,4.803518,3.7629933
0.6664139988366431,0.4654777017179407,0.06558777860128051,0.003839232520062033,2.1905315,6.2502265
0.2402857294487919,0.6197635826063348,0.12720809468599006,0.5778376898825982,2.2723024,1.7849861
0.02858558758566604,0.8942624217730223,-0.0016823598988793941,0.33078671951025984,-0.88380784,-0.5819444
0.6262560255360987,0.30952052395646723,-0.0046795362925053366,0.361896916148967,1.1333885,5.005148
0.22768671052938422,0.7231252568157808,0.13939417376451615,0.5116960196518411,3.0098605,1.8165526
0.11411715895432555,0.5703226009905492,0.21653230490040049,0.6241648028093034,3.4196606,1.5736102
0.5909190622631577,0.02787136504378868,0.5834150987228176,0.6370123475204952,-0.5982944,3.653836
0.11805390271992981,0.11956189331791361,0.07000207202800415,0.038389621452677644,1.1444124,2.918296
0.1795770840916373,0.2714131863112055,0.20104513075079333,0.07611238905147802,4.5127096,3.38582
0.5487160905162637,0.781213820499909,0.36626875000885406,0.5903649962069316,3.123215,3.0158436
-0.0005723360951170389,0.39044179307190674,0.18727211617356546,0.4244993978363429,3.2349145,2.0961847
0.25622376844235245,0.37550873881389873,0.6356890345050751,0.6330370520096191,2.503056,2.2061865
0.027994947493513292,0.8701739772021312,0.025850560268125333,0.19347806146025653,0.14736387,1.7485356
0.24491526722273255,0.5244559111526995,0.7388577499132515,0.4652299752996859,3.095557,1.9727205
0.4972425671972844,0.4395707578065649,0.059702746754906215,0.5843888125092174,1.9878845,5.1775866
0.5365127405149364,0.3984897035262747,0.5110430268195039,0.493389468592612,2.9373562,3.8950307
0.6248441878351828,0.8854621786018243,0.16563030281877303,0.6593838657053234,2.2711413,3.441523
0.2568892748450246,0.5119409856094541,0.2582731477759936,0.5728567359232557,3.923742,2.8193774
0.48161313532953626,0.5625420939992907,0.2240776259723218,0.2922668273736208,3.9906232,4.9736323
0.03391050050853965,0.5800799161874616,0.04990408614948661,0.07711236050898812,1.5448836,3.1654992
0.6423880080490219,0.18146024674902772,0.3239409787160956,0.30099669610919305,2.2429733,3.516423
0.2682907646041761,0.7235933557335235,0.1741503279406743,0.638076754409529,2.8980732,1.8427184
0.6484286545478469,0.5317585769101127,0.020070852261640425,0.5526861125210051,1.294243,5.600519
0.1045983647365752,0.05950866351973051,0.338685791314578,0.09553054809145525,1.7085696,1.4709654
0.6392389073660873,0.8297087951938029,0.7555920113643665,0.5348061305612137,2.135256,2.9447494
0.0392966700238927,0.17419034010336307,0.008746706312749,0.3886011916760767,1.0230286,1.1287035
0.5441266320707849,0.4461315396391599,0.1261073386371693,0.6821043465140414,2.802975,5.260294
0.1455319062664041,0.46191831525888666,0.14900747299452963,0.5325597604972504,3.7832901,2.7445638
0.14417130371011805,0.5669600239093082,0.508157906906621,0.6089406096217058,3.479742,1.3456055
0.15153788212022073,0.05063569941516924,0.10432070175190072,0.2330706434287073,1.1313465,1.432949
0.09165641155355646,0.48685486296429326,0.5402775016517517,0.3602775896067412,3.5754566,1.5261633
0.043157063814792535,0.555712461843017,0.6671983124172846,0.44239969819181274,3.0643237,1.3963624
0.07894860319881535,0.6501417670131322,0.12555239195056137,0.5956863010458013,2.17857,1.3115791
0.385096743578218,0.9173091608234483,0.31507863109686807,0.26380214871997165,2.3278477,2.4905558
0.4391345073008627,0.5595307078020979,0.41767987934922635,0.362278509498087,3.5913477,3.717126
0.5557299918172531,0.1730235803489514,0.5802033196195652,0.24260357473521835,3.3081224,3.7129495
0.5746758998469448,0.9009403067033447,0.46388562758824026,0.017139262228222134,1.91875,3.0504658
0.04035582490637192,0.506259626888283,0.6996016235248218,0.14144171932063132,3.9873898,1.873897
0.6385809248806907,0.7620032010486694,0.23415382819483627,0.28991677625737006,3.1489782,3.6639087
0.3143005951738966,0.7591792514338921,0.2184556276283968,0.6478300902408944,3.1832948,1.802999
0.48236027593690983,0.2512161127863431,0.7753873431479662,0.23622783709141987,3.116162,3.4962947
0.5919551647297596,0.14020975788179346,0.573937657996523,0.18265054266233754,3.84569,3.7576642
0.48060123331991006,0.8748677164013413,0.5730960193472543,0.07046605943729065,2.2958786,3.1666248
0.08918490062169003,0.8147382740162514,0.4606011977852293,0.22039556987218495,1.6432908,1.3712021
0.5493046175583854,0.3386325817881623,0.5166661851794088,0.4475753018783377,2.812422,3.8021004
0.0906389311653603,0.09272874584851275,0.5551534704710708,0.08855605575170733,1.6684098,1.3252542
0.45866474311183086,0.41159937849709033,0.5593628924684722,0.5835129339970859,3.5430238,3.9500248
0.6482718235126658,0.7191439294891689,0.6912817533735199,0.692426076413813,2.4104605,3.085427
0.41017965521307004,0.3154938656335538,0.08148323365261798,0.3637138171058758,1.8434483,3.9575222
0.4717927676961661,0.8893968771200235,0.23112723699673993,0.21177945360650488,2.2636824,3.7561116
0.5526407258210226,0.08495773763472664,0.6482367320567405,0.12238639082310085,1.6099676,3.4211996
0.0724477879458107,0.8224903997138167,0.4601166922812108,0.4988132775824692,1.797035,0.87122065
0.4607059208319429,0.5577427466623724,0.3272841537319366,0.5049075873699158,3.6657908,3.7768211
0.11576172930540805,0.8247525338685696,0.20177755114950058,0.46223802235736144,2.0958176,1.2991678
0.22578182303155786,0.22684701121442852,0.7720832201660611,0.1981707843670266,2.612658,1.7170366
0.6628719232767418,0.8883482303667745,0.06086974854274176,0.5827420783785677,0.73128307,4.26829
0.3760568203066627,0.04324790398904443,0.7671103041286775,0.3248478901853428,-0.3165387,2.4317534
0.010485409228456977,0.8342457395209115,0.4320362084043636,0.28518546536843553,0.81728655,0.85432726
0.011826798947539532,0.736730963933821,0.022418426549846743,0.6996614473087713,0.45923623,1.049887
0.07183977222524858,0.32725649934183293,0.6125707764238881,0.40360743806618965,3.2099059,1.4864144
0.0247854967527337,0.07262846219149428,0.062281737649244835,0.6434415298681958,0.78846407,1.0985203
0.03295815874162342,0.7054121919988265,0.7593092915334759,0.6004966020553346,1.4186074,0.22560005
0.3321424856033816,0.039799787533632495,0.7330102589149943,0.448454677538962,-0.66983575,0.88799816
0.2971140256248467,0.202181299893269,0.14031859051623058,0.05386988635320042,3.3141382,3.4679568
0.01283522851354095,0.06597300608562318,0.7993742631239844,0.4963364097621411,-0.07348911,0.26039463
0.12859810126049948,0.7687356694416477,0.0644131374797385,0.021751590602445817,-0.057561852,2.4799387
0.46833483959985983,0.7696698036808348,0.22603885179721694,0.2226964192127307,2.9535878,3.7595017
0.6619001448156221,0.23180417227201444,0.14446793435756014,0.618096085988136,2.3437636,4.2377815
0.3869695314634085,0.5917687905966775,0.7846163068469983,0.6853016900084473,1.3901118,2.5634818
0.25838511148231424,0.7652113482857676,0.6725013882796865,0.056147153859177054,2.7484381,2.3193226
0.20921819869930736,0.12400327220272744,0.287424820058971,0.48336513049254753,0.29007912,1.0045953
-0.010949605504336497,0.5833916637659097,0.5017697420265084,0.08895310511997598,2.4924474,1.484112
0.0024531933137329487,0.016251395029806714,0.006748699245891031,0.7180281204525388,0.10941261,0.23023583
0.5341640881485813,0.7587131009204267,0.6806212992449772,0.08208145485059304,2.9343526,3.2576656
0.18149280616123398,0.7644467008028762,0.6693184027744439,0.6091611027219084,3.0945075,1.3252635
0.36244628926963485,0.12242089242097652,0.7564968092056148,0.36945752591556674,-1.0966594,2.4495354
0.3065549672911148,0.3844933311377644,0.09671478561579966,0.08990642672297558,2.168198,2.950225
-0.0054225320359829465,0.5490638805477519,0.10337124271173626,0.6578381348637675,2.5912442,2.3129501
0.021343330353031445,0.5960456188387744,0.0903017317231767,0.22549140215158592,1.9991642,2.0451248
0.0933521853532271,0.3000232652027297,0.648899977806638,0.32981019163106795,2.7598343,1.3080581
0.21742584276202703,0.14552122531980768,0.5602364720737819,0.12007032324131235,4.0549574,2.4975429
0.3058960147263125,0.12908096754881027,0.3104637631676601,0.19272792504578265,1.284713,1.5596741
0.28187035339203487,0.8651601646068416,0.46821667226185176,0.12622371176931246,2.2448413,1.8816547
0.3694465855853834,0.16892192029710523,0.7768282933286762,0.6264164231560496,1.4270024,3.161761
0.6596427696553168,0.6865588384082684,0.7503928784816906,0.6628017720421776,2.1242778,3.0646417
0.12461872858280519,0.5514133741979231,0.430609181470407,0.20779578647416744,4.5383587,2.6823163
0.5120708557719769,0.06325058281253881,0.5012337103457886,0.2496923868093381,1.1690246,3.4451776
0.48973263523902794,0.6818782713380628,0.06689828591261604,0.1432715492981693,1.5171245,4.6569896
0.5976779076313811,0.7320382641133832,0.09136594217437519,0.03456549960609526,0.9888691,5.389154
0.16705195894492797,0.42358420487597415,0.03372041965028359,0.5927149311736581,1.3382728,2.7342145
0.1172407309320136,0.6637274189645948,0.3329403970216784,0.45180129635501604,3.4916425,1.071784
0.18698466066316327,0.6024419409899949,0.6741938042349419,0.5767196881828426,3.2399154,1.2540985
0.41564402032885955,0.17912187669024526,0.3872866186549978,0.1460027086588214,3.779243,3.492724
0.34885783173009804,0.04706830227671108,0.16094884758727288,0.08590486923365771,1.6688627,3.6022635
0.4895714035964133,0.05541439428884566,0.6713727327732063,0.5019276329213728,-0.67474794,3.594882
0.5856887171481259,0.13561889353168083,0.40793136977783195,0.2151743487149401,2.258635,3.6531887
0.6274803010806658,0.19596785911584033,0.7048178115845092,0.22866753560754807,2.99096,3.525602
0.4353016984962574,0.534305557808294,0.26215352767584754,0.09696150957035866,5.312369,4.99758
0.43600508507972197,0.8482555127738327,0.48879028815741954,0.019487049388222925,2.2462485,3.1518211
0.517945528007129,0.13903992691538733,0.5326243227374344,0.37363526474417663,1.5164261,3.5281055
0.5675630708440657,0.4549134656051937,0.15369553924908427,0.2630745411279939,4.8691397,4.911481
0.09098014241491824,0.6202362026769827,0.49493906524071324,0.6310914549654396,3.7415385,0.89923286
-0.04520370229001096,0.7781450853970163,0.35392660696497447,0.3411302497497487,1.1958902,0.8492021
0.2806350103005073,0.9165955979959287,0.4250886709632294,0.6587025486596989,2.5496724,1.5091136
0.4980080608934911,0.5482875362689978,0.780131643647221,0.6860000012076553,2.458697,3.6009505
0.4036787475650006,0.9037608760497887,0.5852522649574123,0.6295309152726262,2.8263505,2.411584
0.04664357845688197,0.3504984186439705,0.6785068208202378,0.017707361043806956,4.0828176,3.2833364
0.07079477303115647,0.7899316131828164,0.7801067278980915,0.014925246959285113,0.20062883,2.1115298
-0.022769747550611077,0.34004726880968555,0.15287078241748558,0.48835074735590606,2.9451458,2.292037
0.4566403588397057,0.7805619954675231,0.1593368144898795,0.7251713992249171,2.8184862,3.4210887
-0.001958578652055877,0.4548006815153822,0.6750008251550326,0.31013106379069305,2.7131686,1.2447225
0.1369656509804123,0.11106340348564016,0.176835714275311,0.2987795997388548,0.5516288,0.79259515
0.233776363814103,0.8581331522042112,0.7540100449344407,0.0717221000976888,2.013711,1.891438
0.018343592074301487,0.5228605437946751,0.746935635329008,0.6384256815504099,2.3695726,0.9003353
0.4660240116837266,0.7002635667787105,0.16476202217873692,0.3429001452972745,2.857701,3.8094566
0.20651503800596416,0.29202021250245536,0.67615286789327,0.14905393682055687,4.248407,2.4616244
0.02635398801690475,0.10402248642230098,0.016422688157968542,0.2242395542653103,0.047214933,0.5374437
0.015533211312166756,0.577222354792561,0.7574895658848927,0.40584091745479733,1.5150023,0.11087985
0.3737308221796948,0.09404044447339861,0.3350576666570978,0.5163849102452936,-0.12225638,2.6942217
-0.013735922250010926,0.21022228843330945,0.4359495279838124,0.31213266045314647,2.65208,1.1838516
0.06288759899891572,0.7440820622723712,0.623490218813604,0.6493850130359715,2.3379328,0.61273164
0.11514786056752734,0.5988699974750565,0.0951754167730093,0.736493960277041,2.075984,1.4392171
0.01801358856295343,0.7542670684372337,0.22930312721316293,0.5800602074938273,2.1170294,1.0901213
0.08170204932046539,0.04577181617244929,0.07869480989795184,0.7324284496134005,1.0179812,1.122387
0.00450825437209839,0.9108806825327338,0.09838725125738187,0.7286639637546835,0.29491812,1.024551
0.49890518584616544,0.8611290084135458,0.15619424144299746,0.011062786178451318,1.6235064,3.8937762
0.34278699876006047,0.44249313897084,0.06786788612362275,0.5538741024021584,2.1052032,4.311477
0.5902988799594451,0.43350592079101036,0.22752526938646217,0.5373317366982671,3.9151466,5.0948987
0.2923347716835739,0.49931515349196387,0.24576189526997513,0.2305457428134561,4.854445,3.2652347
0.5985644951344355,0.6806797054185213,0.14760620792092374,0.7298743108260274,3.2408307,3.82594
0.19125386649928894,0.6247499140127301,0.3373486549686038,0.5068366787635489,3.6076555,1.5424131
0.5145650112639247,0.3423737549094043,0.5716483445410635,0.39298147776393727,2.922992,3.6932015
0.04987509660086473,0.4631581628987753,0.31751790866353385,0.08219178822043813,4.908862,2.8822803
0.1268009624732987,0.43686153015212,0.7157547294355489,0.13244409716109298,5.2588196,2.5078828
0.24135389932973406,0.17243154586393247,0.7842770254448778,0.6968210797966573,1.6530548,1.3467264
0.20394083139164687,0.6775961421665163,0.8219980190780745,0.3209674288838768,1.6163224,0.7365833
0.41889674778178315,0.031432177926582636,0.7875912315885886,0.1314219338032718,1.4343525,3.0972593
0.12168699097416293,0.8662304905062171,0.03709825464597485,0.02793284238245181,-0.3044815,2.5316527
0.3193293282811612,0.09684206273493283,0.785919688331938,0.00504047997835665,1.7604703,3.2423499
0.6367786274380814,0.8431797504830536,0.18907179045106126,0.6927965645235166,2.6661246,3.6232727
0.6225991921755479,0.2194787754681251,0.0024155739668452704,0.7036464132651311,1.0699346,5.204399
0.1364245642859485,0.23791694224568916,0.06635799374433288,0.6109234532399528,1.4948866,2.3719742
0.356595545568952,0.6751292227313697,0.5939258472449227,0.5563379730181052,3.54451,2.6126382
0.47681995498936575,0.12430070961458772,0.44021544113835326,0.26748969434519504,1.1311857,3.4393826
0.11313904078371025,0.19905663415829403,0.8260969775964597,0.05038083274763856,3.269661,1.7881148
0.07303567612198711,0.07365133717782009,0.6656284944347524,0.6342704719142201,-0.20580666,0.6986461
0.08965930744757021,0.6792928218316041,0.6926448403267096,0.5025559513932318,2.3811376,0.70688677
0.5683781591021114,0.2864675359636356,0.25323437939516186,0.0576009144199303,4.851292,5.654697
0.38183850696910754,0.4327676201850253,0.588521651251577,0.6161108768229606,3.5215836,3.303516
0.5339006226768813,0.6618645736502088,0.17763044837329858,0.5610781951279968,3.3215175,3.8559802
0.08720125466772065,0.36466086123923896,0.6242569169506739,0.6944855652653503,3.1821105,1.7473258
0.4250920896512351,0.7989333742209631,0.2822588396286005,0.27935324700604264,2.430594,3.0390272
0.4638705019497849,0.8042544423333355,0.04592820316206376,0.24690433995425795,0.6241139,4.672105
0.04779980726822279,0.5980963761373372,0.5332584927732884,0.026314655729047228,2.9653728,3.8755302
0.14704900100936663,0.08048595013609301,0.24654792104532133,0.223196786793415,1.4518037,1.5855882
0.006835498521269398,0.6699779871848818,0.57901320194385,0.4458174083595593,2.560003,0.7314181
0.5869665397491065,0.08820565781404052,0.20890354855191162,0.405132139628461,0.19788787,4.142346
0.4310878457868702,0.29796253313567295,0.6189607708337485,0.4044720660913766,2.7371697,3.6218283
0.3727926939898065,0.0483579298003092,0.07461046638816171,0.21426934857689925,0.89987326,3.1298401
0.3211296049369046,0.595090043669507,0.6361422686174534,0.5662744075327493,3.1212187,1.2302493
0.39807621021458656,0.8981037623751935,0.40396269187525524,0.1192740166422623,2.0105827,2.4760745
0.3176348360311022,0.10268768528601524,0.6029449006806633,0.6831981901399566,-0.33750075,0.85490805
0.5079854074702256,0.6186023347905797,0.6144708737972023,0.025366814455114992,3.3393488,3.2912176
0.40120275983810805,0.32133230308560673,0.5639355131514567,0.6276832041302012,2.855084,3.362046
-0.028976798765428895,0.4828363342112056,0.44679794788219046,0.5218917319565165,3.242423,1.3939278
0.3841411363660418,0.07667748048966343,0.07985522929280098,0.5060697393059169,0.57511044,3.1710527
0.4539516582142476,0.5597048659063801,0.2327725731634282,0.1037410388751838,4.873046,5.05637
0.6574096343487675,0.47953926378483375,0.768332561198731,0.4693716287753038,2.5087047,3.6396735
0.3274643429319557,0.509290768570418,0.5099841710560968,0.2928645217421064,3.691419,2.0585525
0.3436091771278864,0.8625584421636453,0.7942518807661496,0.731737338835462,1.2641876,2.1946867
0.23577293711479325,0.08444982087529762,0.5223901824497521,0.6528318136865151,-0.3158563,0.9296715
0.6550816935598036,0.6130087011003319,0.7530309565006603,0.4183832884889544,2.3414025,3.2573936
0.5645106315315096,0.7405080504859272,0.2969769557809251,0.21600386566763727,3.0403483,3.2267618
0.290240785557071,0.8810774463153754,0.6831609366503941,0.006289289839886447,1.6734483,2.7504666
0.250646554617741,0.855382168296279,-0.0019341546452700535,0.4276777711029411,-0.6710949,0.054919943
0.408387862832175,0.059987051657498174,0.1784131632378035,0.5788459516918378,0.2630202,3.1462507
-0.03554071532863144,0.27832685792912265,0.7180843736951977,0.7203396225445242,2.3646424,1.4721704
0.09403965916112035,0.870007597323368,0.4254832165427487,0.03682258927683375,0.9744959,1.7101666
0.16251409354204932,0.5638473053387113,0.1793208917087328,0.3741517613609349,3.6946423,2.4272203
0.47897191890834395,0.7579501792808666,0.6259059895625623,0.5353960094090604,3.1117048,3.0067391
0.03429285483719033,0.7023273194281575,0.4373864472404393,0.6152691262200816,2.7036316,0.80053633
0.23266602292748811,0.4405777344530195,0.039494054817871986,0.47870781516796657,1.7965746,2.8579109
0.5899338886682187,0.7524874184800878,0.5520942342057498,0.594447860825152,3.3034651,3.1048703
0.5406893633786659,0.6323003681640444,0.451508514348463,0.5176621165471723,3.510938,3.1036491
0.26572004050991854,0.6882000644391133,0.3245716539735638,0.4385919546475575,3.1885364,1.5408373
0.10258163349456077,0.892531763953609,0.7910916302675701,0.04775242939613146,-0.017129883,1.1399381
0.5323157990555905,0.853474106786966,0.8035188191632893,0.6224037537135548,1.4578817,2.821393
0.08057139128778283,0.2089620727698957,0.8107155613894039,0.5427061293984067,1.795687,1.0764049
0.34487415260578047,0.058069320066078706,0.6663790119060709,0.4007499740702666,-0.66213614,2.5029113
0.20259995975349437,0.305675467781362,0.6062243139957124,0.6795414045239937,3.1676354,2.102693
0.24805391939547572,0.6551692330674233,0.458803267293344,0.6764010271201075,3.6370933,1.5063792
0.6218754700246134,0.04060824831217441,0.4913466590382381,0.724741367100421,0.17215107,3.615132
0.28226020969300797,0.753403554295086,0.044524028083743415,0.4560998889645088,0.3635503,1.803644
0.36690066461927023,0.8477569017442851,0.4866760393066547,0.6962575362884106,3.0109465,2.418905
0.6156431008670381,0.5621946183838493,0.5197881826692676,0.07459234848338873,4.3655686,3.8511682
0.19718020071850956,0.3778877467938689,0.10584703385961963,0.05186601883122023,2.5452945,3.758608
0.5129099368243725,0.005433597432140301,0.27100773242410586,0.5966684841632027,0.10633241,3.8882673
0.12978740713761222,0.7070695033216549,0.42311890275094305,0.30443506586545976,3.349707,1.1599711
0.5354769426170349,0.31989570441628273,0.37222986965366056,0.2614913710902707,4.0729704,3.6331177
-0.008330535678338129,0.8187468539960469,0.6640607369303321,0.36059347917628126,0.32719797,0.508408
0.28546488819923027,0.7800683662152142,0.34024087875516995,0.037445484753372144,2.3617876,2.312018
0.45294477070537126,0.6923037542619352,0.3566895770203948,0.7167167893542249,3.0578368,3.118345
0.5999492838474317,0.6901767501663612,0.5995031851494231,0.6136829428065058,3.2262402,3.1286342
0.42353114994526087,0.19773236398061733,0.39978574397224925,0.657356802436031,2.3608356,3.7733943
0.17875798097732648,0.16736287505132008,0.6409431590196114,0.741440663346494,1.9419467,1.8505203
0.6025953101832893,0.47433552391442785,0.09772239465003459,0.158655981813334,2.7675903,5.706646
0.5517452872103263,0.7325050280165004,0.6012296624071537,0.6232876974367559,3.2593567,3.1640587
0.2114050413220917,0.25767594028504853,0.04233668695427698,0.13060968875245219,1.2220019,2.76694
0.6401143624839261,0.15877604306524185,0.3441366010644567,0.10517288206337749,3.8833745,3.590018
0.4056961358941745,0.35802586733730624,0.3778719034078774,0.3581697069185056,2.8956938,3.2681406
0.1405438652693463,0.5495064716537519,0.322528124468953,0.6664101301918691,3.7691607,2.088551
0.20820347941601625,0.673624114369427,0.7699616954324164,0.2962481669672728,2.5671642,0.9366584
0.429591261053961,0.39754244493198004,0.26418845625552606,0.6679793062946168,3.4687371,4.9132104
0.28015071603289327,0.7783807529484663,0.7747788142960146,0.5330270066785613,2.2321212,0.9250676
0.2550779573692231,0.756309559238641,0.7295818552021153,0.5120877320281484,2.5681298,1.3000418
0.4556272629447184,0.4355517615501074,0.25110343705795235,0.530413859895142,3.9116042,5.0730915
0.4232614811933477,0.32354563108330225,0.4294414287676488,0.25984412475911944,4.099866,3.6447394
-0.022433091539071068,0.9019526275232362,0.22097924896614213,0.2398052224800685,0.55404836,1.6349854
0.3744041994780425,0.13339737587051145,0.7647586395025265,0.5002554730034577,0.76754856,2.9962509
0.41406881932516115,0.08617568854691073,0.35204260489151523,0.44891510388122263,-0.094324216,2.8595145
0.5592010563318539,0.023528925301707235,0.6308821829975455,0.6322621013537686,-0.67474794,3.5774355
0.4440568762581527,0.8760975599116334,0.2728920225859519,0.035569755650802226,1.8994747,3.3947575
0.46558293085534636,0.541423191452667,0.3415772620155416,0.676262232733782,3.7998672,3.7505496
0.32315212974458285,0.6152021771708985,0.0036219752550154293,0.7196439821651137,0.86372346,0.73004186
0.17736503648694918,0.4472698557269965,0.4053676607425607,0.14951255338372682,5.0043697,3.0365405
-0.026652059093653785,0.513899395558979,0.5906646447256729,0.7260434232752146,3.1078079,1.4757024
0.490476502924819,0.7285026414024595,0.34305652598041864,0.514552738063385,3.1171563,3.179999
0.3216924935491045,0.6833260857219284,0.5676330513973594,0.029674154683275143,3.32045,3.7143352
0.13183001425925817,0.8028220652020057,0.2814405992754635,0.2518627641748497,1.9086252,1.806233
0.18235966300601414,0.5526909447513043,0.19035856667224998,0.12276212934646633,4.696136,3.2353761
0.2130113709899239,0.368395865722795,0.7813715144097774,0.4498778877785167,2.3271267,1.5891072
0.3568207694617746,0.37072493164014114,0.37641988090692907,0.6046321143021864,3.1333642,3.4071703
0.37800090456427904,0.760745265633334,0.2539880950134936,0.0013782795236315214,1.6365794,3.2779047
0.40905286903021204,0.6113213540321051,0.4808340481106934,0.25251459121333353,4.084767,3.2003143
0.33276682652459616,0.804990570618841,0.6425836673170686,0.2045837237354313,2.5495203,1.8865778
0.3471383268650157,0.10954270839733914,0.28947796106652984,0.06874386376903995,1.6515201,3.3220844
0.4330669062921133,0.17123621385634533,0.038585844542686536,0.5228498368582679,1.4810914,5.0280538
0.3793341794123663,0.7840581882429777,0.08493274627519261,0.21927211864733936,1.0266432,3.3044024
0.23951840086016135,0.8380795792588152,0.32126353388628265,0.4584313857506654,2.6732328,1.5751047
0.13557859246635234,0.7473933462055868,0.054551868644464346,0.4529331812145078,0.6962349,1.3966529
0.20006701024775186,0.06232359465198623,0.6394279566004398,0.7237296097673412,-0.2858831,0.902254
0.3013789121528547,0.640818688368216,0.6203040075974565,0.42497806749759626,3.4062376,1.2921299
0.2955529030095744,0.3613487084440323,0.41668498975059826,0.3881373930507045,2.9613316,2.0062656
0.10859947954851105,0.8061280282010697,0.10174292667726184,0.24506593405668334,0.58160144,1.4468039
0.09283867981379475,0.6277734019359243,0.5453521851199216,0.02299195708111147,2.9570873,3.5147777
0.6606785653730048,0.4941968140928298,0.31409882771754977,0.4330382169408718,3.7456028,3.749124
0.6256973363264315,0.47556261233500957,0.16775119885176287,0.16872741971357735,4.8899493,4.7349224
-0.04190857351797387,0.419094358939108,0.8234235246592956,0.14059375472057084,3.8843193,1.4018757
0.1308545489161959,0.6421595049246825,0.21038763772917646,0.5534887285019144,3.4380796,1.5084664
0.22994272142053557,0.4377109962982266,0.3905151246588098,0.40166924948087973,3.9040725,2.158287
0.4577124651669479,0.4098589572352238,0.24315052989175634,0.3065329178362214,3.941214,4.8870187
0.32641513998241745,0.14785764932803439,0.37372702098678695,0.3809277949338542,1.8365701,1.6960369
0.46927562506278525,0.34754653140406044,0.7314978038395104,0.6300921416837629,2.4129984,3.7321353
0.5716095684840847,0.46735891811188973,0.3114851274475901,0.3379790541356127,3.3825984,3.8102021
0.33498899598673787,0.057790944363285315,0.6434179609333531,0.01461014182481788,1.8949162,3.332105
0.4416643183407565,0.10323422164573424,0.26984891447963993,-0.0006548881846304071,1.4937629,4.364749
0.657837506808446,0.23634622813065506,0.1830297203567746,0.25104610215516,3.163846,4.127117
0.48491035169558455,0.6541472798935997,0.5189574688744213,0.5939351361872995,3.5362973,3.2189777
0.20319584323602785,0.6364753800117543,0.29256900398478813,0.5036490750618151,3.5439599,1.5424131
0.29319303666264884,0.8164416169305452,0.49780031071923087,0.02025061732339394,2.1610157,2.9159498
0.07568560126209224,0.19090472373782322,0.7212299995875283,0.19961337988894823,3.134585,1.5547402
0.18635466214647184,0.18863164060562435,0.7981372062127247,0.19912538290233744,2.8666914,1.4163218
0.17653493501219547,0.22068842602335648,0.7587504461390763,0.2732900099668552,2.3163238,1.5004859
0.07494299078028416,0.9158055715422846,0.265212029194239,0.6460794534846253,1.9153523,1.2242094
0.24418411103937399,0.7271637428218692,0.7276325971930411,0.4913078580028504,2.442039,1.2858869
0.43201689517394465,0.5409465773766331,0.4367658271237464,0.6039516455292098,3.7359626,3.7976365
0.5468042164314985,0.8821730807157039,0.6403166750485519,0.3089438010967575,2.5260742,3.0054321
0.3787046528232203,0.715616378938344,0.7493077475500332,0.1684416258465865,2.7417147,2.657123
0.32278723226248335,0.5860448741920371,0.4699922593281751,0.4680322827334332,3.6799126,1.5655918
0.3587697579235924,0.10899560236324854,0.3632323205513808,0.16499049458337822,1.6773558,2.8445942
0.19142872058739158,0.013269016486407804,0.027253824402881165,0.3395167632582068,-0.39663967,0.8139392
0.565900960399018,0.8012186645917257,0.6842219932392991,0.03152265126878008,2.1585965,3.27701
0.2493037194357134,0.7197441978459306,0.8043251835285379,0.29700314435709857,1.5249544,0.74199957
0.17369846421909918,0.0109449860050139,0.6542823663351937,0.2324161442479938,0.90184104,1.1882534
0.4781972608684249,0.005666931172582834,0.7377146983614178,0.37263684449835255,-1.0362352,3.3412952
0.6436249518528133,0.6781363237002185,0.3986552295965635,0.37118681420000077,3.5439959,3.1643257
0.5763684978061522,0.2387571878430677,0.19872689887679484,0.5760453313740048,2.3393924,4.5312405
0.38979074127347885,0.4611936705984495,0.44167089482043226,0.45517868592157684,3.760699,3.3117123
0.38775449868693196,0.725251539487083,0.7766383284140802,0.3444301415930704,2.1651607,2.5177193
0.5229899797507811,0.35937069906284047,0.7335563988541037,0.1179944230698912,4.5696287,3.6660006
0.6469686047006197,0.7959414278091551,0.7820607029194634,0.7016659720535264,1.4140611,2.8683586
0.047450315938996665,0.5159876137256676,0.46136088476997283,0.4177969047924103,3.8515124,1.5191171
0.4480072363264736,0.7853594289205896,0.7135554694825436,0.6231771155677654,2.4257739,2.9447494
0.5298506939875229,0.4647954572308794,0.16625781139500215,0.30379009935593543,3.671115,4.7865624
0.1293502889578686,0.5901771971971658,0.5972688748098829,0.4598988974581638,3.671903,1.0135067
0.17287698929134115,0.8812425131919143,0.12340442836640386,0.06740268251920947,0.42350686,2.35652
0.2603593631469174,0.5192304132537922,0.5461348210899232,0.31338321718062345,3.6671176,2.0585525
-0.024674290516442675,0.2226640066448975,0.051373000880532746,0.26870772998076087,1.4781661,2.5357904
0.1200008611953383,0.5048682521101199,0.10860836721206753,0.13712505415828116,2.919357,3.1888652
0.6590263202990043,0.8875242422312601,0.5268602647659527,0.6536697631736422,2.729602,3.0548687
0.3594135419011775,0.6885214108494884,0.2592614164878867,0.12378574323581892,2.893915,3.2854774
0.06276230530138877,0.3487525335692852,0.19279190697126128,0.5476200574024309,3.2924838,2.4124107
0.3622279018764365,0.8270176347937908,0.12929004286381035,0.48490036497492417,2.3500137,2.6446695
0.19846817348045753,0.09969306701302198,0.25686584354857567,0.6465588961238895,0.4949513,1.2530082
0.13171447264702796,0.10127254918348153,0.33807354465968037,0.24473328202231254,1.2786222,1.0695019
0.19642664055946213,0.6525492173619082,0.6647035872144871,0.2880736961788739,3.4881337,1.487997
0.07787553350548533,0.13694410194687276,0.21131929828313864,0.0804625622185653,4.0959044,3.1921039
0.0411862531715093,0.46958460084461634,0.8141954350609125,0.4406832741742307,2.2560456,0.7688846
0.25005472732288114,0.5711081163575985,0.2966321543171583,0.08062239242755675,3.4456532,2.8934996
0.002185754069767225,0.7351884605214508,0.7231366778499431,0.33260293235436866,1.5885968,0.43989456
0.6419036232021118,0.5251044829613166,0.029287693415533705,0.17105800579704822,1.1527604,5.6513486
0.06076166979694937,0.03897340420252497,0.3209298646423759,0.35214479320573083,0.0056396974,0.49730307
0.3833443966072148,0.23960150452257375,0.2791818974718654,0.39422846465570294,2.120904,3.2464623
0.04371632720059862,0.6574954717749377,0.4922414018045747,0.04047205993189271,2.5819497,2.1820545
-0.015885521093392932,0.6297540508057861,0.46233784301154673,0.15110852024150964,2.4003718,1.324078
0.22826934337634985,0.5842641694601355,0.1097015168894609,0.540892744056923,2.5042248,2.0211701
0.1828430711909778,0.2798911240475303,0.444557503835227,0.708226240974394,3.3007867,2.1929078
0.12807184849121006,0.6171937913085304,0.3042176614416087,0.6199370917393285,3.6180766,1.2053692
0.6441319169648883,0.32299213748795264,0.4944059859924618,0.6647003172624903,3.1093452,3.8118663
0.611212831481823,0.02624209228710242,0.3935575437608488,0.432281953826755,-0.07293253,3.5840628
0.2916868025683856,0.34101674334593696,0.6091328849279547,0.6656361869294889,2.820558,2.0893147
-0.03123498590769344,0.5025268774025586,0.8017065511804639,0.2350821722908137,2.703271,0.9318045
0.41697301128418984,0.06988482802236089,0.14634692270371344,0.34958492389782725,-0.2409475,3.24353
0.28750856747415815,0.7090845678176555,0.7303264363012001,0.3721460059245257,2.3790565,1.2858869
-0.03866827513780777,0.581029497335152,0.0854340930178119,0.5104678589263707,1.9925151,1.454614
0.09999778889702023,0.26790587783572173,0.041486969629200836,0.18642287572395227,0.993624,2.7608
0.35111658364482295,0.8018216169673831,0.36258714816746795,0.3629691073943895,2.719143,2.411247
0.5569478763788798,0.4979176844435949,0.5626746151383801,0.7351845163232326,3.598724,3.764197
0.6181804005175551,0.5508878383684815,0.1216998817937652,0.73784448808499,2.7428672,5.194078
0.2310813904970428,0.16074588551510163,0.2808998986481136,0.23804696959637558,3.2870102,2.648705
0.14516719918609744,0.1486805770145764,0.4717066553748506,0.4015367822213269,2.7309778,1.5184816
0.2540997765456814,0.8799141895709749,0.4243248812619485,0.07931769998292071,1.8734078,2.2360764
0.504999852971234,0.4448219185094232,0.31815738892340883,0.671234248977073,3.7566273,3.84361
0.6642188429684538,0.8678428496058029,0.57526777068766,0.1285491773896992,2.6296575,2.9974427
0.3968963643524961,0.7298927588598147,0.6598750766910202,0.5276766317498852,2.9265797,2.551998
0.023315785772790157,0.29401358671494715,0.6782201135003133,0.039274732675754806,3.9637246,2.2195399
0.33953017517172973,0.34280493604736284,0.4273666255256188,0.3144748038530574,2.8908617,3.0674102
0.3805203674719449,0.37896619422505007,0.35155955074780154,0.5509104093053843,3.1333642,3.4071703
0.3002364952966208,0.8302285653196353,0.3496615629218709,0.6396018522083122,2.6751428,1.5751047
0.47092766820808,0.029072410335236592,0.5881373135057645,0.3769902877508995,-0.9410145,3.4145267
0.5842173570318374,0.8952484736987912,0.22987995172138304,0.15288864265743723,2.1208196,3.6714025
0.25607100462454135,0.7828631896936163,0.5256511955741379,0.46782709523584437,3.3877726,1.5574379
-0.048313082524759514,0.40789921291278086,0.2411153172658048,0.35554103130381753,3.0996516,2.046913
0.19219851444919434,0.9045689839085844,0.4652056871156199,0.22536656114125958,2.5029066,1.9769344
0.6331552148756636,0.24757068376576924,0.47988695604813225,0.4088524544971242,2.4878051,3.6236742
0.606613798674148,0.05167393864896456,0.7861095635476174,0.6514739650330367,-0.6063706,3.54571
0.3548699937598459,0.9088916353608346,0.5956276759681868,0.18417148392171476,2.4215057,2.5962062
0.010029494375996241,0.03481799011548461,0.5687065277534186,0.06101626325338243,1.5584997,2.0354383
0.543420024640905,0.8233643346860366,0.8212805386852147,0.3508334098187644,1.4605585,2.821393
0.13794167524320827,0.3282861628419277,0.2075210894893724,0.32671457977836454,3.375362,2.1665943
0.6074027717467808,0.28443010842928,0.04258493400519129,0.09843818392847405,1.2395769,4.8926334
0.5821191177444321,0.7938402423353365,0.7657223638393312,0.48588931291826354,2.077822,2.9447494
0.43439178252426386,0.5089502134054085,0.024191718651755234,0.2691118790943783,1.1317767,5.632096
0.491550227798155,0.8097119822549388,0.3969105372301673,0.37903526508015445,2.6927714,3.0158436
0.003343396847642434,0.44963224877032715,0.47713912706063766,0.07630863095585902,4.8497095,2.6429403
0.47981420954308224,0.016588081451178568,0.30702852692492927,0.5852338163472938,-0.10018771,3.5840628
-0.03679710644228791,0.8196907633142511,0.09217487405303866,0.34582590549110015,0.36669886,1.055706
-0.040915452517740765,0.21588800929590987,0.7354370224153061,0.7012213395557966,1.8458756,1.4327866
-0.010450147946938396,0.16505730091415388,0.3895099665877085,0.3166840755131175,2.972063,1.4891405
0.044765807197590296,0.21838798975501555,0.12279561555324489,0.45348318694374506,1.8129383,2.1620762
0.24570573679554636,0.6275136603726417,0.4473003363323752,0.43401683865379,3.6264603,1.4430223
0.5249354583027477,0.15381349859526178,0.16025620703234184,0.07007545627686862,3.7620368,5.0251794
0.19683878111517722,0.35369222697460745,0.4631928468776862,0.5718185997707386,3.4338403,2.2716267
0.10992653094457687,0.811573150690925,0.7888008462759268,0.6635878160182206,0.70712596,0.22113952
0.10686783915620236,0.8152353319630157,0.5373587709042046,0.11463957218765505,1.2057006,1.352524
0.1420819889375342,0.18789612068958622,0.6561943567799065,0.2934055573935083,2.1059797,1.3537236
0.2398470728486497,0.4131685472121012,0.09494531539419883,0.05975141162524941,2.4460766,3.8868523
0.5755744486138484,0.8255476836171396,0.5892734329443764,0.15919548076923937,2.5725203,3.052838
0.4098009274214015,0.7737117584181146,0.26675822954131495,0.08507354661560028,2.435775,3.329398
0.21038104542148245,0.7828185322264329,0.6087728251389898,0.5383933821479431,3.377567,1.373113
0.27283107330353196,0.7370894833586923,0.7973643889677048,0.6906287608002172,1.3509128,0.7296565
0.4650023497533367,0.22331481696035513,0.5003283381872753,0.4218884409867112,2.2345395,3.6106615
0.16274094693909924,0.0202158588325966,0.32280960109936113,0.11324863433538239,1.73858,1.6638151
0.29947309689140184,0.5668262854767623,0.13889646383814333,0.44304252641176495,3.305266,2.1647625
-0.014710678947651878,0.7419032657814406,0.03424144985065613,0.6398098708008454,0.51773053,1.1032661
0.581154713235778,0.4244072104336702,0.33532496527536776,0.10195638533373548,5.018513,3.9418135
0.3712474159529455,0.899245703497726,0.4857356889996466,0.3869987375827334,2.9125092,2.4393394
0.2095973795840737,0.288591942632303,0.5467721261077384,0.3137166726826502,2.8926015,1.901004
0.2340037188051331,0.49580213812286966,0.6424053185577602,0.5771076920450042,3.2626538,2.0134017
0.17538137815385207,0.46617319568128845,0.11443468187187074,0.06323565787688779,2.9996874,4.1127005
0.3475414187409426,0.911775617495893,0.7583128253465493,0.739168625382928,1.8135176,2.318043
0.6166326358673756,0.8975348562068897,0.34927247682807555,0.3762694256934965,2.5778375,3.0158436
0.5114991316700583,0.33961100165937236,0.6600789923834667,0.29521132021734586,2.542479,3.5515542
0.2692623657007478,0.9182556282122458,0.5120779815955141,0.412677895392208,2.7693746,1.5644729
0.41270758039735445,0.07136766058918458,0.2828921736423201,0.05823955039839887,1.6924366,3.393814
0.2046196159638316,0.15720585450596586,0.6345904822679824,0.061535760291128866,3.7997453,2.819179
-0.020539163034118315,0.9147090503284052,0.5161671509932013,0.49091156592489255,0.49822,0.6456572
-0.016547262544303463,0.2532222730723356,0.09341297154508307,0.5339950174084076,1.9806823,2.298356
-0.04967523044435124,0.703002603890451,0.6839049178178594,-0.0032275213036214315,-0.118024155,3.029675
0.47288133743211674,0.49439528857270126,0.26853997270631036,0.6000648977118086,3.9248936,4.777641
0.29375325957292525,0.6955067359750693,0.7458371897460727,0.10099032559863301,2.458521,1.6072415
0.15453982488655754,0.21747750346444655,0.5982218497426363,0.6362220205682735,2.1339338,1.851377
-0.007272956020697406,0.5004330766871445,0.3457174911822298,0.09762719866288165,3.987214,2.2678802
0.5054601777662934,0.7094148342100443,0.5180232745741083,0.513683814909032,3.264244,3.2408838
0.4675981535022819,0.15011484869977207,0.154923303250925,0.26459368483672663,3.3661082,4.069551
0.011206896509008954,0.14399763109496283,0.5143290961004565,0.27466766677259874,3.4354498,1.4375757
0.03258296902327952,0.3348033803898165,0.7070462639978594,6.834813325539519e-05,3.6044304,3.277456
0.00950753380963991,0.6545489883171107,0.09659190201211815,0.14768138103378484,1.5083104,2.0352626
0.6168222212799318,0.7867743792129129,0.32690762132399737,0.5814084480134512,2.9706748,3.0158436
0.31920028958867325,0.08934232835443284,0.8121826315743866,0.22781982548787483,0.5220803,0.6336104
0.1042974151076559,0.07777519593366201,0.7685366725903598,0.5716573701722729,-0.29280153,0.389732
0.3164427709756056,0.14966129612342727,0.2521297305157927,0.1154631188268509,3.807044,2.6073031
0.04955611122609123,0.5471688826933931,0.32785966956175266,0.42078025024960614,3.854541,1.5932467
0.08390223430954012,0.8666664903416876,0.45661571080905106,0.6062994243977822,2.1892269,0.929121
0.5874110023600696,0.5209095260783639,0.18982344195082554,0.4298308792248893,3.879038,4.957866
0.6306691106154911,0.3312489521506998,0.5699097563872952,0.19169587013217756,4.334633,3.8028967
0.611013281778852,0.7075080240548992,0.6940567852061034,0.4264673400502462,2.4110777,3.1058614
0.056524142906529504,0.5433222828806735,0.7349237160930855,0.6707905692282836,2.787281,1.4831172
0.5613639955266897,0.8784657496642351,0.1364648788548749,0.5045800631002783,2.3238711,3.4078746
-0.04257252017568258,0.34685371113333313,0.3842840063847642,0.3004240019085075,3.3603935,1.4965059
0.5084600118708612,0.23322235838744812,0.6682416559853763,0.08354529936327479,3.5119128,3.8071077
0.46094406905737634,0.030756492610191404,0.7922336916158536,0.23176085402129548,0.70024025,3.2797174
0.5194507678440664,0.8331496332498209,0.2778538084996606,0.249151668969354,2.4308586,3.0930178
0.08114508623135257,0.6958567041325162,0.5436254053676225,0.13561670230949835,2.6766102,1.4406163
0.6075301444784421,0.10748544872848421,0.28806734055775557,0.46285794369212757,-0.07293253,3.5840628
0.038253652557611054,0.31461483728318534,0.42078392996532815,0.10017106802255805,4.5608563,2.1502507
-0.03720449541881747,0.3456096989404822,0.725166709005318,0.4597205626570634,2.5722153,1.4926047
0.008568763614280703,0.6453436758347016,0.7660874367760869,0.18138376208811008,1.0300044,0.5973875
0.4747463686508779,0.8310197549453016,0.48750078935105734,0.39360726393366524,3.0081103,3.043936
0.3010025117121456,0.4222670462227777,0.6977257704849551,0.6601222258994711,2.9831312,2.0881224
0.2020309301885852,0.2710036930725539,0.35514003234117686,0.3352535586540885,2.7342522,1.965354
0.4024192281127689,0.0984266117357194,0.8241503787371297,0.16620471280841534,1.3171765,2.6107557
0.006318438128640309,0.25901223194669454,0.6506253558039454,0.13490182805123682,4.106445,1.8100566
0.43773790803060736,0.643641530226776,0.3862182990960133,0.1638632004060236,3.4496076,3.0692499
0.5205574595441206,0.11132124393141944,0.5153491970732171,0.2838836300261303,0.703918,3.447468
0.6130355668325574,0.8935425842044721,0.4223975450423386,0.26112634392673945,2.384759,3.0041032
0.47413957078817365,0.05246913058948964,0.23019958251004832,0.07800192115887941,1.8604771,5.2482305
0.05288304778717645,0.30800200250932247,0.34111781109204414,0.0070716958855971835,4.2762976,3.91647
0.3891404930476249,0.5746432762369076,0.3713360847439961,0.32864736383150145,3.674815,2.8659806
0.40710436094659425,0.3374673235916025,0.6531032761912297,0.4255534339219175,2.4367254,3.186619
0.5507724170977281,0.35622674645480407,0.12487289695042061,0.6792285279374484,2.6097503,5.0206456
0.5766671151245379,0.7497374989568825,0.07623561643938255,0.3172576224446735,0.978293,4.5066895
0.4290159530956948,0.5442617922745575,0.5353713851740085,0.291095295452704,4.3887854,3.78028
0.3204139343746377,0.4875322671030639,0.3928193760202037,0.7109379137506965,3.7181768,2.212697
0.5724580388401258,0.3062825056538317,0.009984366188178682,0.5917300242055217,1.0754288,5.0611043
0.19411439861538043,0.5461533099167091,0.23452444681479206,0.5094984989037301,4.0541415,2.8012705
0.10922692700929502,0.5072455582070928,0.6989843747214611,0.304978382723775,3.2171576,1.380756
0.24703676182303358,0.17922440836474982,0.036408762305369005,0.37042496638382744,1.0721843,1.9858062
0.6543531655128106,0.37676005940787133,0.703822707762824,0.4355791246777984,2.5629306,3.877556
-0.03803545254794482,0.33226063281374285,0.5314440694961177,0.37609394794257517,3.0629747,1.187152
0.6468012605826788,0.19939862053291896,0.81607516472447,0.5673480392421201,1.5918564,3.5702503
-0.04581865699632666,0.8470169767351139,0.19514557950962572,0.41374638501025013,0.98811436,1.071687
-0.030234860426560376,0.6856532021537602,0.7730625887235986,0.4973033365351036,0.95758027,0.2608351
0.27637651719721806,0.28491718759224444,0.5780575291405327,0.5874979970819036,2.7734537,2.2330704
0.38576096730159626,0.4516645940160408,0.35756641331309474,0.10652050031470377,5.1506267,3.6941993
0.2521348496256045,0.25362388798528496,0.5607537479551286,0.7098586077503921,2.8252425,2.2580981
0.47361718512447354,0.6335103910681789,0.37921624238419893,0.5186682064376175,3.3919702,3.0981238
0.21514385570655625,0.4270455310573223,0.08885201263325511,0.20728689808901685,2.5135205,3.5077806
0.1467435951876459,0.5870765705778469,0.7158744981453105,0.3864120563034443,2.3684778,0.77918285
0.14816863318249512,0.5327809096659855,-4.626778235633771e-05,0.17291246055452625,0.99610096,2.1556635
0.5021146100328019,0.38814081650204973,0.6021091270892972,0.4721775276295143,3.0513816,3.9243324
0.42606693398344625,0.734023096335315,0.36701518952372136,0.02730558519249685,2.5656142,3.3399322
0.019330984611006408,0.15221543982761637,0.5245555389200063,0.3091085963809881,2.5577347,0.92914236
0.30362844903864966,0.607513514686865,0.6251673852199142,0.4374733714909277,3.2712202,1.232862
-0.028228766810388002,0.00728592346669666,0.8207928128370132,0.4359694081106253,0.6358969,0.4892819
0.42746549889557234,0.42761946070373236,0.8078715767831932,0.3281702697129439,2.735471,3.422523
0.41973042356551804,0.46018828960825275,0.1837700479288475,0.5010934287994473,3.8568578,4.681886
0.5377365850423502,0.15266545132093706,0.07143757449827898,0.10973418219819887,1.6692538,4.4588437
0.44474939601744684,0.6003615428155263,0.586306635200493,0.6807592155450614,3.5986288,3.5625632
0.26170817921370015,0.2756446483115868,0.10814238816520862,0.39098357411833995,2.0931501,2.3053944
0.11238025578801296,0.0932556585091601,0.0999567386752878,0.25391391073602504,1.222632,1.3524752
0.5547761361855991,0.8394923430693078,0.4541182721744935,0.41126889524536087,2.830459,3.021369
0.3314843927820158,0.6388258125423142,0.36046297631855667,0.7150489738933529,3.4394681,1.488579
0.05113508175498811,0.29877877475138487,0.12878733155156052,0.5240292446631414,3.1328628,2.3670006
0.2185462355987154,0.517563537266736,0.5998517465401618,0.21986649224489677,4.4987416,2.7078524
0.15610068866281374,0.31769312491195345,0.3580802706849885,0.35308957890263803,2.9862635,1.7875565
0.6217876558258355,0.6896929125076973,0.4199743134746034,0.43963789978418594,3.2243192,3.1443048
0.0638004734155621,0.4562108625378772,0.25684831799929075,0.305500934348212,3.8686008,2.2953293
0.5170298136147138,0.11299129365495991,0.8028885746742568,0.6546229991862962,-0.6312835,3.495301
0.4958617148256043,0.42989302605866586,0.3067802339150246,0.5631084991872186,3.6703002,3.9056196
0.4147095596578063,0.8509580483396281,0.2174030246620222,0.012881978149023185,1.8095213,3.9398525
0.223781916161239,0.6124128176087972,0.6080901146717824,0.6689358672788276,3.562816,1.2767496
0.20508605416580938,0.52146404989548,0.6553267915593366,0.1732157469430244,4.8212786,2.7325726
0.0767883388411063,0.6566445296951093,0.6048016994530274,0.4215953590706213,3.3685522,0.8203089
0.19031684829810575,0.7610151764219489,0.26453625516310264,0.6069327133557222,3.2378685,1.8434335
0.28364433414775103,0.4884072308566173,0.41170908229724934,0.608065106186526,3.7325807,2.2386568
0.11614036390031275,0.4012049878234872,0.3089610911270454,0.3995555134528034,3.6808283,1.7726915
0.22369524608156993,0.7447073521778419,0.07497742588508167,0.09249963431133436,0.392446,2.1059744
0.21650323535875704,0.03313662395622404,0.5581262289252796,0.11072740418784718,1.7137185,1.7000021
0.5360552808873674,0.45039115538915,0.8134851050652095,0.40772134856673015,2.6295774,3.3818233
0.0861319651059962,0.6219902757618578,0.19803594245073944,0.10953224566512616,3.244557,1.7666507
0.09701468357488825,0.6374434008518156,0.1507680258143963,0.3345913418514629,2.9966362,1.2640091
0.16587024270471123,0.0819332113801666,0.1518491102296937,0.5554312541831791,0.57547903,1.0619384
0.44579476666316586,0.03301191931319592,0.3594050356700016,0.201023432504812,1.234248,3.5320492
-0.020612279843381945,0.8909258491279366,0.46888599158666766,0.5592049586807555,0.57752746,0.6230902
-0.033831402208399614,0.32441404979431315,0.6316295748633338,0.6611801959058224,2.5146081,1.4783545
0.6284341279798811,0.8592216406678145,0.3290664674542789,0.18897590874459808,2.1156666,3.0173876
0.28890509075533505,0.31007006352241845,0.043415629372568466,0.08696139352565585,1.1094949,3.0972097
0.6280638259113012,0.03521261424234095,0.24846249422477887,0.05312571756150536,1.8892003,5.585223
0.15359558487210018,0.7161874205965588,0.361598955861608,0.04482358224960145,2.363583,2.5932322
0.161795296981052,0.2731156203398212,0.2495581376713009,0.28850197869185623,3.7483473,2.5921552
0.563282458787873,0.20493937575842477,0.11690753407045883,0.04242919359668501,2.3383281,5.6063056
0.631321147671717,0.1283834590914911,0.3992435065477583,0.1170228959411216,1.7256107,3.4776843
0.05392586803143913,0.4858935425166206,0.47622623120948876,0.06630923228636486,4.2362814,2.7928662
0.4392989605605477,0.4805485315864856,0.30208799304587863,0.17777308711068424,4.8577576,3.818142
0.47655399656567715,0.8262001104432874,0.40095099057228306,0.32070543707205423,2.7004614,3.0303266
0.36561922430685206,0.3959513584216369,0.6033752659701478,0.3979482637120189,3.0255296,3.195359
0.06747311701653834,0.3716091696063082,0.6589763578899696,0.49407101345875604,2.8412206,1.7339172
0.037241639788551384,0.3730958687500238,0.6566992459838513,0.6772135956915236,2.4677572,1.59887
0.5506373807339257,0.5753676868125003,0.6972151059643608,0.38454442589906696,2.3287926,3.2093973
0.2009437616080989,0.8445396935113288,0.1921517968379055,0.7212886624556765,2.6012776,1.7444923
0.545422735014042,0.5936510828678434,0.2932055408608732,0.6025396576652856,3.4927685,3.6646097
0.604818341434952,0.2111957284594608,0.05624238521402773,0.27800717417029913,1.098666,4.5061984
0.15783569310519385,0.13813016717344895,0.6269097674492488,0.5820140126656209,2.0897841,1.6453019
0.5844376850454895,0.11622884755786622,0.013779139954848769,0.7221177693495705,0.099624544,4.8869658
0.5804273954856578,0.8442791523112697,0.44361540345717704,0.6260793880780088,2.805025,3.021369
0.28567242247928243,0.3667538054291514,0.5474026170438783,0.24800467922413702,3.8143551,2.3216667
0.524530725201519,0.018312634503351223,0.21998047583692748,0.14641014857485707,1.936686,4.224028
0.1802585163851792,0.31183858464497183,0.12030797449411365,0.2536511218538989,2.357364,2.6581094
0.3403407542700536,0.7654954627078167,0.30536143163972024,0.019161361212759805,2.2772331,2.9125898
0.578461123297425,0.22186810268981882,0.61562807824205,0.31850510677715305,1.9167956,3.5243645
0.34180019123933875,0.5609745790667898,0.2146561206553044,0.28096535777246195,4.4496865,4.552414
0.22230231625453933,0.4039495164728252,0.28375955713411033,0.38183367495303167,3.2622197,2.0614772
0.17197436971518698,0.6815614899656215,0.6736859572604563,0.5400096239771384,3.1598597,1.1256495
-0.03428281465200313,0.054348578322111867,0.18049560857790325,0.2407171881871357,1.488007,1.7079368
0.5213950129881922,0.33303067650618756,0.27441914648261423,0.20360799981789288,4.355557,4.052424
0.6523968975544756,0.45276443718358955,0.11292334623368001,0.2722214258825658,3.078796,5.378184
0.403106204025069,0.9078562520002104,0.2281932100481301,0.47321590375186,2.5342681,2.8334908
0.47537109294289653,0.9053911517957808,0.5132857489571969,0.3273326505970441,2.7529213,3.085686
0.33644465730576234,0.7763812953774986,0.018010342660648607,0.6194088613816412,0.2623955,0.5165031
0.2635210282243134,0.20310287513108435,0.8024107935459484,0.17998288725272307,2.889905,1.4572114
0.27133235198908867,0.3259301517573077,0.47419990817069657,0.39018945763068913,3.1135018,1.927715
0.49278713880918096,0.6464986991377992,0.712380743585318,0.7139192778425312,2.3533485,2.9784822
0.21469625354528238,0.17036147393941803,0.6281786207836857,0.21727900236503594,3.3154917,2.3022246
0.36524635941462474,0.5282530288363189,0.35097517252754,0.5413617026443684,3.7429984,3.1910307
0.15921990925972213,0.36603673630521316,0.5573698617132726,0.0036744739615863567,4.6095653,4.3582172
0.2228844986947185,0.35378014487424525,0.6772746400435824,0.5645747711782827,2.6984513,2.2300358
0.6651927209316801,0.256571319273419,0.3164553772460848,0.0876298199088607,4.1837025,3.540389
0.16846143231941302,0.4043548079010098,0.055100827814462114,0.5909470149150601,1.9184449,2.5603397
0.48827733991712724,0.8776217305129336,0.3295415705264021,0.33024365050190624,2.5181088,3.0248013
0.2318956906994839,0.3138349687655365,0.4095592148952514,0.13090628857010883,4.2556415,2.770587
0.5923838635069238,0.5452894252801991,0.3320260847546642,0.10852918465493547,4.7862754,3.8273823
0.6494228761806649,0.03677268900039397,0.7487614885452508,0.1924557367858955,1.3057275,3.5009422
0.6137985493463222,0.5796106790360054,0.5487745393145792,0.30679432588846134,3.6845253,3.4700027
0.5553836642544223,0.06763509842513257,0.20774460862785601,0.023313281107241776,2.4397798,5.8501453
0.2880346096330024,0.3181643938910704,0.11528475476742844,0.055366672507723355,2.2982013,3.5841422
0.4067506605252535,0.837499269553995,0.13463028468502422,0.7273350876270901,2.2986987,2.766172
0.022100255321879383,0.2868438834335146,0.2381383967951613,0.48255085008144893,3.0361462,2.1090572
0.1439595316421216,0.8131640833187415,0.3319425495028521,0.4436507547363565,2.2790356,1.1899831
0.4042249768366951,0.3893220876931224,0.7103405635289534,0.7419818301345794,2.4147093,3.3653896
0.4965143491115371,0.698508436209513,0.4783463420826629,0.7232095559130355,3.3522859,3.1464374
0.2369198646778372,0.8998015773350622,0.2553353077886634,0.7042497969663506,2.629952,1.8208716
0.3255418133100918,0.0010630854813791508,0.7512586053570062,0.6115774423427388,-0.71493864,0.6509453
0.5698743302743716,0.2821983834239316,0.4131038527889903,0.5265664025585478,2.9488752,3.802403
0.13496634357877973,0.8830682595732869,0.4795971692028573,0.47807903742874786,2.4670005,1.1470448
-0.00964886603786469,0.125398293279321,0.4296742583389868,0.28242900532010623,1.6038424,0.777043
0.09511259254667727,0.18997238765248078,0.6493740703621838,0.19087103868753846,3.4498947,1.5902892
0.04844766341770536,0.6350494931731255,0.7271853223033983,0.06700382113253806,1.4308928,2.0096354
0.3119481116920657,0.014651106425214286,0.7362112813679647,0.42278320125941626,-0.66983575,0.63414365
0.2536913815324192,0.25565994186826885,0.48482435467108365,0.3159687665804852,2.8704655,1.8949034
0.5068035254510166,0.8092853660402601,0.7791393325339308,0.03323389147974491,1.8767968,3.2647839
0.14911373584532073,0.316498209227708,0.33382048646423507,0.5870304936563491,3.2570672,2.0831041
0.6355275790846,0.3565298913967195,0.6922203379831502,0.32390501025003626,2.675883,3.6396232
0.2291118655887267,0.1805044419402506,0.6856918219490526,0.40265282311936856,1.99007,1.615844
0.4181151520258857,0.5295777068392253,0.6067420947586266,0.49821405180760936,3.5807781,3.3127697
0.264934471954741,0.6592148815848267,0.3601944851422237,0.42782244065117114,3.5153635,1.5928049
0.6333728778861129,0.40222074030656385,0.06890491449792939,0.09576936382434229,1.7272248,4.886004
0.224590772071181,0.379689313013548,0.6818994155675068,0.3643517928795606,2.4445515,1.9562396
0.27526115020531927,0.7927919488914315,0.45919841572322473,0.7161952829853827,2.666692,1.481644
0.5456573804152974,0.42596717564399295,0.5052498149643494,0.06442379132733152,5.108871,4.29193
0.5257423783678953,0.8606608722495634,0.5664335209671684,0.5289375801865457,2.8924105,3.1016026
0.31337989852925857,0.11390818764424672,0.23918951828725762,0.4507772097032822,0.16307896,1.1345164
0.12615377754303908,0.22544386126038213,0.3811545834721592,0.17035169676308823,3.5929217,2.5824854
0.19348893247914484,0.6513279335736841,0.24734690119059413,0.23129936875611168,3.6714258,2.2735043
0.5824120884766198,0.3338370247112523,0.3254225865512513,0.6321173585034033,3.0152636,3.7968776
0.477933060270697,0.16650168215505692,0.7174610238316175,0.2560013322345966,3.048025,3.5059285
0.13884631844853734,0.47170491778433643,0.49589738813205025,0.3485180092300078,3.562069,1.8541083
0.06053825358325253,0.3218632535672216,0.21210839648402283,0.25610969774577586,4.4416127,2.4856362
0.21885019358204333,0.01855816140636646,0.4579493497106591,0.45687162894588246,0.31775135,0.9386044
0.034980803837967936,0.4149320398309053,0.43404762672919467,0.17219223719090146,5.0498614,2.3611634
0.15699283937978342,0.20641847761674054,0.4327055303242108,0.20976871693203122,3.0927258,2.3602257
0.5474592864427037,0.6579333388839474,0.03812538095975861,0.6248023952527657,1.5379695,5.1739416
0.019891753492349132,0.8500733409003421,0.2594319465788314,0.5572842114739885,1.418761,1.0760422
0.3973473186532643,0.06816253001751851,0.002002740489801323,0.21251545901283295,0.2502787,3.2891965
0.35012062114664977,0.42164985657288784,0.14306900245651383,0.24145748390769622,4.7494926,4.279677
0.5626657643263319,0.14262304591848562,0.17533457928830049,0.13643430838219228,3.7839868,4.04719
0.13995075812325702,0.2447789288660093,0.43345163743157755,0.7154533632598072,2.4803386,1.8794053
0.16001495911811747,0.23523062632693298,0.15715652395991023,0.413276764330971,2.4101205,2.1263015
0.6190400317331984,0.1753999888065175,0.11958821628744719,0.3425453300966393,1.506911,4.373572
0.10305635075634655,0.7183259062924772,0.7097180561604662,0.2626911929856817,2.1990964,0.86912334
0.027044559508802732,0.5306163118896325,0.16952154583614915,0.025498346458931818,4.8008943,4.7160215
0.4670456865846874,0.041792891100545036,0.3094335430884748,0.13293290735968177,1.715824,3.4677193
0.35803562923730975,0.8497905741630555,0.7197735578964589,0.33198487093457946,2.4469683,2.347435
0.6458396430677112,0.5356577281576483,0.3134486173456461,0.20891692449665708,4.599767,3.7972627
0.1499272567470048,0.3495649124588529,0.6445583282077709,0.1173407423492268,4.463655,2.366099
-0.04775600302476156,0.676601553196178,0.7833733624616669,0.17671513104469777,0.30461589,0.7506071
0.4832682331842712,0.6065017302368831,0.20325001911700422,0.36598839779283815,3.466688,4.583924
0.21400850056081427,0.13457955044868636,0.15586156844391374,0.1619330708349003,2.3658464,2.2787442
0.02596238216327465,0.40818264206535865,0.6628645297708217,0.23866217067060377,3.746647,1.7265726
0.26841968004577244,0.7043178876565046,0.1975334817005632,0.419339567589903,3.124909,1.8160881
0.09822724177385105,0.8966255717148045,0.7930846613070895,0.12943410426201438,0.17609206,0.30912876
-0.04910442332986836,0.11677181352850777,0.7631362949695341,0.04604725314143948,1.2783486,1.5518246
0.3377928624333192,0.6381650653605543,0.06946852578378793,0.6724113449657063,1.7296978,1.7196114
0.5607174869884997,0.194669592435293,0.5691683485929538,0.2024155544816465,3.2965393,3.7515872
0.41194528189452345,0.26059018751422247,0.6796662405347753,0.10392712823914038,4.2951865,3.3031166
-0.04404398082524299,0.7386657396024644,0.4708001021277652,0.09948469616094606,1.259424,1.1652789
0.06683000398020891,0.19497819528216798,0.6338769209905996,0.15671573679413686,3.5750654,1.6703176
0.37652319010361746,0.7481957215346616,0.33085705833076917,0.09321953805687495,2.531432,2.610632
0.3948400408234987,0.7706919484851611,0.386166901997684,0.1399346432519589,2.7274892,2.5311387
0.42812785141032744,0.6981869828060433,0.7947445775395425,0.3523769946378059,1.3420571,2.9339743
0.5478069085394068,0.6098036372664043,0.011371481065267704,0.7409384465513476,1.2172103,5.3485622
0.27905831961853617,0.5563046226077033,0.16679490767432115,0.2893767731793178,3.942437,2.9392664
0.07048286051703091,0.08143724925812738,0.02160586049033447,0.7182336803790796,0.20884955,1.1153852
0.445666273431312,0.10039773287478712,0.25029078484798983,0.15214881405001054,1.9214984,4.4082766
0.5413963300401307,0.7260123008865907,0.018264552475340586,0.45405715133975466,1.1184115,4.9058423
0.08299920307989793,0.3838474850624521,0.6291722468675742,0.05494552344073257,4.5489964,2.4266095
0.4508136478333043,0.8179275976600109,0.11755156107712003,0.6098405569024028,1.3886001,3.9138408
0.24296519398046895,0.10531267945964393,0.3079426679995637,0.2166765956665476,0.9487675,1.4881556
0.33308963547619924,0.7454059647758925,0.581684670693327,0.4949257016392844,3.374543,1.5239285
0.2962195639887236,0.8139161166447786,0.6179829947192411,0.49195852626422626,2.7970428,1.4037808
0.18114817279408713,0.5149011345975287,0.5023313106204635,0.00916380651199973,4.4626303,4.4778
0.6243672606588395,0.4586366372598067,0.27628855492756316,0.4617861464703233,3.8997147,4.288371
0.09539955643729746,0.0378110277275541,0.5622271331064024,0.37827957110531596,-0.47772086,0.43382406
0.6672760975242553,0.24137946997558427,0.11246161680650185,0.1554165238575462,2.164792,4.5801425
0.2514528637950026,0.06920209630347994,0.004979351831433005,0.5485240449514613,0.09111469,0.15422682
0.45479638029194097,0.1265776922086605,0.49191281377216756,0.6883270238037881,0.1804184,3.593687
0.5887503965799309,0.36311701082089226,0.6966522119335485,0.10707855032587174,4.538446,3.7407994
0.12453237766445481,0.5391457864887242,0.030521951908287093,0.4760645567916968,1.3001955,2.6546874
0.6325307329674429,0.012758958853949188,0.17082172761447795,0.4095883583522727,0.31813475,3.7720947
0.21993345004085663,0.14497509954633425,0.5789466400700163,0.11171417144076522,4.0456333,2.4922638
0.07610313012698157,0.3610272558081856,0.41409220623734655,0.13824106708855916,4.8024964,2.4158103
0.3924599658726682,0.43053323815761513,0.01712262158323715,0.712769109914969,1.2303361,4.427676
0.5096050533433562,0.6249851165825413,0.43831579871698484,0.6619579143987737,3.516969,3.1036491
0.17440231891847147,0.2948883976201005,0.5234926918769015,0.5446447001984686,2.9303608,2.1661897
0.48406339432045303,0.4921664879738214,0.5646834801665885,0.5980958971623314,3.5767596,3.7846315
0.26279531919580956,0.6999515071702661,0.13008791223390564,0.34341233371533614,2.7835033,1.7232776
0.4492332815675403,0.1311351245919907,0.2998989401369115,0.5256346364993811,-0.10018771,3.5840628
0.08812118125670783,0.41381555385686825,0.10130278229494102,0.03131150243022027,2.5379786,4.609582
-0.039368796415153194,0.4915230072051208,0.6892916344883628,0.6032546046653592,2.4945893,1.3646622
-0.03186353436219523,0.8839372609792815,0.08331933987356133,0.19694571819600193,0.14981422,1.8351619
0.0826660417380138,0.7997696344054268,0.19635417713953324,0.27738801360490595,1.8057264,1.4433041
0.6058421860029674,0.2972714629692763,0.11390721577196748,0.47675572032161817,2.1914706,4.674409
0.1509256943004133,0.5820081180142802,0.019537021716681122,0.7188841772837301,1.1932664,0.5243468
0.12202113331534752,0.4440641623304807,0.805752566049895,0.5657121638446737,2.6814537,0.96907175
0.6204140241593152,0.2455829927380722,0.365649340136314,0.24727225262005084,3.241181,3.6331177
-0.044576108135228845,0.5009765733382409,0.3708580154757681,0.23933450741490273,3.9290378,2.414117
0.03142759995152704,0.5770022958676452,0.6103524327221256,0.3464078582666354,2.895769,0.43926328
0.0005066213445104745,0.7111921526198888,0.2450103509211737,0.2975885522510669,2.310672,1.4708318
-0.012114681696671743,0.8404126029869664,0.11015506067271161,0.20674084347092883,0.4634582,1.8047619
0.3770529330165792,0.22992477260784644,0.6209375087313541,0.39699370287842894,1.8584069,3.0797095
-0.021402299375583623,0.791519654743854,0.2218193928316513,0.46969290784524653,0.7964763,1.0168855
0.31130955170814484,0.5571204244838663,0.030975243511741895,0.702556696596738,1.117763,2.684444
0.5279250896606719,0.2164998969445193,0.07325033315954178,0.33599988844102485,1.151411,4.4718537
0.25933687856691423,0.14095541198132433,0.5447317444324863,0.28321271496376454,2.6202004,1.9559867
0.5275578042290006,0.2641397389647937,0.5427384108651174,0.5799664500460647,2.7034388,3.8021004
0.5220593606725358,0.6292354902332612,0.40356132028102365,0.036127880642952206,3.221698,3.133289
-0.0329929396551393,0.7123847830714565,0.007785304523128111,0.06503016086451291,1.3296907,2.240406
0.600665479131095,0.15669850172900984,0.20449356617202363,0.010278423040136408,4.211009,5.3796844
0.03563641432567673,0.4813180050455252,0.7603362017140463,0.5518955855970895,2.0822198,0.89962727
0.11099869005838149,0.7508916469085039,0.7442173407388635,0.5670258382207707,2.108575,0.5819382
0.37241309439247344,0.5381624659916596,0.02099705608925556,0.6419739731054388,1.1947579,4.582616
0.4635198706209545,0.5255813188667399,0.8097103677753752,0.6507325305756506,2.52258,3.495187
0.0879441992132763,0.5066730052989287,0.2155282081142992,0.5893268777972879,3.9606974,2.5013418
0.05451132704561096,0.20140295655341967,0.4404689619991645,0.6901320669136856,3.2457628,1.4482453
0.5239471698790138,0.6426611236910907,0.3192184046907763,0.24393228256527436,3.6145482,3.077964
0.29633201223055117,0.4171812807320587,0.18804279244526548,0.6784704529477393,3.894289,2.7232966
0.24330992766770193,0.8455408580042386,0.6289830911343447,0.4821010404852486,2.6450627,1.3337035
0.046091779069054525,0.4485885686723765,0.5770078634979613,0.5419849827594172,3.7621264,1.6469886
0.09744906211120287,0.048727172917498805,0.004796870518265905,0.5081381107258488,0.335018,-0.020084757
0.4595893921963276,0.47080484211676726,0.06262584889157448,0.36832194004185537,1.9644319,5.202824
0.5947177255595661,0.11914378805853457,0.7241867038916301,0.1809836561231329,1.2742105,3.4754694
0.22018307357332773,0.24387458679394475,0.8146312164957521,0.7048495999119611,1.5011156,1.4175968
0.3180389673360793,0.08857370238285243,0.05867160365912317,0.38953685347901146,0.44520643,0.8078114
0.18368995064994864,0.5226944278925816,0.5499757458922222,-0.0011091911129447038,3.57741,4.7635407
0.11865758174948925,0.6234439910247176,0.6705495926783173,0.1633341746242702,3.1149871,1.5349337
0.6660391809672576,0.648387146634915,0.23232555912820368,0.1125540104307486,3.4864092,3.941893
0.18984733224462286,0.795097525761576,0.2424649623564969,0.3826717697149444,2.7220013,1.849246
0.33704721340078553,0.09564187753441429,0.26101878262103706,0.339954412194696,-0.41763282,0.9054979
0.40049197949253185,0.35544751918842904,0.14944254355760866,0.03044132206293877,4.4478517,5.1622024
0.6042787315692636,0.42536916269540453,0.7219605708674897,0.5691669965250182,3.037473,3.8841822
0.5640799064414957,0.7881390733542158,0.2672552859001326,0.2651524317411355,2.4367793,3.8278897
0.38319570421734933,0.06629148633736821,0.5489658251558338,0.2870002416617213,0.5050416,2.543813
0.3643833426362608,0.15464491396930494,0.8277526995821441,0.008415054154609693,3.392588,3.7805855
-0.006797679048999104,0.8743203900829246,0.13238135938131726,0.47952687629502977,0.96786964,1.0877889
0.3599677602693295,0.6306568133615422,0.37970301330248146,0.5112652110806111,3.4202948,2.5217445
0.48611077667173136,0.6945874088297156,0.6390048645083932,0.0016981234594401831,2.211998,2.9191592
0.5618056732357405,0.2898995984841664,0.4665930832562835,0.28041794280526877,3.6124105,3.6470304
0.6454824744526548,0.2882948939444376,0.411197071064288,0.042666145277052356,4.2353897,4.064079
0.16674593839301594,0.6033275975740396,0.06047532189449694,0.3382353147290656,1.8738538,1.5174292
0.4950256526954216,0.8081520078200197,0.04954529931289531,0.02418356890745456,0.24953686,5.3178706
0.6092730770906001,0.8571571840873011,0.37769851094791096,0.0339176983077588,1.9209374,3.0345035
0.5397225767903803,0.7858211066129522,0.27999688020846375,0.6128727262477638,2.900297,3.086556
0.5292298857668271,0.7749188694810473,0.5253142663037917,0.4554331733994862,3.354268,3.0767283
-0.004636017465060725,0.2497698760624885,0.22556876985864235,0.05239865638994112,4.0028462,3.3193617
-0.029349389325670446,0.6519441931622385,0.3471427917959597,0.3190767105793203,2.3501585,0.93420327
0.4992845047159063,0.7710859256553059,0.6458004643141323,0.08550777036192027,2.7750032,3.1887374
0.014261571666080344,0.38176269068544166,0.08188743043232297,0.4351231915929473,2.0948772,2.408411
0.6369000702421495,0.8774680335813198,0.31601831233115196,0.698560597514792,2.5813851,2.9735496
0.5447825311558513,0.3028534831986995,0.7460164221702782,0.6702017639719154,2.2343276,3.7304394
0.1844733405947816,0.584694032609022,0.6469999398747148,0.43730374869879357,3.1919239,1.2292135
0.2743077219462559,0.5914550215084907,0.2741385187769616,0.2584728509969622,3.8645644,2.2751997
0.2722224740243882,0.8558113353653568,0.4839488973650916,0.0789582418855871,2.3165193,2.2586436
-0.00034428454735015157,0.7768159606374497,0.6119517485987931,0.10773406050573008,0.5562406,1.0536613
0.18811468981208146,0.021984782389622655,0.5045890767915588,0.6751256653693486,0.03530637,0.9092368
0.4497344205998917,0.49668025670309845,0.0007958404477962037,0.22120658041468363,0.94418824,5.66316
0.304563934387436,0.6443449272260112,0.4193256166298628,0.48726458286438495,3.5122848,1.4430223
0.2706233659675673,0.5428420116767378,-0.00047502819587449344,0.3666256292364653,1.0704423,1.5326766
-0.01856003741595843,0.604073825282513,0.7053872251951886,0.10281793144092574,1.5620301,1.2780615
0.10604550982101248,0.6145875887619796,0.16909133268601387,0.32557949197090585,3.2655897,1.3230866
0.513820292656953,0.3651585438290915,0.13682216929334096,0.5637493922432577,3.374371,4.5349345
0.2907809477275945,0.5782002989030715,0.08942434617330097,0.5293639535841774,2.1836467,2.0147674
0.06609709469367038,0.4584948653005896,0.3852733962005428,0.3567354374067811,3.6237836,1.5591042
0.32486694628743706,0.1821290173737105,0.24411770349213033,0.6893132213908058,2.789452,2.293732
0.06929355174745011,0.6316695297301332,0.66168888598099,0.29432749755515275,2.7903392,0.50053793
0.26751359521410195,0.19349632606002867,0.7063606298187926,0.26635376666422844,2.7341845,1.7849896
0.3028777269249537,0.04258961600879202,0.5061173142665748,0.06367461698635694,1.4340873,2.396211
0.3271769263827582,0.24654498530202754,0.2776947060790314,0.6020045140431812,2.4037423,2.6206653
0.09905639877182772,0.13250119786667236,0.5525934530459257,0.16068740509088522,1.5919467,1.4052315
0.2528997193517443,0.5032642727489024,0.5343463392427268,0.6684624570330004,3.6506896,2.1499984
0.3236662946601179,0.7733836096830348,0.08597328875248239,0.46499783213011775,1.0156969,1.6840398
0.5772912274505122,0.3519193966949093,0.34253451595542583,0.42329816208071325,3.2060137,3.7522683
0.12327032485064528,0.036470668564804735,0.5129447610935403,0.6840192613055844,0.10324628,0.7446788
0.5402029238257149,0.722167619711132,0.1815611914791863,0.3407302050554169,2.9995947,3.8154173
0.17568056589281578,0.162056286917426,0.6863466812644549,0.09462985018949918,3.809855,2.133275
0.12082617625773108,0.1464330458235368,0.5920187970985876,0.6433786068999247,2.4553897,1.72033
0.4155809134533282,0.913623839754806,0.01546431037503343,0.3592362637506017,0.5018642,3.8939412
0.02974133790409851,0.3108159782428757,0.07775797353289171,0.044285937345848805,2.221971,3.3879802
0.19553570839716783,0.6690732548104786,0.2991160266582456,0.16950592741676854,3.3142123,2.1723077
0.3100223164542682,0.00019539559617881913,0.2204775372411394,0.5395623330081908,0.13487579,1.1691879
0.06434026676845135,0.42906717064009753,0.17594575044656838,0.02848297407091478,5.0516906,4.974897
-0.011215170660837014,0.5878078963498002,0.053877609058820226,0.4997678225176776,1.8267387,1.4251696
0.4174012158901451,0.07228003909443466,0.744670305482642,0.7270254850216691,-0.6130305,3.2045128
0.34133696833209654,0.2521094609243912,0.3960197658064156,0.6173997956609758,2.905795,3.2734246
0.5374664064662114,0.8036765414210183,0.16398896541851074,0.07324104730445821,1.7488234,3.736298
0.5957597358220853,0.26646288653595657,0.1917321149935001,0.04141048399761642,4.6705422,5.7482805
0.282889762680046,0.29053303606293146,0.0517821881868393,0.005303970153086082,1.3238102,4.7303343
-0.02350749278509882,0.4413280538201949,0.3745500543132663,0.41557257506735035,3.4793882,1.5559319
0.5540403572201509,0.3914859625638725,0.33630993501749973,0.13734436734894898,4.4590898,3.757869
-0.043142863007318843,0.27012747051990044,0.15897374450841995,0.18784168963004777,4.225995,2.8339214
0.35391137757391183,0.41551247993987683,0.18551070644717335,0.23397582488539653,4.9105754,4.081478
0.5426161053527825,0.8420869280240558,0.15777878884201338,0.33674767992676363,2.3487093,3.4005623
-0.02748792026553874,0.11493163887124097,0.7323203122869588,0.18712481942251696,1.5113188,1.126847
0.26189165051576474,0.22422967661590235,0.6230908285134897,0.5279718944575948,1.6347271,1.920414
0.3943120859990828,0.7147161997921669,0.2855808727747866,0.17417978494249844,2.9353993,2.809727
0.4365698393693436,0.416346383641661,0.5095420712570055,0.29986130578284725,3.5842547,3.7880976
0.3633868586406218,0.7135594319810676,0.031835350541396155,0.7134334259588231,1.0589975,3.8463545
-0.0038106961513545493,0.3700031276563638,0.1341062382026832,0.2715733726821058,4.0612946,2.6238472
0.0782895615566971,0.46898246673611477,0.8290370366817782,0.27062357372812496,3.854792,0.8031989
0.04257640878937806,0.706013584470807,0.3833129697435413,0.5617326879380823,2.970045,0.88945085
0.33910425857841936,0.22000028930092314,0.21324573687662715,0.2912634642006259,2.9485126,3.7426965
0.2792062279186148,0.2615584904980326,0.4484966535457434,0.7384868850625838,3.032456,2.1798377
0.39960423479878476,0.11451505047707557,0.26794029839527095,0.6730259779107443,0.35889682,3.2331166
0.2272903470808762,0.22941914215646714,0.30506721909224993,0.5585919040460676,2.3423574,2.0670757
0.6296609794869331,0.3685090405429044,0.7704454544265357,0.419700221758387,2.1857646,3.6490362
0.11893827771866498,0.43482920915587037,0.518575805155432,0.3220719091245905,3.6220028,1.6758344
0.20725276286956978,0.37670713385494586,0.7882818878875746,0.11413801679629632,4.107243,1.614951
0.4697480555291976,0.18486649762224044,0.10319782368454539,0.284518371036882,1.9829755,4.548799
-0.019406735219058606,0.12171626713021728,0.687468623115835,0.48629910737748466,0.671234,0.8293985
0.6498479439281064,0.06390044965939655,0.4075950540185165,0.29811890453147677,-0.009246436,3.3414962
0.14875314421605973,0.33583993212192553,0.5666441468085625,0.4102968616209379,3.115234,1.8450465
0.0615639887284328,0.7888509651084679,0.6613170948062268,0.27583494717483514,1.2151066,0.9117466
0.5593829051850129,0.634447237256421,0.7029388742032016,0.1551563222420817,2.782486,2.8996806
0.6565879191133026,0.16277496292590374,0.4980901675598382,0.4877588816220567,2.3915696,3.7392843
0.01336706378741885,0.8588384402863685,0.18467752464471282,0.734046463787528,1.04959,1.0417805
0.051892977921065814,0.6661463532290007,0.2362848770558234,0.5131284096867573,3.0591452,1.3499852
0.6377065854597851,0.6604465249179718,0.49321475928286984,0.5250426200704628,3.7760649,3.197118
0.49239346601307027,0.5971572411564857,0.5741838191709462,0.477497215579933,3.550384,3.6729777
0.2644461633003612,0.2314131618003964,0.5824985710874022,0.5696304772191999,1.8904129,2.103851
0.5703529276415009,0.4006042262297056,0.442249162009866,0.4712362462535933,3.165713,3.8953333
0.5581569503725046,0.004217767038901335,0.5946121701348913,0.2730465687694822,0.85951036,3.5097408
0.4050354095491543,0.351517463244138,0.6160138572418167,0.09041292915475903,4.3888845,3.351728
0.5286401245537621,0.26257752874173657,0.40161938290205956,0.2134988937099293,3.8972425,3.6916747
0.46174151006978087,0.8351020134178038,0.8068740406972424,0.27510872080965015,1.4112949,2.8328073
0.48699624292676164,0.22726020585473125,0.028923436728105798,0.18564333635671185,0.55687886,4.9610415
0.12590745572868595,0.007576562217844237,0.02373311847568122,0.38530149654464985,-0.12394574,0.7727418
-0.025900386618801046,0.3856966875362955,0.7480464475345122,0.4291925307879383,2.5305011,1.3754622
0.5390722315177475,0.5042706320615901,-0.003391375943203638,0.46617178696578,1.1664711,5.55012
0.24843691033282717,0.7305375402822826,0.5963735217365126,0.16260823521268056,3.4127116,2.0919135
0.13957724439887725,0.7902608453200117,0.7002573486864992,0.6354092049337895,1.9093131,0.88915825
-0.047052127453768786,0.4096683809573009,0.6508142500824846,0.45796122612205503,2.6010842,1.410979
0.058665624888633555,0.002341414111275591,0.04055375404388679,0.6735486135583689,0.8584349,1.0939404
0.6010338211978405,0.8286941990350833,0.5912681461115511,0.17589194384387888,2.604817,3.0609977
0.5045980303862614,0.6159633163737633,0.3486042840448827,0.5987165320902216,3.5032463,3.0981238
0.057743247004362314,0.8542600627237458,0.21008707696356443,0.25492273741640764,1.4327614,1.5298806
0.1875833062494851,0.2667942152238904,0.14542345721139818,0.32295769802705476,2.9406729,2.231439
0.49322137174355957,0.18613297227047707,0.255015061391545,0.05964589165146236,4.0623555,5.6216035
0.6139028452440566,0.4730029689589935,0.4102811154183308,0.5467201205492961,3.6774702,3.891666
0.5992514242024378,0.330695016741492,0.10674756203789983,0.5753722221369609,2.2809625,4.674409
0.14127291245512902,0.8735073171429262,0.7015999624996964,0.33329430547569927,1.9477583,0.9154667
0.3123183257633756,0.42070048221736045,0.22343406634422155,0.45112432427351856,3.9312553,2.7627857
0.0683004026120318,0.6836692101081983,0.3683184703656645,0.3701457498652708,3.01805,0.89835495
0.6510474688136969,0.5688336280322095,0.8192256705864719,0.20227116930254052,1.6629173,3.2123756
0.5938187340323385,0.8175631952716823,0.4549725639091052,0.3838311985625299,2.842968,3.021369
0.06533383794728612,0.15135377052225846,0.5383088047172764,0.530955429289191,2.574272,1.4544429
0.030155534692115682,0.7550714563371942,0.14354680090377273,0.48424434914652575,2.4095657,1.1898673
0.3800715105929966,0.5285078142439175,0.04514136207353583,0.26947730570157213,1.6603684,4.7820454
0.5199493651371857,0.8723425938765921,0.0091385554362853,0.18507861428975392,0.22860381,4.5850863
0.346258773162477,0.2820684686138767,0.8110358296928826,0.3112975557099596,2.1328871,2.8327858
0.05579172590050291,0.09552707509559412,0.6053720364462523,0.5212141615017294,0.04382757,0.734169
0.33063542565596027,0.8689127107286395,0.6329601554401547,0.15983799543319033,2.5241406,1.9347115
0.00794620335590282,0.46806023900617016,0.6193100846451176,0.708458792905109,3.0737329,1.391451
0.5688489087585293,0.15540238941888754,0.6518965679723461,0.34713950382517716,1.1837277,3.5138166
0.6034987466265307,0.710799923428697,0.5572873381952889,0.3109272194001638,3.4293747,3.2577999
0.23786824752231622,0.15911472395109288,0.5414519442686334,0.5737627279179873,2.2296073,1.8892412
0.05212231972302078,0.009195240718948526,0.7951919513827311,0.04832267120649532,0.9928185,1.4177586
0.5736797620856758,0.5642674741738573,0.2888016333647253,0.3674472674153345,3.548833,3.5656314
0.31526568446266523,0.6708299128576238,0.688660151306588,0.6494427495963038,3.0455604,1.3257928
0.3752257667544248,0.4477494660500456,0.8158913062846359,0.24206180432947413,3.9238594,2.906542
0.44360582574396074,0.6934013266616287,0.4058238107514691,0.6289173756621781,3.2311728,3.129858
0.26662523360927076,0.5110872539555107,0.012315819780719543,0.6448062052584449,1.1555678,1.8112308
0.35594601728169195,0.5337339951815895,0.01243097172749797,0.14534818167348987,1.0984964,4.8444552
0.4827052956043327,0.10569445879801248,0.30114667393364863,0.39773475204846964,-0.07225505,3.3838525
0.307162503727651,0.3810063113477919,0.4020902005331884,0.6144143275745789,3.1164348,2.330073
0.5671578349460598,0.5103524167699204,0.42135392969902496,0.6666340961334324,3.6555216,3.7765093
0.6021602754744924,0.4735658572043447,0.06357081784659739,0.5190882820728628,1.9937482,5.3077016
0.16971053998174773,0.7634446529773052,0.13823365076940705,0.7284189812370742,2.632543,1.484457
0.12311580008033356,0.2789474696853185,0.5931553373792149,0.018469872010049033,4.503547,4.260868
0.5532260803816261,0.12048888806151101,0.2718749081843128,0.3201964905211198,0.18918312,3.676751
0.597127311958323,0.027139965040344723,0.47521336238844303,0.17702139222573168,1.7843802,3.5464041
0.5936651159182713,0.5549694529437189,0.14244441302875432,0.6557073455324065,3.6881702,4.7247295
0.4212014136541789,0.19226381093922548,0.3201023788152335,0.3023292337502684,2.236637,3.5375896
0.4402815268384514,0.48399702507053316,0.8180610202734206,0.1481496504008294,4.009501,3.2773151
0.6184682151628221,0.06436536298326868,0.5293354582147147,0.6546853239715948,-0.6149223,3.6080241
0.353477821245147,0.8712509697453422,0.6946939659896172,0.1976372972180435,2.3498495,2.5632672
0.24235005072760568,0.4428999335293856,0.5539856088405789,0.4314835871287139,3.5531893,2.1988525
0.6405292622901753,0.1699212930959899,0.3532846683495504,0.4942829606515929,2.2968004,3.727964
0.30882143384979766,0.08698922076499559,0.7902717130615148,0.4892677802305335,-0.6564958,0.49462354
0.36138449063611255,0.6177807012137237,0.536833630088569,0.6939388825056632,3.5907598,2.5751836
0.6605408896261804,0.47717654840899476,0.5506367431681756,0.7355588710322377,3.5416722,3.7375078
0.07376825247996996,0.7680433958355011,0.2844720582666903,0.4465446712092077,2.3779106,0.8918602
0.10156801507304457,0.2486813853264944,0.17105194037819835,0.36519614630193686,2.3116663,2.1041517
0.2891395631388532,0.8360436472066093,0.29170573391957166,0.12749977847436914,2.0110326,1.9549179
-0.005578297439388133,0.6732428674056263,0.12766645092209838,0.2132304170205382,1.9718083,2.0507338
0.21168726049033787,0.6011567433574087,0.7147617631772145,0.6455500482182679,2.6061294,1.2023734
0.3705614130022989,0.5402169756246104,0.032435878103665355,0.5236467431418693,1.2400601,4.582616
0.5572971879315026,0.5993139538544198,0.8085880104474318,0.2768502731587289,1.7556367,3.3018816
0.42245255344816834,0.6966958647623721,0.4833371100474296,0.2006877057147705,3.4299836,3.25472
0.41289945238858317,0.7971622315504175,0.27586826169867856,0.48066499044975525,2.6201367,2.6616237
0.1341801347262433,0.5738789856769293,0.4829695170626486,0.5068073384319832,3.779136,1.1862181
0.3451756969272339,0.4985670153865458,0.29590908609865135,0.09363719907953866,4.66284,3.508525
0.13349813935725308,0.4530894211639183,0.035644189831339705,0.5505254115288674,1.7712859,2.719797
0.5650384340244214,0.9097072309464187,0.20080369522970215,0.22213611562809407,2.2704248,3.7434895
0.3936720014315342,0.18285967016836396,0.4279582689334259,0.38318035785307425,1.8934625,3.0067403
0.2261687990822241,0.011675726792355817,0.07359666446822405,0.0027286905024582952,2.4777043,4.142013
0.163656151590224,0.7558374715736391,0.43916222409336775,0.680256723109973,3.3039417,1.1119972
0.4202646906257733,0.21361687201058446,0.13300185933902617,0.21841070598446358,3.0636787,4.116124
0.36646888252815135,0.6472115786046403,0.4731641716762662,0.6632944574918765,3.7062912,2.5272696
0.6559675434052138,0.5133716346300624,0.7116345819123798,0.24558564543323033,4.2806835,3.6073306
0.04503716303924095,0.3270818726478603,0.38846358999097913,0.2788077160312382,4.3309875,1.6233506
0.6530002151690656,0.07492710786231194,0.10538383943032424,0.324234491482851,0.42747423,4.2484565
0.14293087988362863,0.23989833657107226,0.7259878427797025,0.4450240888754321,1.6682578,1.6813823
0.39294890053549103,0.2635653243598605,0.6813276377460366,0.35431383281438456,2.0109832,3.081523
0.0012047481212709224,0.664577563296354,0.11646052254415473,0.5978328066110092,2.0698917,1.4726906
0.39877330378502646,0.6047778223111122,0.7783480078056243,0.6567011058532454,2.196538,2.8092813
0.5790684782060774,0.75057458333054,0.10028674355846745,0.07510906571881604,0.7892378,4.7053194
0.3280527583096315,0.22794827596490036,0.452791244046472,0.6871172781518734,2.3667483,1.9863183
0.3524684382052626,0.6667923543606331,0.3009632844436463,0.5709070508221135,3.490329,2.6042807
0.5186105597660778,0.191554451947565,0.3449661502778903,0.048544565122798505,3.79106,4.0548162
0.05986497789628753,0.810840187119127,0.6533983480332863,0.5460106378551857,1.408606,0.6702031
0.5962404222468463,0.7425184343784007,0.5809586845786181,0.6972556289027866,3.3532615,3.1272118
0.11070136446686223,0.8370204333780376,-0.003920625983453283,0.15055088371604858,-0.98236066,0.14274825
0.22140320177414036,0.382882650623381,0.19460074644193737,0.6844861764798197,3.5976691,2.661478
0.4337194476126052,0.8206810466817139,0.7615174366107468,0.2105084546596799,2.1208436,3.016355
0.531473771583967,0.07953388615721907,0.3702535416228334,0.46701415597810825,-0.100865304,3.5840628
0.5036194935681116,0.2773977434951219,0.41568993905918844,0.7332692272400981,3.0339143,3.8221521
0.23486864314606914,0.1363026254421483,0.6575835676843454,0.016282148465643922,3.8107352,3.7584102
0.45637772255536785,0.10771595670588437,0.1861912449999355,0.2670615598949514,1.3491076,4.1340523
0.3502626144714828,0.8214737705896432,0.15159443593390862,0.549154257561685,2.34962,2.6446695
0.6085559339486597,0.2597170381834247,0.36394278123950885,0.08361331738405292,4.187569,3.8623667
-0.040097783913839544,0.716851993982367,0.28606477868947133,0.19416986903942143,1.8927375,1.7823077
0.2064852843797671,0.04488926196191918,0.00580058815955429,0.13435551258705333,0.44983354,0.8495086
0.42140682392382606,0.05414165438212517,0.5760137281663079,0.15718029324046912,1.6260608,3.5484288
0.101937737133188,0.7249208973904019,0.17255820731296548,0.5744057736467874,2.7365067,1.3801348
0.16080131574374645,0.1609135794311836,0.45083307230318437,0.6950294601683598,2.9183915,1.7491597
0.015218014450112685,0.5357705416656303,0.7369782270160317,0.682698533939483,2.3879404,1.3046445
0.6233906723694569,0.16578322472261015,0.4147764643141129,0.4969820137080889,2.3036325,3.7485595
0.15900210412642002,0.2425874798230073,0.527344861381038,0.04684291005497858,3.695599,3.0351436
0.133172044159295,0.283663012918814,0.7396055019200356,0.5086295825957761,2.5762827,1.8574026
0.390596805024389,0.43131716190677466,0.24914646136937255,0.011721028996086498,5.585055,4.9862647
0.36993301869066314,0.30444255514847424,0.11148064610890178,0.11612092434353176,2.4763794,3.8450935
0.055487977845828235,0.6914667018619823,0.26184366596031755,0.6172492005453091,2.7112896,1.2925403
0.2605004476289776,0.4182019759781131,0.23557096350062354,0.4401226736053744,3.914729,2.7307026
0.3604910173812453,0.841001133025865,0.7545730823348098,0.46111100587684556,2.1060433,2.3384774
0.34421540203299134,0.08308154691741022,0.20603928304663893,0.17842569858854587,1.7728249,3.3198853
0.48530019193405566,0.4574615100065958,0.45348922506791456,0.007856127177756599,4.9257946,3.5994213
0.23622682356730962,0.34506669647117955,0.7413496175782804,0.47520835822537827,2.5741708,2.0454693
0.5885920865661444,0.5269537143422655,0.014024696601206702,0.35702424657376497,1.3192765,5.3840775
-0.03594360005889857,0.8523714659865107,0.42682506150437044,0.2592933865431047,0.3942381,1.066507
0.29887805139871887,0.3996749043746545,0.5032291357313479,0.3551054919177589,2.6362176,1.8519874
0.19901629289565181,0.1768478600283897,0.05677980717457548,0.35831560813713687,1.5982162,2.0068703
0.16494434463171292,0.7943720303627424,0.7714731288720087,0.30784388328917356,1.8701684,0.5585546
0.5028952992990967,0.11820382435648312,0.6950292403722113,0.22737344385518954,0.92875636,3.410433
0.6121427871119539,0.3584164510514967,0.11883840592859193,0.03212003335528983,2.6151903,5.9302397
0.634935454801384,0.48513831578771305,0.5302853235147915,0.4069858390129206,3.6058195,3.7019207
0.6640875763054271,0.20422290566203144,0.6108001446021271,0.22658638588749455,3.2224946,3.65418
0.2305248143346883,0.32900507935396817,0.6132433548839394,0.3153558401157423,2.9508317,1.8703253
0.3675180805920052,0.7721839321127434,0.6723158260044796,0.6013242555979141,2.9812694,2.3831675
0.38668397421056366,0.46225084272039096,0.4989193510079393,0.2502311810276447,4.987835,3.4818184
0.6344599048017253,0.024814794010817095,0.4456070056063542,0.04028477798997039,1.7341564,3.9746115
0.39557259763610786,0.7348103746950729,0.08691764984638754,0.04967227503210439,0.79757226,4.419562
0.6301992096277514,0.2548124113330942,0.7242519853738018,0.4899202775455593,2.3233604,3.7321353
0.16796969642431892,0.4762190171930203,0.827124882724973,0.43096595550670774,2.6658013,1.0650346
0.11265048886421324,0.8068188573348062,0.05309070761437101,0.5365574207266127,0.5125044,1.2234832
0.28691942743427257,0.30408113011444005,0.5534955923967256,0.12482386663193143,4.0839524,2.6628232
0.4013508958136882,0.9075571857248593,0.4971027337057989,0.16647168633347592,2.4816403,2.603104
0.2700783236910136,0.022718654153982717,0.7288975002513338,0.6746076378781002,-0.5888164,0.886302
-0.013341249955460592,0.24192948557077368,0.04759181417720726,-0.002273992052486448,1.476529,3.6560743
0.2981054460296151,0.21495189507948884,0.45609491715372,0.12444027191235835,3.3428526,2.4910507
-0.00792070100804737,0.39409279474374037,0.713080637857652,0.12578316547535384,4.330254,1.7806509
0.04137969973912667,0.48955064958606903,0.3559310209808036,0.20544506985729474,4.2591887,2.4061131
0.39140709864103723,0.2338184501187056,0.20386208828565067,0.4641292287604462,2.3517087,3.7771957
0.5097487841963055,0.48154086497109044,0.5652220319625033,0.7002376117894973,3.661761,3.764197
0.31407722697738394,0.23482968869372717,0.5070660781312198,0.12109148885101548,3.3489928,2.4842057
0.1708181910433466,0.6063701856558633,0.4659359930465258,0.18877003553676333,3.7760491,2.0474768
-0.003248888597513995,0.17631712818969889,0.19360711203405376,0.051183512736555636,3.99038,3.334768
0.48754355805338917,0.5184460294063484,0.48947530741789275,0.07308329931395172,4.6400676,3.938426
0.022710938418620666,0.38742762216503485,0.8194223083026005,0.19626757008557494,3.3074899,1.1326216
0.5111134583020525,0.5728957681727448,0.5394382245000342,0.39190147012580706,3.5052078,3.4722168
0.05811581102763626,0.25002569860520274,0.4450752513432899,0.257215729290634,4.266224,1.7967441
0.45920383236638823,0.4905208861784238,0.1309643507469417,0.5205178004427541,3.7909884,4.6136646
0.5865244599757327,0.374538146806736,0.14695271750566627,0.5862917443283086,3.3711338,4.5349345
0.33427758584595335,0.6686607774780641,0.7204250025937764,0.4300188191764957,2.5270548,1.2679687
-0.015299371878336271,0.0028063956402426767,0.7625268935395934,0.47360114343585724,0.62123924,0.621016
0.5005696887164428,0.6262473135227395,0.5407872589169072,0.5625663891382222,3.5166466,3.133939
0.08527355009667208,0.5721524929841223,0.4817217556522395,0.47471817492496104,3.7334206,0.92346334
0.09609172820198818,0.4344672950783643,0.4723294443654038,0.4704876630601961,3.8544304,1.7463775
0.17268561594839033,0.05610021215674819,0.8254515858388254,0.1281383448593941,1.3440288,0.77925587
0.2946168118888594,0.20811487547619828,0.04714225300684209,0.39565821766868103,1.2906588,2.1309452
0.4424393920366015,0.046455512053979305,0.7984936874548637,0.4808811125910134,-0.6392253,3.47085
0.3687690417331329,0.8862044791766881,0.40628568858793807,0.2353913730155045,2.3407183,2.4877353
0.18543086969166966,0.7410023283865207,0.6379630328104267,0.02162897174941052,2.8048277,3.5174162
0.06881850435921157,0.40694067683256063,0.17301594936631204,0.41441265435606883,3.4058383,2.34775
0.329427375503631,0.09804616228233277,0.2984385101367869,0.4415602030598007,-0.093779355,0.9979281
0.5836531690800063,0.3075685960092937,0.09276509814080545,0.16760101644558864,2.2587411,4.786439
0.2774650806277795,0.41196299646338025,0.22485088041925735,0.2095943478728976,4.9530163,2.987192
0.5150729602963076,0.5531974455761786,0.05790157951610459,0.04367625493883569,1.7130827,6.391856
0.6150986654710977,0.12983113380025596,0.6455001585256736,0.14237905580503787,1.6099676,3.4211996
0.6099453188177015,0.49312587385814854,0.8002345716669356,0.6206667795080988,2.6021001,3.495187
0.257778788858167,0.12709327516738944,0.7020894446115558,0.6415547254446973,-0.7014592,0.88799816
0.17823435089493428,0.8317504240899308,0.2719129270841377,0.0680563319275501,1.9709088,2.527076
0.49431644059282925,0.7469124374342425,0.21857738558754342,0.41693661060356263,3.1666422,3.9699564
0.30850492639240107,0.8902803709732829,0.6877770229003722,0.2820065535553561,2.5234528,1.5533253
0.005679421572369996,0.8639357213029075,0.02564029910839938,0.7302885211513297,0.26247224,1.0305231
0.6431260664702158,0.0904635997339395,0.789707357708534,0.5195544159266375,-0.6392253,3.4765625
0.3291547627870761,0.6754280513390402,0.6218930172189389,0.5168067802282529,3.363726,1.3784235
0.42466665984659735,0.03002635770357642,0.0484152689951039,0.20397030105471048,0.81574976,4.6123796
0.3887667662117285,0.02015361809802446,0.46791130264993047,0.17528087273818818,1.7211603,2.877044
0.573579396066437,0.6631071658745864,0.47795887176461055,0.062078488467048165,3.541808,3.1915596
0.27570829128153035,0.1641613077282663,0.23711546951706133,0.5579836024704542,2.5249176,2.208415
0.651326678633336,0.649226079934233,0.7741693843277376,0.16466733531900743,2.5922513,2.952524
-0.025046643513312362,0.1323122472585873,0.08826799314173556,0.6278011980470999,1.15834,1.3865236
0.020770610968970635,0.3963907691834299,0.3976002871521429,0.406144706679759,3.2705586,1.3643357
0.6677873277038237,0.061419675305320595,0.028023081137639478,0.3794471619108225,-0.42198804,4.663813
0.2465644960652505,0.07573215170909688,0.1825261428498876,0.41161552309666555,0.2946428,0.8469884
0.4413330896661365,0.9030289630808824,0.16198844992958225,0.2371323144182363,2.1251597,3.4431078
0.653599132138926,0.5887026882198318,0.14126408270323398,0.5452030066551908,3.4991465,4.4000297
0.5168647459576801,0.18383523644858313,0.5073531295478062,0.648648878189786,2.0412543,3.7669954
0.15649094186822066,0.2118689631037534,0.17500424608178125,0.05702807231442904,3.2350345,3.6190429
0.5267849374445845,0.1417868175071936,0.43541685556610144,0.1202847212274855,3.9152792,3.6106133
0.2777243175486851,0.015399245987863798,0.0801352612172621,0.6880704162870249,0.75779057,1.1377039
0.1058158804567227,0.29551981485631945,0.07670475705265381,0.37997436069363594,1.7509484,2.104291
0.46256999491474565,0.5652080315740902,0.5283205870149574,0.4448307829141732,3.4474564,3.6487489
0.1648056946525362,0.26514535284591695,0.8061066361691904,0.013778021329053886,3.7027168,3.702098
0.08477339029933618,0.6398673663358906,0.6688826321008143,0.7055364471706922,2.846715,0.6571134
0.15313019700990266,0.7670863667629749,0.20565200478519513,0.28655238427228025,2.639295,1.5076555
0.18871962531673242,0.6675840083823367,0.616990452034424,0.7311950880327729,3.3835394,1.3643918
0.43005453117197684,0.19746647519647195,0.708659860904861,0.34923214471950814,1.1972011,3.4759164
0.6622347907300223,0.31275182304816473,0.3899194486203286,0.7373927908066823,3.0893188,3.8015566
0.2737656374357764,0.4028676554902848,0.3127091640208788,0.3949959632238406,3.2884855,2.0898294
0.15490732534752782,0.593075508541156,0.6905148897251233,0.6914347423652142,2.423433,0.8078554
0.03629609593338916,0.1865522268474773,0.303376681230056,0.3015860679256081,2.8208547,1.1641
0.23832537214560606,0.27284694548685484,0.3825726917347127,0.18328213552726663,4.043399,2.7455595
0.501223092741468,0.30061678624571087,0.7426609035427939,0.5500878094163916,2.3233604,3.7321353
0.030584866592701626,0.31951299090012836,0.41843208029109147,0.6993726988491585,3.2976272,1.6065782
0.3161136052653781,0.2743171271407717,0.5357164210936659,0.41615924988348013,2.6853468,1.9274127
0.3382815853335511,0.33706015150530916,0.3944279508960151,0.3507201193508886,2.5594037,1.9046209
0.5160833094917009,0.9066998584990167,0.2937082866463801,0.07132389726760377,1.7896603,3.0938866
0.6198939742253966,0.07869890057079106,0.3951260210143806,0.7104950437462555,0.15880443,3.603812
0.4505793048758096,0.26875894440673,0.7188242535796774,0.10581612390908757,4.3273964,3.577394
-0.01710422651399498,0.9126867778227072,0.6371916818713323,0.19492477987525103,0.19890703,1.2647593
0.5711691910283818,0.6717420470968443,0.5709495416032149,0.5925076003767481,3.5618534,3.243852
0.5070534698845943,0.7018814565472753,0.5313489094403616,0.22956139875452897,3.3973272,3.1815126
-0.018192212946280262,0.7288668724305473,0.12089477460255502,0.5847766382548283,1.6774563,1.1696105
0.10083634568079246,0.37242867435023747,0.21369375453512948,0.34531298839240954,3.2197554,2.1426904
0.17018437026072208,0.4785252880039478,0.29101808046744837,0.17934864257036762,4.6595564,2.9321554
0.4466772777415002,0.6606995217888633,0.3919055869089679,0.5434477029448168,3.4592412,3.18066
0.381112049292787,0.2068444979816622,0.373308699665001,0.2581819583019697,3.0418284,3.1925087
0.45333343978460056,0.3444719446154623,0.3813545978839849,0.5952077213695822,3.0198662,3.7968776
-0.032239023040696854,0.2804683967314844,0.8174204401924654,0.09898494956778595,3.4731243,1.1170831
0.2847509286503899,0.024500679384659847,0.5847145693312445,0.5317190783246744,-0.6130703,1.0248811
0.1944115674633452,0.8913746332029631,0.19991414581962114,0.15438020292791305,2.1500387,2.0247307
0.33552240110680964,0.8632059482054292,0.07214980713689026,0.15311225188425534,0.42689693,2.0362642
-0.0014415540563275583,0.5681075213827718,0.5222342174554613,0.37523063869427503,2.4380467,0.8192394
0.07957973065146222,0.050301597437951755,0.26283327903404646,0.5550365277811289,0.5572825,1.1415262
0.5795155209759598,0.6085254553231678,0.24035036686731792,0.6057635394872076,3.5237112,4.5086393
0.3096695684386897,0.589164409169912,0.4901037838175779,0.0916792433790935,3.8085287,2.166685
0.5327678486842423,0.5168534078285583,0.36883291205528984,0.6521548676842471,3.6629941,3.770984
0.34871240362028344,0.2004632568045276,0.5981610999178716,0.14460625617324213,3.8268535,3.3219852
0.005223468597610914,0.43837486168213985,0.7422213213829354,0.18980840160075155,4.398708,2.0067966
0.2168766129877162,0.40589423431420163,0.7404992136022369,0.7113652823509522,2.6796157,2.0610712
0.016928451537443753,0.00864860709028378,0.6302572114492913,0.7398714890006601,0.15435398,0.55345756
0.024153755820656694,0.38613282953624156,0.7634311560282894,0.5380657824787143,1.8966839,1.0997428
0.43237589334191384,0.29600255544354964,0.5559547088422684,0.7070246042838509,2.859521,3.8187532
0.19984949612288055,0.739234939700842,0.5210323403531937,0.6216327468969397,3.4475884,1.5919827
0.5307973499793127,0.6223892474302138,0.16259205988044026,0.6404811227380339,3.3973563,3.7831545
0.4105997153975327,0.720679580416701,0.3466302537452608,0.13883886732542908,2.893348,2.8435888
0.016380390299157804,0.1778112750681086,0.5865421730230577,0.7065680864053806,2.6594095,1.3709124
0.3055554485107379,0.39275153192777834,0.3652871200110647,0.3989128747904137,3.1515157,2.0921736
0.4703979689314592,0.6104516093683696,0.8251219875463554,0.5155506599151092,1.4404631,3.298027
0.15236778110777088,0.6847562614792281,0.7521325038645993,0.33410281378162004,2.0828593,0.49633768
0.451803598149997,0.29290031203986866,0.24007107707184794,0.5682800203887729,3.1545198,4.423646
0.21255037709753927,0.27569428539280694,0.45046224123661627,0.1582313898093365,4.207801,2.7228818
0.42641098325025234,0.7976227574766115,0.2944363979118288,0.39166342383924,2.7251391,3.0118058
0.10792480146550514,0.3912496998030237,0.41277837758687314,-0.0019287599810511686,3.9356122,4.266971
0.302775433309643,0.3625640485992433,0.7075415872355346,0.6128096130805969,2.5009224,2.1488347
0.4478722389570167,0.5374981828260337,0.44896816725213545,0.14358610025208696,4.803518,3.7629933
0.6664139988366431,0.4654777017179407,0.06558777860128051,0.003839232520062033,2.1905315,6.2502265
0.2402857294487919,0.6197635826063348,0.12720809468599006,0.5778376898825982,2.2723024,1.7849861
0.02858558758566604,0.8942624217730223,-0.0016823598988793941,0.33078671951025984,-0.88380784,-0.5819444
0.6262560255360987,0.30952052395646723,-0.0046795362925053366,0.361896916148967,1.1333885,5.005148
0.22768671052938422,0.7231252568157808,0.13939417376451615,0.5116960196518411,3.0098605,1.8165526
0.11411715895432555,0.5703226009905492,0.21653230490040049,0.6241648028093034,3.4196606,1.5736102
0.5909190622631577,0.02787136504378868,0.5834150987228176,0.6370123475204952,-0.5982944,3.653836
0.11805390271992981,0.11956189331791361,0.07000207202800415,0.038389621452677644,1.1444124,2.918296
0.1795770840916373,0.2714131863112055,0.20104513075079333,0.07611238905147802,4.5127096,3.38582
0.5487160905162637,0.781213820499909,0.36626875000885406,0.5903649962069316,3.123215,3.0158436
-0.0005723360951170389,0.39044179307190674,0.18727211617356546,0.4244993978363429,3.2349145,2.0961847
0.25622376844235245,0.37550873881389873,0.6356890345050751,0.6330370520096191,2.503056,2.2061865
0.027994947493513292,0.8701739772021312,0.025850560268125333,0.19347806146025653,0.14736387,1.7485356
0.24491526722273255,0.5244559111526995,0.7388577499132515,0.4652299752996859,3.095557,1.9727205
0.4972425671972844,0.4395707578065649,0.059702746754906215,0.5843888125092174,1.9878845,5.1775866
0.5365127405149364,0.3984897035262747,0.5110430268195039,0.493389468592612,2.9373562,3.8950307
0.6248441878351828,0.8854621786018243,0.16563030281877303,0.6593838657053234,2.2711413,3.441523
0.2568892748450246,0.5119409856094541,0.2582731477759936,0.5728567359232557,3.923742,2.8193774
0.48161313532953626,0.5625420939992907,0.2240776259723218,0.2922668273736208,3.9906232,4.9736323
0.03391050050853965,0.5800799161874616,0.04990408614948661,0.07711236050898812,1.5448836,3.1654992
0.6423880080490219,0.18146024674902772,0.3239409787160956,0.30099669610919305,2.2429733,3.516423
0.2682907646041761,0.7235933557335235,0.1741503279406743,0.638076754409529,2.8980732,1.8427184
0.6484286545478469,0.5317585769101127,0.020070852261640425,0.5526861125210051,1.294243,5.600519
0.1045983647365752,0.05950866351973051,0.338685791314578,0.09553054809145525,1.7085696,1.4709654
0.6392389073660873,0.8297087951938029,0.7555920113643665,0.5348061305612137,2.135256,2.9447494
0.0392966700238927,0.17419034010336307,0.008746706312749,0.3886011916760767,1.0230286,1.1287035
0.5441266320707849,0.4461315396391599,0.1261073386371693,0.6821043465140414,2.802975,5.260294
0.1455319062664041,0.46191831525888666,0.14900747299452963,0.5325597604972504,3.7832901,2.7445638
0.14417130371011805,0.5669600239093082,0.508157906906621,0.6089406096217058,3.479742,1.3456055
0.15153788212022073,0.05063569941516924,0.10432070175190072,0.2330706434287073,1.1313465,1.432949
0.09165641155355646,0.48685486296429326,0.5402775016517517,0.3602775896067412,3.5754566,1.5261633
0.043157063814792535,0.555712461843017,0.6671983124172846,0.44239969819181274,3.0643237,1.3963624
0.07894860319881535,0.6501417670131322,0.12555239195056137,0.5956863010458013,2.17857,1.3115791
0.385096743578218,0.9173091608234483,0.31507863109686807,0.26380214871997165,2.3278477,2.4905558
0.4391345073008627,0.5595307078020979,0.41767987934922635,0.362278509498087,3.5913477,3.717126
0.5557299918172531,0.1730235803489514,0.5802033196195652,0.24260357473521835,3.3081224,3.7129495
0.5746758998469448,0.9009403067033447,0.46388562758824026,0.017139262228222134,1.91875,3.0504658
0.04035582490637192,0.506259626888283,0.6996016235248218,0.14144171932063132,3.9873898,1.873897
0.6385809248806907,0.7620032010486694,0.23415382819483627,0.28991677625737006,3.1489782,3.6639087
0.3143005951738966,0.7591792514338921,0.2184556276283968,0.6478300902408944,3.1832948,1.802999
0.48236027593690983,0.2512161127863431,0.7753873431479662,0.23622783709141987,3.116162,3.4962947
0.5919551647297596,0.14020975788179346,0.573937657996523,0.18265054266233754,3.84569,3.7576642
0.48060123331991006,0.8748677164013413,0.5730960193472543,0.07046605943729065,2.2958786,3.1666248
0.08918490062169003,0.8147382740162514,0.4606011977852293,0.22039556987218495,1.6432908,1.3712021
0.5493046175583854,0.3386325817881623,0.5166661851794088,0.4475753018783377,2.812422,3.8021004
0.0906389311653603,0.09272874584851275,0.5551534704710708,0.08855605575170733,1.6684098,1.3252542
0.45866474311183086,0.41159937849709033,0.5593628924684722,0.5835129339970859,3.5430238,3.9500248
0.6482718235126658,0.7191439294891689,0.6912817533735199,0.692426076413813,2.4104605,3.085427
0.41017965521307004,0.3154938656335538,0.08148323365261798,0.3637138171058758,1.8434483,3.9575222
0.5526407258210226,0.08495773763472664,0.6482367320567405,0.12238639082310085,1.6099676,3.4211996
0.0724477879458107,0.8224903997138167,0.4601166922812108,0.4988132775824692,1.797035,0.87122065
0.4607059208319429,0.5577427466623724,0.3272841537319366,0.5049075873699158,3.6657908,3.7768211
0.11576172930540805,0.8247525338685696,0.20177755114950058,0.46223802235736144,2.0958176,1.2991678
0.22578182303155786,0.22684701121442852,0.7720832201660611,0.1981707843670266,2.612658,1.7170366
0.6628719232767418,0.8883482303667745,0.06086974854274176,0.5827420783785677,0.73128307,4.26829
0.3760568203066627,0.04324790398904443,0.7671103041286775,0.3248478901853428,-0.3165387,2.4317534
0.010485409228456977,0.8342457395209115,0.4320362084043636,0.28518546536843553,0.81728655,0.85432726
0.011826798947539532,0.736730963933821,0.022418426549846743,0.6996614473087713,0.45923623,1.049887
0.07183977222524858,0.32725649934183293,0.6125707764238881,0.40360743806618965,3.2099059,1.4864144
0.0247854967527337,0.07262846219149428,0.062281737649244835,0.6434415298681958,0.78846407,1.0985203
0.03295815874162342,0.7054121919988265,0.7593092915334759,0.6004966020553346,1.4186074,0.22560005
0.3321424856033816,0.039799787533632495,0.7330102589149943,0.448454677538962,-0.66983575,0.88799816
0.2971140256248467,0.202181299893269,0.14031859051623058,0.05386988635320042,3.3141382,3.4679568
0.01283522851354095,0.06597300608562318,0.7993742631239844,0.4963364097621411,-0.07348911,0.26039463
0.12859810126049948,0.7687356694416477,0.0644131374797385,0.021751590602445817,-0.057561852,2.4799387
0.46833483959985983,0.7696698036808348,0.22603885179721694,0.2226964192127307,2.9535878,3.7595017
0.6619001448156221,0.23180417227201444,0.14446793435756014,0.618096085988136,2.3437636,4.2377815
0.3869695314634085,0.5917687905966775,0.7846163068469983,0.6853016900084473,1.3901118,2.5634818
0.25838511148231424,0.7652113482857676,0.6725013882796865,0.056147153859177054,2.7484381,2.3193226
0.20921819869930736,0.12400327220272744,0.287424820058971,0.48336513049254753,0.29007912,1.0045953
-0.010949605504336497,0.5833916637659097,0.5017697420265084,0.08895310511997598,2.4924474,1.484112
0.0024531933137329487,0.016251395029806714,0.006748699245891031,0.7180281204525388,0.10941261,0.23023583
0.5341640881485813,0.7587131009204267,0.6806212992449772,0.08208145485059304,2.9343526,3.2576656
0.18149280616123398,0.7644467008028762,0.6693184027744439,0.6091611027219084,3.0945075,1.3252635
0.36244628926963485,0.12242089242097652,0.7564968092056148,0.36945752591556674,-1.0966594,2.4495354
0.3065549672911148,0.3844933311377644,0.09671478561579966,0.08990642672297558,2.168198,2.950225
-0.0054225320359829465,0.5490638805477519,0.10337124271173626,0.6578381348637675,2.5912442,2.3129501
0.021343330353031445,0.5960456188387744,0.0903017317231767,0.22549140215158592,1.9991642,2.0451248
0.0933521853532271,0.3000232652027297,0.648899977806638,0.32981019163106795,2.7598343,1.3080581
0.21742584276202703,0.14552122531980768,0.5602364720737819,0.12007032324131235,4.0549574,2.4975429
0.3058960147263125,0.12908096754881027,0.3104637631676601,0.19272792504578265,1.284713,1.5596741
0.28187035339203487,0.8651601646068416,0.46821667226185176,0.12622371176931246,2.2448413,1.8816547
0.3694465855853834,0.16892192029710523,0.7768282933286762,0.6264164231560496,1.4270024,3.161761
0.6596427696553168,0.6865588384082684,0.7503928784816906,0.6628017720421776,2.1242778,3.0646417
0.12461872858280519,0.5514133741979231,0.430609181470407,0.20779578647416744,4.5383587,2.6823163
0.5120708557719769,0.06325058281253881,0.5012337103457886,0.2496923868093381,1.1690246,3.4451776
0.48973263523902794,0.6818782713380628,0.06689828591261604,0.1432715492981693,1.5171245,4.6569896
0.5976779076313811,0.7320382641133832,0.09136594217437519,0.03456549960609526,0.9888691,5.389154
0.16705195894492797,0.42358420487597415,0.03372041965028359,0.5927149311736581,1.3382728,2.7342145
0.1172407309320136,0.6637274189645948,0.3329403970216784,0.45180129635501604,3.4916425,1.071784
0.18698466066316327,0.6024419409899949,0.6741938042349419,0.5767196881828426,3.2399154,1.2540985
0.41564402032885955,0.17912187669024526,0.3872866186549978,0.1460027086588214,3.779243,3.492724
0.34885783173009804,0.04706830227671108,0.16094884758727288,0.08590486923365771,1.6688627,3.6022635
0.4895714035964133,0.05541439428884566,0.6713727327732063,0.5019276329213728,-0.67474794,3.594882
0.5856887171481259,0.13561889353168083,0.40793136977783195,0.2151743487149401,2.258635,3.6531887
0.6274803010806658,0.19596785911584033,0.7048178115845092,0.22866753560754807,2.99096,3.525602
0.4353016984962574,0.534305557808294,0.26215352767584754,0.09696150957035866,5.312369,4.99758
0.43600508507972197,0.8482555127738327,0.48879028815741954,0.019487049388222925,2.2462485,3.1518211
0.517945528007129,0.13903992691538733,0.5326243227374344,0.37363526474417663,1.5164261,3.5281055
0.5675630708440657,0.4549134656051937,0.15369553924908427,0.2630745411279939,4.8691397,4.911481
0.09098014241491824,0.6202362026769827,0.49493906524071324,0.6310914549654396,3.7415385,0.89923286
-0.04520370229001096,0.7781450853970163,0.35392660696497447,0.3411302497497487,1.1958902,0.8492021
0.2806350103005073,0.9165955979959287,0.4250886709632294,0.6587025486596989,2.5496724,1.5091136
0.4980080608934911,0.5482875362689978,0.780131643647221,0.6860000012076553,2.458697,3.6009505
0.4036787475650006,0.9037608760497887,0.5852522649574123,0.6295309152726262,2.8263505,2.411584
0.04664357845688197,0.3504984186439705,0.6785068208202378,0.017707361043806956,4.0828176,3.2833364
0.07079477303115647,0.7899316131828164,0.7801067278980915,0.014925246959285113,0.20062883,2.1115298
-0.022769747550611077,0.34004726880968555,0.15287078241748558,0.48835074735590606,2.9451458,2.292037
0.4566403588397057,0.7805619954675231,0.1593368144898795,0.7251713992249171,2.8184862,3.4210887
-0.001958578652055877,0.4548006815153822,0.6750008251550326,0.31013106379069305,2.7131686,1.2447225
0.1369656509804123,0.11106340348564016,0.176835714275311,0.2987795997388548,0.5516288,0.79259515
0.233776363814103,0.8581331522042112,0.7540100449344407,0.0717221000976888,2.013711,1.891438
0.018343592074301487,0.5228605437946751,0.746935635329008,0.6384256815504099,2.3695726,0.9003353
0.4660240116837266,0.7002635667787105,0.16476202217873692,0.3429001452972745,2.857701,3.8094566
0.20651503800596416,0.29202021250245536,0.67615286789327,0.14905393682055687,4.248407,2.4616244
0.02635398801690475,0.10402248642230098,0.016422688157968542,0.2242395542653103,0.047214933,0.5374437
0.015533211312166756,0.577222354792561,0.7574895658848927,0.40584091745479733,1.5150023,0.11087985
0.3737308221796948,0.09404044447339861,0.3350576666570978,0.5163849102452936,-0.12225638,2.6942217
-0.013735922250010926,0.21022228843330945,0.4359495279838124,0.31213266045314647,2.65208,1.1838516
0.06288759899891572,0.7440820622723712,0.623490218813604,0.6493850130359715,2.3379328,0.61273164
0.11514786056752734,0.5988699974750565,0.0951754167730093,0.736493960277041,2.075984,1.4392171
0.01801358856295343,0.7542670684372337,0.22930312721316293,0.5800602074938273,2.1170294,1.0901213
0.08170204932046539,0.04577181617244929,0.07869480989795184,0.7324284496134005,1.0179812,1.122387
0.00450825437209839,0.9108806825327338,0.09838725125738187,0.7286639637546835,0.29491812,1.024551
0.49890518584616544,0.8611290084135458,0.15619424144299746,0.011062786178451318,1.6235064,3.8937762
0.34278699876006047,0.44249313897084,0.06786788612362275,0.5538741024021584,2.1052032,4.311477
0.5902988799594451,0.43350592079101036,0.22752526938646217,0.5373317366982671,3.9151466,5.0948987
0.2923347716835739,0.49931515349196387,0.24576189526997513,0.2305457428134561,4.854445,3.2652347
0.5985644951344355,0.6806797054185213,0.14760620792092374,0.7298743108260274,3.2408307,3.82594
0.19125386649928894,0.6247499140127301,0.3373486549686038,0.5068366787635489,3.6076555,1.5424131
0.5145650112639247,0.3423737549094043,0.5716483445410635,0.39298147776393727,2.922992,3.6932015
0.04987509660086473,0.4631581628987753,0.31751790866353385,0.08219178822043813,4.908862,2.8822803
0.1268009624732987,0.43686153015212,0.7157547294355489,0.13244409716109298,5.2588196,2.5078828
0.24135389932973406,0.17243154586393247,0.7842770254448778,0.6968210797966573,1.6530548,1.3467264
0.20394083139164687,0.6775961421665163,0.8219980190780745,0.3209674288838768,1.6163224,0.7365833
0.41889674778178315,0.031432177926582636,0.7875912315885886,0.1314219338032718,1.4343525,3.0972593
0.12168699097416293,0.8662304905062171,0.03709825464597485,0.02793284238245181,-0.3044815,2.5316527
0.3193293282811612,0.09684206273493283,0.785919688331938,0.00504047997835665,1.7604703,3.2423499
0.6367786274380814,0.8431797504830536,0.18907179045106126,0.6927965645235166,2.6661246,3.6232727
0.6225991921755479,0.2194787754681251,0.0024155739668452704,0.7036464132651311,1.0699346,5.204399
0.1364245642859485,0.23791694224568916,0.06635799374433288,0.6109234532399528,1.4948866,2.3719742
0.356595545568952,0.6751292227313697,0.5939258472449227,0.5563379730181052,3.54451,2.6126382
0.47681995498936575,0.12430070961458772,0.44021544113835326,0.26748969434519504,1.1311857,3.4393826
0.11313904078371025,0.19905663415829403,0.8260969775964597,0.05038083274763856,3.269661,1.7881148
0.07303567612198711,0.07365133717782009,0.6656284944347524,0.6342704719142201,-0.20580666,0.6986461
0.08965930744757021,0.6792928218316041,0.6926448403267096,0.5025559513932318,2.3811376,0.70688677
0.5683781591021114,0.2864675359636356,0.25323437939516186,0.0576009144199303,4.851292,5.654697
0.38183850696910754,0.4327676201850253,0.588521651251577,0.6161108768229606,3.5215836,3.303516
0.5339006226768813,0.6618645736502088,0.17763044837329858,0.5610781951279968,3.3215175,3.8559802
0.08720125466772065,0.36466086123923896,0.6242569169506739,0.6944855652653503,3.1821105,1.7473258
0.4250920896512351,0.7989333742209631,0.2822588396286005,0.27935324700604264,2.430594,3.0390272
0.4638705019497849,0.8042544423333355,0.04592820316206376,0.24690433995425795,0.6241139,4.672105
0.04779980726822279,0.5980963761373372,0.5332584927732884,0.026314655729047228,2.9653728,3.8755302
0.14704900100936663,0.08048595013609301,0.24654792104532133,0.223196786793415,1.4518037,1.5855882
0.006835498521269398,0.6699779871848818,0.57901320194385,0.4458174083595593,2.560003,0.7314181
0.5869665397491065,0.08820565781404052,0.20890354855191162,0.405132139628461,0.19788787,4.142346
0.4310878457868702,0.29796253313567295,0.6189607708337485,0.4044720660913766,2.7371697,3.6218283
0.3727926939898065,0.0483579298003092,0.07461046638816171,0.21426934857689925,0.89987326,3.1298401
0.3211296049369046,0.595090043669507,0.6361422686174534,0.5662744075327493,3.1212187,1.2302493
0.39807621021458656,0.8981037623751935,0.40396269187525524,0.1192740166422623,2.0105827,2.4760745
0.3176348360311022,0.10268768528601524,0.6029449006806633,0.6831981901399566,-0.33750075,0.85490805
0.5079854074702256,0.6186023347905797,0.6144708737972023,0.025366814455114992,3.3393488,3.2912176
0.40120275983810805,0.32133230308560673,0.5639355131514567,0.6276832041302012,2.855084,3.362046
-0.028976798765428895,0.4828363342112056,0.44679794788219046,0.5218917319565165,3.242423,1.3939278
0.3841411363660418,0.07667748048966343,0.07985522929280098,0.5060697393059169,0.57511044,3.1710527
0.4539516582142476,0.5597048659063801,0.2327725731634282,0.1037410388751838,4.873046,5.05637
0.6574096343487675,0.47953926378483375,0.768332561198731,0.4693716287753038,2.5087047,3.6396735
0.3274643429319557,0.509290768570418,0.5099841710560968,0.2928645217421064,3.691419,2.0585525
0.3436091771278864,0.8625584421636453,0.7942518807661496,0.731737338835462,1.2641876,2.1946867
0.23577293711479325,0.08444982087529762,0.5223901824497521,0.6528318136865151,-0.3158563,0.9296715
0.6550816935598036,0.6130087011003319,0.7530309565006603,0.4183832884889544,2.3414025,3.2573936
0.5645106315315096,0.7405080504859272,0.2969769557809251,0.21600386566763727,3.0403483,3.2267618
0.290240785557071,0.8810774463153754,0.6831609366503941,0.006289289839886447,1.6734483,2.7504666
0.250646554617741,0.855382168296279,-0.0019341546452700535,0.4276777711029411,-0.6710949,0.054919943
0.408387862832175,0.059987051657498174,0.1784131632378035,0.5788459516918378,0.2630202,3.1462507
-0.03554071532863144,0.27832685792912265,0.7180843736951977,0.7203396225445242,2.3646424,1.4721704
0.09403965916112035,0.870007597323368,0.4254832165427487,0.03682258927683375,0.9744959,1.7101666
0.16251409354204932,0.5638473053387113,0.1793208917087328,0.3741517613609349,3.6946423,2.4272203
0.47897191890834395,0.7579501792808666,0.6259059895625623,0.5353960094090604,3.1117048,3.0067391
0.03429285483719033,0.7023273194281575,0.4373864472404393,0.6152691262200816,2.7036316,0.80053633
0.23266602292748811,0.4405777344530195,0.039494054817871986,0.47870781516796657,1.7965746,2.8579109
0.5899338886682187,0.7524874184800878,0.5520942342057498,0.594447860825152,3.3034651,3.1048703
0.5406893633786659,0.6323003681640444,0.451508514348463,0.5176621165471723,3.510938,3.1036491
0.26572004050991854,0.6882000644391133,0.3245716539735638,0.4385919546475575,3.1885364,1.5408373
0.10258163349456077,0.892531763953609,0.7910916302675701,0.04775242939613146,-0.017129883,1.1399381
0.5323157990555905,0.853474106786966,0.8035188191632893,0.6224037537135548,1.4578817,2.821393
0.08057139128778283,0.2089620727698957,0.8107155613894039,0.5427061293984067,1.795687,1.0764049
0.34487415260578047,0.058069320066078706,0.6663790119060709,0.4007499740702666,-0.66213614,2.5029113
0.20259995975349437,0.305675467781362,0.6062243139957124,0.6795414045239937,3.1676354,2.102693
0.24805391939547572,0.6551692330674233,0.458803267293344,0.6764010271201075,3.6370933,1.5063792
0.6218754700246134,0.04060824831217441,0.4913466590382381,0.724741367100421,0.17215107,3.615132
0.28226020969300797,0.753403554295086,0.044524028083743415,0.4560998889645088,0.3635503,1.803644
0.36690066461927023,0.8477569017442851,0.4866760393066547,0.6962575362884106,3.0109465,2.418905
0.6156431008670381,0.5621946183838493,0.5197881826692676,0.07459234848338873,4.3655686,3.8511682
0.19718020071850956,0.3778877467938689,0.10584703385961963,0.05186601883122023,2.5452945,3.758608
0.5129099368243725,0.005433597432140301,0.27100773242410586,0.5966684841632027,0.10633241,3.8882673
0.12978740713761222,0.7070695033216549,0.42311890275094305,0.30443506586545976,3.349707,1.1599711
0.5354769426170349,0.31989570441628273,0.37222986965366056,0.2614913710902707,4.0729704,3.6331177
-0.008330535678338129,0.8187468539960469,0.6640607369303321,0.36059347917628126,0.32719797,0.508408
0.28546488819923027,0.7800683662152142,0.34024087875516995,0.037445484753372144,2.3617876,2.312018
0.45294477070537126,0.6923037542619352,0.3566895770203948,0.7167167893542249,3.0578368,3.118345
0.5999492838474317,0.6901767501663612,0.5995031851494231,0.6136829428065058,3.2262402,3.1286342
0.42353114994526087,0.19773236398061733,0.39978574397224925,0.657356802436031,2.3608356,3.7733943
0.17875798097732648,0.16736287505132008,0.6409431590196114,0.741440663346494,1.9419467,1.8505203
0.6025953101832893,0.47433552391442785,0.09772239465003459,0.158655981813334,2.7675903,5.706646
0.5517452872103263,0.7325050280165004,0.6012296624071537,0.6232876974367559,3.2593567,3.1640587
0.2114050413220917,0.25767594028504853,0.04233668695427698,0.13060968875245219,1.2220019,2.76694
0.6401143624839261,0.15877604306524185,0.3441366010644567,0.10517288206337749,3.8833745,3.590018
0.4056961358941745,0.35802586733730624,0.3778719034078774,0.3581697069185056,2.8956938,3.2681406
0.1405438652693463,0.5495064716537519,0.322528124468953,0.6664101301918691,3.7691607,2.088551
0.20820347941601625,0.673624114369427,0.7699616954324164,0.2962481669672728,2.5671642,0.9366584
0.429591261053961,0.39754244493198004,0.26418845625552606,0.6679793062946168,3.4687371,4.9132104
0.28015071603289327,0.7783807529484663,0.7747788142960146,0.5330270066785613,2.2321212,0.9250676
0.2550779573692231,0.756309559238641,0.7295818552021153,0.5120877320281484,2.5681298,1.3000418
0.4556272629447184,0.4355517615501074,0.25110343705795235,0.530413859895142,3.9116042,5.0730915
0.4232614811933477,0.32354563108330225,0.4294414287676488,0.25984412475911944,4.099866,3.6447394
-0.022433091539071068,0.9019526275232362,0.22097924896614213,0.2398052224800685,0.55404836,1.6349854
0.3744041994780425,0.13339737587051145,0.7647586395025265,0.5002554730034577,0.76754856,2.9962509
0.41406881932516115,0.08617568854691073,0.35204260489151523,0.44891510388122263,-0.094324216,2.8595145
0.5592010563318539,0.023528925301707235,0.6308821829975455,0.6322621013537686,-0.67474794,3.5774355
0.4440568762581527,0.8760975599116334,0.2728920225859519,0.035569755650802226,1.8994747,3.3947575
0.46558293085534636,0.541423191452667,0.3415772620155416,0.676262232733782,3.7998672,3.7505496
0.32315212974458285,0.6152021771708985,0.0036219752550154293,0.7196439821651137,0.86372346,0.73004186
0.17736503648694918,0.4472698557269965,0.4053676607425607,0.14951255338372682,5.0043697,3.0365405
-0.026652059093653785,0.513899395558979,0.5906646447256729,0.7260434232752146,3.1078079,1.4757024
0.490476502924819,0.7285026414024595,0.34305652598041864,0.514552738063385,3.1171563,3.179999
0.3216924935491045,0.6833260857219284,0.5676330513973594,0.029674154683275143,3.32045,3.7143352
0.13183001425925817,0.8028220652020057,0.2814405992754635,0.2518627641748497,1.9086252,1.806233
0.18235966300601414,0.5526909447513043,0.19035856667224998,0.12276212934646633,4.696136,3.2353761
0.2130113709899239,0.368395865722795,0.7813715144097774,0.4498778877785167,2.3271267,1.5891072
0.3568207694617746,0.37072493164014114,0.37641988090692907,0.6046321143021864,3.1333642,3.4071703
0.37800090456427904,0.760745265633334,0.2539880950134936,0.0013782795236315214,1.6365794,3.2779047
0.40905286903021204,0.6113213540321051,0.4808340481106934,0.25251459121333353,4.084767,3.2003143
0.33276682652459616,0.804990570618841,0.6425836673170686,0.2045837237354313,2.5495203,1.8865778
0.3471383268650157,0.10954270839733914,0.28947796106652984,0.06874386376903995,1.6515201,3.3220844
0.4330669062921133,0.17123621385634533,0.038585844542686536,0.5228498368582679,1.4810914,5.0280538
0.3793341794123663,0.7840581882429777,0.08493274627519261,0.21927211864733936,1.0266432,3.3044024
0.23951840086016135,0.8380795792588152,0.32126353388628265,0.4584313857506654,2.6732328,1.5751047
0.13557859246635234,0.7473933462055868,0.054551868644464346,0.4529331812145078,0.6962349,1.3966529
0.20006701024775186,0.06232359465198623,0.6394279566004398,0.7237296097673412,-0.2858831,0.902254
0.3013789121528547,0.640818688368216,0.6203040075974565,0.42497806749759626,3.4062376,1.2921299
0.2955529030095744,0.3613487084440323,0.41668498975059826,0.3881373930507045,2.9613316,2.0062656
0.10859947954851105,0.8061280282010697,0.10174292667726184,0.24506593405668334,0.58160144,1.4468039
0.09283867981379475,0.6277734019359243,0.5453521851199216,0.02299195708111147,2.9570873,3.5147777
0.6606785653730048,0.4941968140928298,0.31409882771754977,0.4330382169408718,3.7456028,3.749124
0.6256973363264315,0.47556261233500957,0.16775119885176287,0.16872741971357735,4.8899493,4.7349224
-0.04190857351797387,0.419094358939108,0.8234235246592956,0.14059375472057084,3.8843193,1.4018757
0.1308545489161959,0.6421595049246825,0.21038763772917646,0.5534887285019144,3.4380796,1.5084664
0.22994272142053557,0.4377109962982266,0.3905151246588098,0.40166924948087973,3.9040725,2.158287
0.4577124651669479,0.4098589572352238,0.24315052989175634,0.3065329178362214,3.941214,4.8870187
0.32641513998241745,0.14785764932803439,0.37372702098678695,0.3809277949338542,1.8365701,1.6960369
0.46927562506278525,0.34754653140406044,0.7314978038395104,0.6300921416837629,2.4129984,3.7321353
0.5716095684840847,0.46735891811188973,0.3114851274475901,0.3379790541356127,3.3825984,3.8102021
0.33498899598673787,0.057790944363285315,0.6434179609333531,0.01461014182481788,1.8949162,3.332105
0.4416643183407565,0.10323422164573424,0.26984891447963993,-0.0006548881846304071,1.4937629,4.364749
0.657837506808446,0.23634622813065506,0.1830297203567746,0.25104610215516,3.163846,4.127117
0.48491035169558455,0.6541472798935997,0.5189574688744213,0.5939351361872995,3.5362973,3.2189777
0.20319584323602785,0.6364753800117543,0.29256900398478813,0.5036490750618151,3.5439599,1.5424131
0.29319303666264884,0.8164416169305452,0.49780031071923087,0.02025061732339394,2.1610157,2.9159498
0.07568560126209224,0.19090472373782322,0.7212299995875283,0.19961337988894823,3.134585,1.5547402
0.18635466214647184,0.18863164060562435,0.7981372062127247,0.19912538290233744,2.8666914,1.4163218
0.17653493501219547,0.22068842602335648,0.7587504461390763,0.2732900099668552,2.3163238,1.5004859
0.07494299078028416,0.9158055715422846,0.265212029194239,0.6460794534846253,1.9153523,1.2242094
0.24418411103937399,0.7271637428218692,0.7276325971930411,0.4913078580028504,2.442039,1.2858869
0.43201689517394465,0.5409465773766331,0.4367658271237464,0.6039516455292098,3.7359626,3.7976365
0.5468042164314985,0.8821730807157039,0.6403166750485519,0.3089438010967575,2.5260742,3.0054321
0.3787046528232203,0.715616378938344,0.7493077475500332,0.1684416258465865,2.7417147,2.657123
0.32278723226248335,0.5860448741920371,0.4699922593281751,0.4680322827334332,3.6799126,1.5655918
0.3587697579235924,0.10899560236324854,0.3632323205513808,0.16499049458337822,1.6773558,2.8445942
0.19142872058739158,0.013269016486407804,0.027253824402881165,0.3395167632582068,-0.39663967,0.8139392
0.565900960399018,0.8012186645917257,0.6842219932392991,0.03152265126878008,2.1585965,3.27701
0.2493037194357134,0.7197441978459306,0.8043251835285379,0.29700314435709857,1.5249544,0.74199957
0.17369846421909918,0.0109449860050139,0.6542823663351937,0.2324161442479938,0.90184104,1.1882534
0.4781972608684249,0.005666931172582834,0.7377146983614178,0.37263684449835255,-1.0362352,3.3412952
0.6436249518528133,0.6781363237002185,0.3986552295965635,0.37118681420000077,3.5439959,3.1643257
0.5763684978061522,0.2387571878430677,0.19872689887679484,0.5760453313740048,2.3393924,4.5312405
0.38979074127347885,0.4611936705984495,0.44167089482043226,0.45517868592157684,3.760699,3.3117123
0.38775449868693196,0.725251539487083,0.7766383284140802,0.3444301415930704,2.1651607,2.5177193
0.5229899797507811,0.35937069906284047,0.7335563988541037,0.1179944230698912,4.5696287,3.6660006
0.6469686047006197,0.7959414278091551,0.7820607029194634,0.7016659720535264,1.4140611,2.8683586
0.047450315938996665,0.5159876137256676,0.46136088476997283,0.4177969047924103,3.8515124,1.5191171
0.4480072363264736,0.7853594289205896,0.7135554694825436,0.6231771155677654,2.4257739,2.9447494
0.5298506939875229,0.4647954572308794,0.16625781139500215,0.30379009935593543,3.671115,4.7865624
0.1293502889578686,0.5901771971971658,0.5972688748098829,0.4598988974581638,3.671903,1.0135067
0.17287698929134115,0.8812425131919143,0.12340442836640386,0.06740268251920947,0.42350686,2.35652
0.2603593631469174,0.5192304132537922,0.5461348210899232,0.31338321718062345,3.6671176,2.0585525
-0.024674290516442675,0.2226640066448975,0.051373000880532746,0.26870772998076087,1.4781661,2.5357904
0.1200008611953383,0.5048682521101199,0.10860836721206753,0.13712505415828116,2.919357,3.1888652
0.6590263202990043,0.8875242422312601,0.5268602647659527,0.6536697631736422,2.729602,3.0548687
0.3594135419011775,0.6885214108494884,0.2592614164878867,0.12378574323581892,2.893915,3.2854774
0.06276230530138877,0.3487525335692852,0.19279190697126128,0.5476200574024309,3.2924838,2.4124107
0.3622279018764365,0.8270176347937908,0.12929004286381035,0.48490036497492417,2.3500137,2.6446695
0.19846817348045753,0.09969306701302198,0.25686584354857567,0.6465588961238895,0.4949513,1.2530082
0.13171447264702796,0.10127254918348153,0.33807354465968037,0.24473328202231254,1.2786222,1.0695019
0.19642664055946213,0.6525492173619082,0.6647035872144871,0.2880736961788739,3.4881337,1.487997
0.07787553350548533,0.13694410194687276,0.21131929828313864,0.0804625622185653,4.0959044,3.1921039
0.0411862531715093,0.46958460084461634,0.8141954350609125,0.4406832741742307,2.2560456,0.7688846
0.25005472732288114,0.5711081163575985,0.2966321543171583,0.08062239242755675,3.4456532,2.8934996
0.002185754069767225,0.7351884605214508,0.7231366778499431,0.33260293235436866,1.5885968,0.43989456
0.6419036232021118,0.5251044829613166,0.029287693415533705,0.17105800579704822,1.1527604,5.6513486
0.06076166979694937,0.03897340420252497,0.3209298646423759,0.35214479320573083,0.0056396974,0.49730307
0.3833443966072148,0.23960150452257375,0.2791818974718654,0.39422846465570294,2.120904,3.2464623
0.04371632720059862,0.6574954717749377,0.4922414018045747,0.04047205993189271,2.5819497,2.1820545
-0.015885521093392932,0.6297540508057861,0.46233784301154673,0.15110852024150964,2.4003718,1.324078
0.22826934337634985,0.5842641694601355,0.1097015168894609,0.540892744056923,2.5042248,2.0211701
0.1828430711909778,0.2798911240475303,0.444557503835227,0.708226240974394,3.3007867,2.1929078
0.12807184849121006,0.6171937913085304,0.3042176614416087,0.6199370917393285,3.6180766,1.2053692
0.6441319169648883,0.32299213748795264,0.4944059859924618,0.6647003172624903,3.1093452,3.8118663
0.611212831481823,0.02624209228710242,0.3935575437608488,0.432281953826755,-0.07293253,3.5840628
0.2916868025683856,0.34101674334593696,0.6091328849279547,0.6656361869294889,2.820558,2.0893147
-0.03123498590769344,0.5025268774025586,0.8017065511804639,0.2350821722908137,2.703271,0.9318045
0.41697301128418984,0.06988482802236089,0.14634692270371344,0.34958492389782725,-0.2409475,3.24353
0.28750856747415815,0.7090845678176555,0.7303264363012001,0.3721460059245257,2.3790565,1.2858869
-0.03866827513780777,0.581029497335152,0.0854340930178119,0.5104678589263707,1.9925151,1.454614
0.09999778889702023,0.26790587783572173,0.041486969629200836,0.18642287572395227,0.993624,2.7608
0.35111658364482295,0.8018216169673831,0.36258714816746795,0.3629691073943895,2.719143,2.411247
0.5569478763788798,0.4979176844435949,0.5626746151383801,0.7351845163232326,3.598724,3.764197
0.6181804005175551,0.5508878383684815,0.1216998817937652,0.73784448808499,2.7428672,5.194078
0.2310813904970428,0.16074588551510163,0.2808998986481136,0.23804696959637558,3.2870102,2.648705
0.14516719918609744,0.1486805770145764,0.4717066553748506,0.4015367822213269,2.7309778,1.5184816
0.2540997765456814,0.8799141895709749,0.4243248812619485,0.07931769998292071,1.8734078,2.2360764
0.504999852971234,0.4448219185094232,0.31815738892340883,0.671234248977073,3.7566273,3.84361
0.6642188429684538,0.8678428496058029,0.57526777068766,0.1285491773896992,2.6296575,2.9974427
0.3968963643524961,0.7298927588598147,0.6598750766910202,0.5276766317498852,2.9265797,2.551998
0.023315785772790157,0.29401358671494715,0.6782201135003133,0.039274732675754806,3.9637246,2.2195399
0.33953017517172973,0.34280493604736284,0.4273666255256188,0.3144748038530574,2.8908617,3.0674102
0.3805203674719449,0.37896619422505007,0.35155955074780154,0.5509104093053843,3.1333642,3.4071703
0.3002364952966208,0.8302285653196353,0.3496615629218709,0.6396018522083122,2.6751428,1.5751047
0.47092766820808,0.029072410335236592,0.5881373135057645,0.3769902877508995,-0.9410145,3.4145267
0.5842173570318374,0.8952484736987912,0.22987995172138304,0.15288864265743723,2.1208196,3.6714025
0.25607100462454135,0.7828631896936163,0.5256511955741379,0.46782709523584437,3.3877726,1.5574379
-0.048313082524759514,0.40789921291278086,0.2411153172658048,0.35554103130381753,3.0996516,2.046913
0.19219851444919434,0.9045689839085844,0.4652056871156199,0.22536656114125958,2.5029066,1.9769344
0.6331552148756636,0.24757068376576924,0.47988695604813225,0.4088524544971242,2.4878051,3.6236742
0.606613798674148,0.05167393864896456,0.7861095635476174,0.6514739650330367,-0.6063706,3.54571
0.3548699937598459,0.9088916353608346,0.5956276759681868,0.18417148392171476,2.4215057,2.5962062
0.010029494375996241,0.03481799011548461,0.5687065277534186,0.06101626325338243,1.5584997,2.0354383
0.543420024640905,0.8233643346860366,0.8212805386852147,0.3508334098187644,1.4605585,2.821393
0.13794167524320827,0.3282861628419277,0.2075210894893724,0.32671457977836454,3.375362,2.1665943
0.6074027717467808,0.28443010842928,0.04258493400519129,0.09843818392847405,1.2395769,4.8926334
0.5821191177444321,0.7938402423353365,0.7657223638393312,0.48588931291826354,2.077822,2.9447494
0.43439178252426386,0.5089502134054085,0.024191718651755234,0.2691118790943783,1.1317767,5.632096
0.491550227798155,0.8097119822549388,0.3969105372301673,0.37903526508015445,2.6927714,3.0158436
0.003343396847642434,0.44963224877032715,0.47713912706063766,0.07630863095585902,4.8497095,2.6429403
0.47981420954308224,0.016588081451178568,0.30702852692492927,0.5852338163472938,-0.10018771,3.5840628
-0.03679710644228791,0.8196907633142511,0.09217487405303866,0.34582590549110015,0.36669886,1.055706
-0.040915452517740765,0.21588800929590987,0.7354370224153061,0.7012213395557966,1.8458756,1.4327866
-0.010450147946938396,0.16505730091415388,0.3895099665877085,0.3166840755131175,2.972063,1.4891405
0.044765807197590296,0.21838798975501555,0.12279561555324489,0.45348318694374506,1.8129383,2.1620762
0.24570573679554636,0.6275136603726417,0.4473003363323752,0.43401683865379,3.6264603,1.4430223
0.5249354583027477,0.15381349859526178,0.16025620703234184,0.07007545627686862,3.7620368,5.0251794
0.19683878111517722,0.35369222697460745,0.4631928468776862,0.5718185997707386,3.4338403,2.2716267
0.10992653094457687,0.811573150690925,0.7888008462759268,0.6635878160182206,0.70712596,0.22113952
0.10686783915620236,0.8152353319630157,0.5373587709042046,0.11463957218765505,1.2057006,1.352524
0.1420819889375342,0.18789612068958622,0.6561943567799065,0.2934055573935083,2.1059797,1.3537236
0.2398470728486497,0.4131685472121012,0.09494531539419883,0.05975141162524941,2.4460766,3.8868523
0.5755744486138484,0.8255476836171396,0.5892734329443764,0.15919548076923937,2.5725203,3.052838
0.4098009274214015,0.7737117584181146,0.26675822954131495,0.08507354661560028,2.435775,3.329398
0.21038104542148245,0.7828185322264329,0.6087728251389898,0.5383933821479431,3.377567,1.373113
0.27283107330353196,0.7370894833586923,0.7973643889677048,0.6906287608002172,1.3509128,0.7296565
0.4650023497533367,0.22331481696035513,0.5003283381872753,0.4218884409867112,2.2345395,3.6106615
0.16274094693909924,0.0202158588325966,0.32280960109936113,0.11324863433538239,1.73858,1.6638151
0.29947309689140184,0.5668262854767623,0.13889646383814333,0.44304252641176495,3.305266,2.1647625
-0.014710678947651878,0.7419032657814406,0.03424144985065613,0.6398098708008454,0.51773053,1.1032661
0.581154713235778,0.4244072104336702,0.33532496527536776,0.10195638533373548,5.018513,3.9418135
0.3712474159529455,0.899245703497726,0.4857356889996466,0.3869987375827334,2.9125092,2.4393394
0.2095973795840737,0.288591942632303,0.5467721261077384,0.3137166726826502,2.8926015,1.901004
0.2340037188051331,0.49580213812286966,0.6424053185577602,0.5771076920450042,3.2626538,2.0134017
0.17538137815385207,0.46617319568128845,0.11443468187187074,0.06323565787688779,2.9996874,4.1127005
0.3475414187409426,0.911775617495893,0.7583128253465493,0.739168625382928,1.8135176,2.318043
0.6166326358673756,0.8975348562068897,0.34927247682807555,0.3762694256934965,2.5778375,3.0158436
0.5114991316700583,0.33961100165937236,0.6600789923834667,0.29521132021734586,2.542479,3.5515542
0.2692623657007478,0.9182556282122458,0.5120779815955141,0.412677895392208,2.7693746,1.5644729
0.41270758039735445,0.07136766058918458,0.2828921736423201,0.05823955039839887,1.6924366,3.393814
0.2046196159638316,0.15720585450596586,0.6345904822679824,0.061535760291128866,3.7997453,2.819179
-0.020539163034118315,0.9147090503284052,0.5161671509932013,0.49091156592489255,0.49822,0.6456572
-0.016547262544303463,0.2532222730723356,0.09341297154508307,0.5339950174084076,1.9806823,2.298356
-0.04967523044435124,0.703002603890451,0.6839049178178594,-0.0032275213036214315,-0.118024155,3.029675
0.47288133743211674,0.49439528857270126,0.26853997270631036,0.6000648977118086,3.9248936,4.777641
0.29375325957292525,0.6955067359750693,0.7458371897460727,0.10099032559863301,2.458521,1.6072415
0.15453982488655754,0.21747750346444655,0.5982218497426363,0.6362220205682735,2.1339338,1.851377
-0.007272956020697406,0.5004330766871445,0.3457174911822298,0.09762719866288165,3.987214,2.2678802
0.5054601777662934,0.7094148342100443,0.5180232745741083,0.513683814909032,3.264244,3.2408838
0.4675981535022819,0.15011484869977207,0.154923303250925,0.26459368483672663,3.3661082,4.069551
0.011206896509008954,0.14399763109496283,0.5143290961004565,0.27466766677259874,3.4354498,1.4375757
0.03258296902327952,0.3348033803898165,0.7070462639978594,6.834813325539519e-05,3.6044304,3.277456
0.00950753380963991,0.6545489883171107,0.09659190201211815,0.14768138103378484,1.5083104,2.0352626
0.6168222212799318,0.7867743792129129,0.32690762132399737,0.5814084480134512,2.9706748,3.0158436
0.31920028958867325,0.08934232835443284,0.8121826315743866,0.22781982548787483,0.5220803,0.6336104
0.1042974151076559,0.07777519593366201,0.7685366725903598,0.5716573701722729,-0.29280153,0.389732
0.3164427709756056,0.14966129612342727,0.2521297305157927,0.1154631188268509,3.807044,2.6073031
0.04955611122609123,0.5471688826933931,0.32785966956175266,0.42078025024960614,3.854541,1.5932467
0.08390223430954012,0.8666664903416876,0.45661571080905106,0.6062994243977822,2.1892269,0.929121
0.5874110023600696,0.5209095260783639,0.18982344195082554,0.4298308792248893,3.879038,4.957866
0.6306691106154911,0.3312489521506998,0.5699097563872952,0.19169587013217756,4.334633,3.8028967
0.611013281778852,0.7075080240548992,0.6940567852061034,0.4264673400502462,2.4110777,3.1058614
0.056524142906529504,0.5433222828806735,0.7349237160930855,0.6707905692282836,2.787281,1.4831172
0.5613639955266897,0.8784657496642351,0.1364648788548749,0.5045800631002783,2.3238711,3.4078746
-0.04257252017568258,0.34685371113333313,0.3842840063847642,0.3004240019085075,3.3603935,1.4965059
0.5084600118708612,0.23322235838744812,0.6682416559853763,0.08354529936327479,3.5119128,3.8071077
0.46094406905737634,0.030756492610191404,0.7922336916158536,0.23176085402129548,0.70024025,3.2797174
0.5194507678440664,0.8331496332498209,0.2778538084996606,0.249151668969354,2.4308586,3.0930178
0.08114508623135257,0.6958567041325162,0.5436254053676225,0.13561670230949835,2.6766102,1.4406163
0.6075301444784421,0.10748544872848421,0.28806734055775557,0.46285794369212757,-0.07293253,3.5840628
0.038253652557611054,0.31461483728318534,0.42078392996532815,0.10017106802255805,4.5608563,2.1502507
-0.03720449541881747,0.3456096989404822,0.725166709005318,0.4597205626570634,2.5722153,1.4926047
0.008568763614280703,0.6453436758347016,0.7660874367760869,0.18138376208811008,1.0300044,0.5973875
0.4747463686508779,0.8310197549453016,0.48750078935105734,0.39360726393366524,3.0081103,3.043936
0.3010025117121456,0.4222670462227777,0.6977257704849551,0.6601222258994711,2.9831312,2.0881224
0.2020309301885852,0.2710036930725539,0.35514003234117686,0.3352535586540885,2.7342522,1.965354
0.4024192281127689,0.0984266117357194,0.8241503787371297,0.16620471280841534,1.3171765,2.6107557
0.006318438128640309,0.25901223194669454,0.6506253558039454,0.13490182805123682,4.106445,1.8100566
0.43773790803060736,0.643641530226776,0.3862182990960133,0.1638632004060236,3.4496076,3.0692499
0.5205574595441206,0.11132124393141944,0.5153491970732171,0.2838836300261303,0.703918,3.447468
0.6130355668325574,0.8935425842044721,0.4223975450423386,0.26112634392673945,2.384759,3.0041032
0.47413957078817365,0.05246913058948964,0.23019958251004832,0.07800192115887941,1.8604771,5.2482305
0.05288304778717645,0.30800200250932247,0.34111781109204414,0.0070716958855971835,4.2762976,3.91647
0.3891404930476249,0.5746432762369076,0.3713360847439961,0.32864736383150145,3.674815,2.8659806
0.40710436094659425,0.3374673235916025,0.6531032761912297,0.4255534339219175,2.4367254,3.186619
0.5507724170977281,0.35622674645480407,0.12487289695042061,0.6792285279374484,2.6097503,5.0206456
0.5766671151245379,0.7497374989568825,0.07623561643938255,0.3172576224446735,0.978293,4.5066895
0.4290159530956948,0.5442617922745575,0.5353713851740085,0.291095295452704,4.3887854,3.78028
0.3204139343746377,0.4875322671030639,0.3928193760202037,0.7109379137506965,3.7181768,2.212697
0.5724580388401258,0.3062825056538317,0.009984366188178682,0.5917300242055217,1.0754288,5.0611043
0.19411439861538043,0.5461533099167091,0.23452444681479206,0.5094984989037301,4.0541415,2.8012705
0.10922692700929502,0.5072455582070928,0.6989843747214611,0.304978382723775,3.2171576,1.380756
0.24703676182303358,0.17922440836474982,0.036408762305369005,0.37042496638382744,1.0721843,1.9858062
0.6543531655128106,0.37676005940787133,0.703822707762824,0.4355791246777984,2.5629306,3.877556
-0.03803545254794482,0.33226063281374285,0.5314440694961177,0.37609394794257517,3.0629747,1.187152
0.6468012605826788,0.19939862053291896,0.81607516472447,0.5673480392421201,1.5918564,3.5702503
-0.04581865699632666,0.8470169767351139,0.19514557950962572,0.41374638501025013,0.98811436,1.071687
-0.030234860426560376,0.6856532021537602,0.7730625887235986,0.4973033365351036,0.95758027,0.2608351
0.27637651719721806,0.28491718759224444,0.5780575291405327,0.5874979970819036,2.7734537,2.2330704
0.38576096730159626,0.4516645940160408,0.35756641331309474,0.10652050031470377,5.1506267,3.6941993
0.2521348496256045,0.25362388798528496,0.5607537479551286,0.7098586077503921,2.8252425,2.2580981
0.47361718512447354,0.6335103910681789,0.37921624238419893,0.5186682064376175,3.3919702,3.0981238
0.21514385570655625,0.4270455310573223,0.08885201263325511,0.20728689808901685,2.5135205,3.5077806
0.1467435951876459,0.5870765705778469,0.7158744981453105,0.3864120563034443,2.3684778,0.77918285
0.14816863318249512,0.5327809096659855,-4.626778235633771e-05,0.17291246055452625,0.99610096,2.1556635
0.5021146100328019,0.38814081650204973,0.6021091270892972,0.4721775276295143,3.0513816,3.9243324
0.42606693398344625,0.734023096335315,0.36701518952372136,0.02730558519249685,2.5656142,3.3399322
0.019330984611006408,0.15221543982761637,0.5245555389200063,0.3091085963809881,2.5577347,0.92914236
0.30362844903864966,0.607513514686865,0.6251673852199142,0.4374733714909277,3.2712202,1.232862
-0.028228766810388002,0.00728592346669666,0.8207928128370132,0.4359694081106253,0.6358969,0.4892819
0.42746549889557234,0.42761946070373236,0.8078715767831932,0.3281702697129439,2.735471,3.422523
0.41973042356551804,0.46018828960825275,0.1837700479288475,0.5010934287994473,3.8568578,4.681886
0.5377365850423502,0.15266545132093706,0.07143757449827898,0.10973418219819887,1.6692538,4.4588437
0.44474939601744684,0.6003615428155263,0.586306635200493,0.6807592155450614,3.5986288,3.5625632
0.26170817921370015,0.2756446483115868,0.10814238816520862,0.39098357411833995,2.0931501,2.3053944
0.11238025578801296,0.0932556585091601,0.0999567386752878,0.25391391073602504,1.222632,1.3524752
0.5547761361855991,0.8394923430693078,0.4541182721744935,0.41126889524536087,2.830459,3.021369
0.3314843927820158,0.6388258125423142,0.36046297631855667,0.7150489738933529,3.4394681,1.488579
0.05113508175498811,0.29877877475138487,0.12878733155156052,0.5240292446631414,3.1328628,2.3670006
0.2185462355987154,0.517563537266736,0.5998517465401618,0.21986649224489677,4.4987416,2.7078524
0.15610068866281374,0.31769312491195345,0.3580802706849885,0.35308957890263803,2.9862635,1.7875565
0.6217876558258355,0.6896929125076973,0.4199743134746034,0.43963789978418594,3.2243192,3.1443048
0.0638004734155621,0.4562108625378772,0.25684831799929075,0.305500934348212,3.8686008,2.2953293
0.5170298136147138,0.11299129365495991,0.8028885746742568,0.6546229991862962,-0.6312835,3.495301
0.4958617148256043,0.42989302605866586,0.3067802339150246,0.5631084991872186,3.6703002,3.9056196
0.4147095596578063,0.8509580483396281,0.2174030246620222,0.012881978149023185,1.8095213,3.9398525
0.223781916161239,0.6124128176087972,0.6080901146717824,0.6689358672788276,3.562816,1.2767496
0.20508605416580938,0.52146404989548,0.6553267915593366,0.1732157469430244,4.8212786,2.7325726
0.0767883388411063,0.6566445296951093,0.6048016994530274,0.4215953590706213,3.3685522,0.8203089
0.19031684829810575,0.7610151764219489,0.26453625516310264,0.6069327133557222,3.2378685,1.8434335
0.28364433414775103,0.4884072308566173,0.41170908229724934,0.608065106186526,3.7325807,2.2386568
0.11614036390031275,0.4012049878234872,0.3089610911270454,0.3995555134528034,3.6808283,1.7726915
0.22369524608156993,0.7447073521778419,0.07497742588508167,0.09249963431133436,0.392446,2.1059744
0.21650323535875704,0.03313662395622404,0.5581262289252796,0.11072740418784718,1.7137185,1.7000021
0.5360552808873674,0.45039115538915,0.8134851050652095,0.40772134856673015,2.6295774,3.3818233
0.0861319651059962,0.6219902757618578,0.19803594245073944,0.10953224566512616,3.244557,1.7666507
0.09701468357488825,0.6374434008518156,0.1507680258143963,0.3345913418514629,2.9966362,1.2640091
0.16587024270471123,0.0819332113801666,0.1518491102296937,0.5554312541831791,0.57547903,1.0619384
0.44579476666316586,0.03301191931319592,0.3594050356700016,0.201023432504812,1.234248,3.5320492
-0.020612279843381945,0.8909258491279366,0.46888599158666766,0.5592049586807555,0.57752746,0.6230902
-0.033831402208399614,0.32441404979431315,0.6316295748633338,0.6611801959058224,2.5146081,1.4783545
0.6284341279798811,0.8592216406678145,0.3290664674542789,0.18897590874459808,2.1156666,3.0173876
0.28890509075533505,0.31007006352241845,0.043415629372568466,0.08696139352565585,1.1094949,3.0972097
0.6280638259113012,0.03521261424234095,0.24846249422477887,0.05312571756150536,1.8892003,5.585223
0.15359558487210018,0.7161874205965588,0.361598955861608,0.04482358224960145,2.363583,2.5932322
0.161795296981052,0.2731156203398212,0.2495581376713009,0.28850197869185623,3.7483473,2.5921552
0.563282458787873,0.20493937575842477,0.11690753407045883,0.04242919359668501,2.3383281,5.6063056
0.631321147671717,0.1283834590914911,0.3992435065477583,0.1170228959411216,1.7256107,3.4776843
0.05392586803143913,0.4858935425166206,0.47622623120948876,0.06630923228636486,4.2362814,2.7928662
0.4392989605605477,0.4805485315864856,0.30208799304587863,0.17777308711068424,4.8577576,3.818142
0.47655399656567715,0.8262001104432874,0.40095099057228306,0.32070543707205423,2.7004614,3.0303266
0.36561922430685206,0.3959513584216369,0.6033752659701478,0.3979482637120189,3.0255296,3.195359
0.06747311701653834,0.3716091696063082,0.6589763578899696,0.49407101345875604,2.8412206,1.7339172
0.037241639788551384,0.3730958687500238,0.6566992459838513,0.6772135956915236,2.4677572,1.59887
0.5506373807339257,0.5753676868125003,0.6972151059643608,0.38454442589906696,2.3287926,3.2093973
0.2009437616080989,0.8445396935113288,0.1921517968379055,0.7212886624556765,2.6012776,1.7444923
0.545422735014042,0.5936510828678434,0.2932055408608732,0.6025396576652856,3.4927685,3.6646097
0.604818341434952,0.2111957284594608,0.05624238521402773,0.27800717417029913,1.098666,4.5061984
0.15783569310519385,0.13813016717344895,0.6269097674492488,0.5820140126656209,2.0897841,1.6453019
0.5844376850454895,0.11622884755786622,0.013779139954848769,0.7221177693495705,0.099624544,4.8869658
0.5804273954856578,0.8442791523112697,0.44361540345717704,0.6260793880780088,2.805025,3.021369
0.28567242247928243,0.3667538054291514,0.5474026170438783,0.24800467922413702,3.8143551,2.3216667
0.524530725201519,0.018312634503351223,0.21998047583692748,0.14641014857485707,1.936686,4.224028
0.1802585163851792,0.31183858464497183,0.12030797449411365,0.2536511218538989,2.357364,2.6581094
0.3403407542700536,0.7654954627078167,0.30536143163972024,0.019161361212759805,2.2772331,2.9125898
0.578461123297425,0.22186810268981882,0.61562807824205,0.31850510677715305,1.9167956,3.5243645
0.34180019123933875,0.5609745790667898,0.2146561206553044,0.28096535777246195,4.4496865,4.552414
0.22230231625453933,0.4039495164728252,0.28375955713411033,0.38183367495303167,3.2622197,2.0614772
0.17197436971518698,0.6815614899656215,0.6736859572604563,0.5400096239771384,3.1598597,1.1256495
-0.03428281465200313,0.054348578322111867,0.18049560857790325,0.2407171881871357,1.488007,1.7079368
0.5213950129881922,0.33303067650618756,0.27441914648261423,0.20360799981789288,4.355557,4.052424
0.6523968975544756,0.45276443718358955,0.11292334623368001,0.2722214258825658,3.078796,5.378184
0.403106204025069,0.9078562520002104,0.2281932100481301,0.47321590375186,2.5342681,2.8334908
0.47537109294289653,0.9053911517957808,0.5132857489571969,0.3273326505970441,2.7529213,3.085686
0.33644465730576234,0.7763812953774986,0.018010342660648607,0.6194088613816412,0.2623955,0.5165031
0.2635210282243134,0.20310287513108435,0.8024107935459484,0.17998288725272307,2.889905,1.4572114
0.27133235198908867,0.3259301517573077,0.47419990817069657,0.39018945763068913,3.1135018,1.927715
0.49278713880918096,0.6464986991377992,0.712380743585318,0.7139192778425312,2.3533485,2.9784822
0.21469625354528238,0.17036147393941803,0.6281786207836857,0.21727900236503594,3.3154917,2.3022246
0.36524635941462474,0.5282530288363189,0.35097517252754,0.5413617026443684,3.7429984,3.1910307
0.15921990925972213,0.36603673630521316,0.5573698617132726,0.0036744739615863567,4.6095653,4.3582172
0.2228844986947185,0.35378014487424525,0.6772746400435824,0.5645747711782827,2.6984513,2.2300358
0.6651927209316801,0.256571319273419,0.3164553772460848,0.0876298199088607,4.1837025,3.540389
0.16846143231941302,0.4043548079010098,0.055100827814462114,0.5909470149150601,1.9184449,2.5603397
0.48827733991712724,0.8776217305129336,0.3295415705264021,0.33024365050190624,2.5181088,3.0248013
0.2318956906994839,0.3138349687655365,0.4095592148952514,0.13090628857010883,4.2556415,2.770587
0.5923838635069238,0.5452894252801991,0.3320260847546642,0.10852918465493547,4.7862754,3.8273823
0.6494228761806649,0.03677268900039397,0.7487614885452508,0.1924557367858955,1.3057275,3.5009422
0.6137985493463222,0.5796106790360054,0.5487745393145792,0.30679432588846134,3.6845253,3.4700027
0.5553836642544223,0.06763509842513257,0.20774460862785601,0.023313281107241776,2.4397798,5.8501453
0.2880346096330024,0.3181643938910704,0.11528475476742844,0.055366672507723355,2.2982013,3.5841422
0.4067506605252535,0.837499269553995,0.13463028468502422,0.7273350876270901,2.2986987,2.766172
0.022100255321879383,0.2868438834335146,0.2381383967951613,0.48255085008144893,3.0361462,2.1090572
0.1439595316421216,0.8131640833187415,0.3319425495028521,0.4436507547363565,2.2790356,1.1899831
0.4042249768366951,0.3893220876931224,0.7103405635289534,0.7419818301345794,2.4147093,3.3653896
0.4965143491115371,0.698508436209513,0.4783463420826629,0.7232095559130355,3.3522859,3.1464374
0.2369198646778372,0.8998015773350622,0.2553353077886634,0.7042497969663506,2.629952,1.8208716
0.3255418133100918,0.0010630854813791508,0.7512586053570062,0.6115774423427388,-0.71493864,0.6509453
0.5698743302743716,0.2821983834239316,0.4131038527889903,0.5265664025585478,2.9488752,3.802403
0.13496634357877973,0.8830682595732869,0.4795971692028573,0.47807903742874786,2.4670005,1.1470448
-0.00964886603786469,0.125398293279321,0.4296742583389868,0.28242900532010623,1.6038424,0.777043
0.09511259254667727,0.18997238765248078,0.6493740703621838,0.19087103868753846,3.4498947,1.5902892
0.04844766341770536,0.6350494931731255,0.7271853223033983,0.06700382113253806,1.4308928,2.0096354
0.3119481116920657,0.014651106425214286,0.7362112813679647,0.42278320125941626,-0.66983575,0.63414365
0.2536913815324192,0.25565994186826885,0.48482435467108365,0.3159687665804852,2.8704655,1.8949034
0.5068035254510166,0.8092853660402601,0.7791393325339308,0.03323389147974491,1.8767968,3.2647839
0.14911373584532073,0.316498209227708,0.33382048646423507,0.5870304936563491,3.2570672,2.0831041
0.6355275790846,0.3565298913967195,0.6922203379831502,0.32390501025003626,2.675883,3.6396232
0.2291118655887267,0.1805044419402506,0.6856918219490526,0.40265282311936856,1.99007,1.615844
0.4181151520258857,0.5295777068392253,0.6067420947586266,0.49821405180760936,3.5807781,3.3127697
0.264934471954741,0.6592148815848267,0.3601944851422237,0.42782244065117114,3.5153635,1.5928049
0.6333728778861129,0.40222074030656385,0.06890491449792939,0.09576936382434229,1.7272248,4.886004
0.224590772071181,0.379689313013548,0.6818994155675068,0.3643517928795606,2.4445515,1.9562396
0.27526115020531927,0.7927919488914315,0.45919841572322473,0.7161952829853827,2.666692,1.481644
0.5456573804152974,0.42596717564399295,0.5052498149643494,0.06442379132733152,5.108871,4.29193
0.5257423783678953,0.8606608722495634,0.5664335209671684,0.5289375801865457,2.8924105,3.1016026
0.31337989852925857,0.11390818764424672,0.23918951828725762,0.4507772097032822,0.16307896,1.1345164
0.12615377754303908,0.22544386126038213,0.3811545834721592,0.17035169676308823,3.5929217,2.5824854
0.19348893247914484,0.6513279335736841,0.24734690119059413,0.23129936875611168,3.6714258,2.2735043
0.5824120884766198,0.3338370247112523,0.3254225865512513,0.6321173585034033,3.0152636,3.7968776
0.477933060270697,0.16650168215505692,0.7174610238316175,0.2560013322345966,3.048025,3.5059285
0.13884631844853734,0.47170491778433643,0.49589738813205025,0.3485180092300078,3.562069,1.8541083
0.06053825358325253,0.3218632535672216,0.21210839648402283,0.25610969774577586,4.4416127,2.4856362
0.21885019358204333,0.01855816140636646,0.4579493497106591,0.45687162894588246,0.31775135,0.9386044
0.034980803837967936,0.4149320398309053,0.43404762672919467,0.17219223719090146,5.0498614,2.3611634
0.15699283937978342,0.20641847761674054,0.4327055303242108,0.20976871693203122,3.0927258,2.3602257
0.5474592864427037,0.6579333388839474,0.03812538095975861,0.6248023952527657,1.5379695,5.1739416
0.019891753492349132,0.8500733409003421,0.2594319465788314,0.5572842114739885,1.418761,1.0760422
0.3973473186532643,0.06816253001751851,0.002002740489801323,0.21251545901283295,0.2502787,3.2891965
0.35012062114664977,0.42164985657288784,0.14306900245651383,0.24145748390769622,4.7494926,4.279677
0.5626657643263319,0.14262304591848562,0.17533457928830049,0.13643430838219228,3.7839868,4.04719
0.13995075812325702,0.2447789288660093,0.43345163743157755,0.7154533632598072,2.4803386,1.8794053
0.16001495911811747,0.23523062632693298,0.15715652395991023,0.413276764330971,2.4101205,2.1263015
0.6190400317331984,0.1753999888065175,0.11958821628744719,0.3425453300966393,1.506911,4.373572
0.10305635075634655,0.7183259062924772,0.7097180561604662,0.2626911929856817,2.1990964,0.86912334
0.027044559508802732,0.5306163118896325,0.16952154583614915,0.025498346458931818,4.8008943,4.7160215
0.4670456865846874,0.041792891100545036,0.3094335430884748,0.13293290735968177,1.715824,3.4677193
0.35803562923730975,0.8497905741630555,0.7197735578964589,0.33198487093457946,2.4469683,2.347435
0.6458396430677112,0.5356577281576483,0.3134486173456461,0.20891692449665708,4.599767,3.7972627
0.1499272567470048,0.3495649124588529,0.6445583282077709,0.1173407423492268,4.463655,2.366099
-0.04775600302476156,0.676601553196178,0.7833733624616669,0.17671513104469777,0.30461589,0.7506071
0.4832682331842712,0.6065017302368831,0.20325001911700422,0.36598839779283815,3.466688,4.583924
0.21400850056081427,0.13457955044868636,0.15586156844391374,0.1619330708349003,2.3658464,2.2787442
0.02596238216327465,0.40818264206535865,0.6628645297708217,0.23866217067060377,3.746647,1.7265726
0.26841968004577244,0.7043178876565046,0.1975334817005632,0.419339567589903,3.124909,1.8160881
0.09822724177385105,0.8966255717148045,0.7930846613070895,0.12943410426201438,0.17609206,0.30912876
-0.04910442332986836,0.11677181352850777,0.7631362949695341,0.04604725314143948,1.2783486,1.5518246
0.3377928624333192,0.6381650653605543,0.06946852578378793,0.6724113449657063,1.7296978,1.7196114
0.5607174869884997,0.194669592435293,0.5691683485929538,0.2024155544816465,3.2965393,3.7515872
0.41194528189452345,0.26059018751422247,0.6796662405347753,0.10392712823914038,4.2951865,3.3031166
-0.04404398082524299,0.7386657396024644,0.4708001021277652,0.09948469616094606,1.259424,1.1652789
0.06683000398020891,0.19497819528216798,0.6338769209905996,0.15671573679413686,3.5750654,1.6703176
0.37652319010361746,0.7481957215346616,0.33085705833076917,0.09321953805687495,2.531432,2.610632
0.3948400408234987,0.7706919484851611,0.386166901997684,0.1399346432519589,2.7274892,2.5311387
0.42812785141032744,0.6981869828060433,0.7947445775395425,0.3523769946378059,1.3420571,2.9339743
0.5478069085394068,0.6098036372664043,0.011371481065267704,0.7409384465513476,1.2172103,5.3485622
0.27905831961853617,0.5563046226077033,0.16679490767432115,0.2893767731793178,3.942437,2.9392664
0.07048286051703091,0.08143724925812738,0.02160586049033447,0.7182336803790796,0.20884955,1.1153852
0.445666273431312,0.10039773287478712,0.25029078484798983,0.15214881405001054,1.9214984,4.4082766
0.5413963300401307,0.7260123008865907,0.018264552475340586,0.45405715133975466,1.1184115,4.9058423
0.08299920307989793,0.3838474850624521,0.6291722468675742,0.05494552344073257,4.5489964,2.4266095
0.4508136478333043,0.8179275976600109,0.11755156107712003,0.6098405569024028,1.3886001,3.9138408
0.24296519398046895,0.10531267945964393,0.3079426679995637,0.2166765956665476,0.9487675,1.4881556
0.33308963547619924,0.7454059647758925,0.581684670693327,0.4949257016392844,3.374543,1.5239285
0.2962195639887236,0.8139161166447786,0.6179829947192411,0.49195852626422626,2.7970428,1.4037808
0.18114817279408713,0.5149011345975287,0.5023313106204635,0.00916380651199973,4.4626303,4.4778
0.6243672606588395,0.4586366372598067,0.27628855492756316,0.4617861464703233,3.8997147,4.288371
0.09539955643729746,0.0378110277275541,0.5622271331064024,0.37827957110531596,-0.47772086,0.43382406
0.6672760975242553,0.24137946997558427,0.11246161680650185,0.1554165238575462,2.164792,4.5801425
0.2514528637950026,0.06920209630347994,0.004979351831433005,0.5485240449514613,0.09111469,0.15422682
0.45479638029194097,0.1265776922086605,0.49191281377216756,0.6883270238037881,0.1804184,3.593687
0.5887503965799309,0.36311701082089226,0.6966522119335485,0.10707855032587174,4.538446,3.7407994
0.12453237766445481,0.5391457864887242,0.030521951908287093,0.4760645567916968,1.3001955,2.6546874
0.6325307329674429,0.012758958853949188,0.17082172761447795,0.4095883583522727,0.31813475,3.7720947
0.21993345004085663,0.14497509954633425,0.5789466400700163,0.11171417144076522,4.0456333,2.4922638
0.07610313012698157,0.3610272558081856,0.41409220623734655,0.13824106708855916,4.8024964,2.4158103
0.3924599658726682,0.43053323815761513,0.01712262158323715,0.712769109914969,1.2303361,4.427676
0.5096050533433562,0.6249851165825413,0.43831579871698484,0.6619579143987737,3.516969,3.1036491
0.17440231891847147,0.2948883976201005,0.5234926918769015,0.5446447001984686,2.9303608,2.1661897
0.48406339432045303,0.4921664879738214,0.5646834801665885,0.5980958971623314,3.5767596,3.7846315
0.26279531919580956,0.6999515071702661,0.13008791223390564,0.34341233371533614,2.7835033,1.7232776
0.4492332815675403,0.1311351245919907,0.2998989401369115,0.5256346364993811,-0.10018771,3.5840628
0.08812118125670783,0.41381555385686825,0.10130278229494102,0.03131150243022027,2.5379786,4.609582
-0.039368796415153194,0.4915230072051208,0.6892916344883628,0.6032546046653592,2.4945893,1.3646622
-0.03186353436219523,0.8839372609792815,0.08331933987356133,0.19694571819600193,0.14981422,1.8351619
0.0826660417380138,0.7997696344054268,0.19635417713953324,0.27738801360490595,1.8057264,1.4433041
0.6058421860029674,0.2972714629692763,0.11390721577196748,0.47675572032161817,2.1914706,4.674409
0.1509256943004133,0.5820081180142802,0.019537021716681122,0.7188841772837301,1.1932664,0.5243468
0.12202113331534752,0.4440641623304807,0.805752566049895,0.5657121638446737,2.6814537,0.96907175
0.6204140241593152,0.2455829927380722,0.365649340136314,0.24727225262005084,3.241181,3.6331177
-0.044576108135228845,0.5009765733382409,0.3708580154757681,0.23933450741490273,3.9290378,2.414117
0.03142759995152704,0.5770022958676452,0.6103524327221256,0.3464078582666354,2.895769,0.43926328
0.0005066213445104745,0.7111921526198888,0.2450103509211737,0.2975885522510669,2.310672,1.4708318
-0.012114681696671743,0.8404126029869664,0.11015506067271161,0.20674084347092883,0.4634582,1.8047619
0.3770529330165792,0.22992477260784644,0.6209375087313541,0.39699370287842894,1.8584069,3.0797095
-0.021402299375583623,0.791519654743854,0.2218193928316513,0.46969290784524653,0.7964763,1.0168855
0.31130955170814484,0.5571204244838663,0.030975243511741895,0.702556696596738,1.117763,2.684444
0.5279250896606719,0.2164998969445193,0.07325033315954178,0.33599988844102485,1.151411,4.4718537
0.25933687856691423,0.14095541198132433,0.5447317444324863,0.28321271496376454,2.6202004,1.9559867
0.5275578042290006,0.2641397389647937,0.5427384108651174,0.5799664500460647,2.7034388,3.8021004
0.5220593606725358,0.6292354902332612,0.40356132028102365,0.036127880642952206,3.221698,3.133289
-0.0329929396551393,0.7123847830714565,0.007785304523128111,0.06503016086451291,1.3296907,2.240406
0.600665479131095,0.15669850172900984,0.20449356617202363,0.010278423040136408,4.211009,5.3796844
0.03563641432567673,0.4813180050455252,0.7603362017140463,0.5518955855970895,2.0822198,0.89962727
0.11099869005838149,0.7508916469085039,0.7442173407388635,0.5670258382207707,2.108575,0.5819382
0.37241309439247344,0.5381624659916596,0.02099705608925556,0.6419739731054388,1.1947579,4.582616
0.4635198706209545,0.5255813188667399,0.8097103677753752,0.6507325305756506,2.52258,3.495187
0.0879441992132763,0.5066730052989287,0.2155282081142992,0.5893268777972879,3.9606974,2.5013418
0.05451132704561096,0.20140295655341967,0.4404689619991645,0.6901320669136856,3.2457628,1.4482453
0.5239471698790138,0.6426611236910907,0.3192184046907763,0.24393228256527436,3.6145482,3.077964
0.29633201223055117,0.4171812807320587,0.18804279244526548,0.6784704529477393,3.894289,2.7232966
0.24330992766770193,0.8455408580042386,0.6289830911343447,0.4821010404852486,2.6450627,1.3337035
0.046091779069054525,0.4485885686723765,0.5770078634979613,0.5419849827594172,3.7621264,1.6469886
0.09744906211120287,0.048727172917498805,0.004796870518265905,0.5081381107258488,0.335018,-0.020084757
0.4595893921963276,0.47080484211676726,0.06262584889157448,0.36832194004185537,1.9644319,5.202824
0.5947177255595661,0.11914378805853457,0.7241867038916301,0.1809836561231329,1.2742105,3.4754694
0.22018307357332773,0.24387458679394475,0.8146312164957521,0.7048495999119611,1.5011156,1.4175968
0.3180389673360793,0.08857370238285243,0.05867160365912317,0.38953685347901146,0.44520643,0.8078114
0.18368995064994864,0.5226944278925816,0.5499757458922222,-0.0011091911129447038,3.57741,4.7635407
0.11865758174948925,0.6234439910247176,0.6705495926783173,0.1633341746242702,3.1149871,1.5349337
0.6660391809672576,0.648387146634915,0.23232555912820368,0.1125540104307486,3.4864092,3.941893
0.18984733224462286,0.795097525761576,0.2424649623564969,0.3826717697149444,2.7220013,1.849246
0.33704721340078553,0.09564187753441429,0.26101878262103706,0.339954412194696,-0.41763282,0.9054979
0.40049197949253185,0.35544751918842904,0.14944254355760866,0.03044132206293877,4.4478517,5.1622024
0.6042787315692636,0.42536916269540453,0.7219605708674897,0.5691669965250182,3.037473,3.8841822
0.5640799064414957,0.7881390733542158,0.2672552859001326,0.2651524317411355,2.4367793,3.8278897
0.38319570421734933,0.06629148633736821,0.5489658251558338,0.2870002416617213,0.5050416,2.543813
0.3643833426362608,0.15464491396930494,0.8277526995821441,0.008415054154609693,3.392588,3.7805855
-0.006797679048999104,0.8743203900829246,0.13238135938131726,0.47952687629502977,0.96786964,1.0877889
0.3599677602693295,0.6306568133615422,0.37970301330248146,0.5112652110806111,3.4202948,2.5217445
0.48611077667173136,0.6945874088297156,0.6390048645083932,0.0016981234594401831,2.211998,2.9191592
0.5618056732357405,0.2898995984841664,0.4665930832562835,0.28041794280526877,3.6124105,3.6470304
0.6454824744526548,0.2882948939444376,0.411197071064288,0.042666145277052356,4.2353897,4.064079
0.16674593839301594,0.6033275975740396,0.06047532189449694,0.3382353147290656,1.8738538,1.5174292
0.4950256526954216,0.8081520078200197,0.04954529931289531,0.02418356890745456,0.24953686,5.3178706
0.6092730770906001,0.8571571840873011,0.37769851094791096,0.0339176983077588,1.9209374,3.0345035
0.5397225767903803,0.7858211066129522,0.27999688020846375,0.6128727262477638,2.900297,3.086556
0.5292298857668271,0.7749188694810473,0.5253142663037917,0.4554331733994862,3.354268,3.0767283
-0.004636017465060725,0.2497698760624885,0.22556876985864235,0.05239865638994112,4.0028462,3.3193617
-0.029349389325670446,0.6519441931622385,0.3471427917959597,0.3190767105793203,2.3501585,0.93420327
0.4992845047159063,0.7710859256553059,0.6458004643141323,0.08550777036192027,2.7750032,3.1887374
0.014261571666080344,0.38176269068544166,0.08188743043232297,0.4351231915929473,2.0948772,2.408411
0.6369000702421495,0.8774680335813198,0.31601831233115196,0.698560597514792,2.5813851,2.9735496
0.5447825311558513,0.3028534831986995,0.7460164221702782,0.6702017639719154,2.2343276,3.7304394
0.1844733405947816,0.584694032609022,0.6469999398747148,0.43730374869879357,3.1919239,1.2292135
0.2743077219462559,0.5914550215084907,0.2741385187769616,0.2584728509969622,3.8645644,2.2751997
0.2722224740243882,0.8558113353653568,0.4839488973650916,0.0789582418855871,2.3165193,2.2586436
-0.00034428454735015157,0.7768159606374497,0.6119517485987931,0.10773406050573008,0.5562406,1.0536613
0.18811468981208146,0.021984782389622655,0.5045890767915588,0.6751256653693486,0.03530637,0.9092368
0.4497344205998917,0.49668025670309845,0.0007958404477962037,0.22120658041468363,0.94418824,5.66316
0.304563934387436,0.6443449272260112,0.4193256166298628,0.48726458286438495,3.5122848,1.4430223
0.2706233659675673,0.5428420116767378,-0.00047502819587449344,0.3666256292364653,1.0704423,1.5326766
-0.01856003741595843,0.604073825282513,0.7053872251951886,0.10281793144092574,1.5620301,1.2780615
0.10604550982101248,0.6145875887619796,0.16909133268601387,0.32557949197090585,3.2655897,1.3230866
0.513820292656953,0.3651585438290915,0.13682216929334096,0.5637493922432577,3.374371,4.5349345
0.2907809477275945,0.5782002989030715,0.08942434617330097,0.5293639535841774,2.1836467,2.0147674
0.06609709469367038,0.4584948653005896,0.3852733962005428,0.3567354374067811,3.6237836,1.5591042
0.32486694628743706,0.1821290173737105,0.24411770349213033,0.6893132213908058,2.789452,2.293732
0.06929355174745011,0.6316695297301332,0.66168888598099,0.29432749755515275,2.7903392,0.50053793
0.26751359521410195,0.19349632606002867,0.7063606298187926,0.26635376666422844,2.7341845,1.7849896
0.3028777269249537,0.04258961600879202,0.5061173142665748,0.06367461698635694,1.4340873,2.396211
0.3271769263827582,0.24654498530202754,0.2776947060790314,0.6020045140431812,2.4037423,2.6206653
0.09905639877182772,0.13250119786667236,0.5525934530459257,0.16068740509088522,1.5919467,1.4052315
0.2528997193517443,0.5032642727489024,0.5343463392427268,0.6684624570330004,3.6506896,2.1499984
0.3236662946601179,0.7733836096830348,0.08597328875248239,0.46499783213011775,1.0156969,1.6840398
0.5772912274505122,0.3519193966949093,0.34253451595542583,0.42329816208071325,3.2060137,3.7522683
0.12327032485064528,0.036470668564804735,0.5129447610935403,0.6840192613055844,0.10324628,0.7446788
0.5402029238257149,0.722167619711132,0.1815611914791863,0.3407302050554169,2.9995947,3.8154173
0.17568056589281578,0.162056286917426,0.6863466812644549,0.09462985018949918,3.809855,2.133275
0.12082617625773108,0.1464330458235368,0.5920187970985876,0.6433786068999247,2.4553897,1.72033
0.4155809134533282,0.913623839754806,0.01546431037503343,0.3592362637506017,0.5018642,3.8939412
0.02974133790409851,0.3108159782428757,0.07775797353289171,0.044285937345848805,2.221971,3.3879802
0.19553570839716783,0.6690732548104786,0.2991160266582456,0.16950592741676854,3.3142123,2.1723077
0.3100223164542682,0.00019539559617881913,0.2204775372411394,0.5395623330081908,0.13487579,1.1691879
0.06434026676845135,0.42906717064009753,0.17594575044656838,0.02848297407091478,5.0516906,4.974897
-0.011215170660837014,0.5878078963498002,0.053877609058820226,0.4997678225176776,1.8267387,1.4251696
0.4174012158901451,0.07228003909443466,0.744670305482642,0.7270254850216691,-0.6130305,3.2045128
0.34133696833209654,0.2521094609243912,0.3960197658064156,0.6173997956609758,2.905795,3.2734246
0.5374664064662114,0.8036765414210183,0.16398896541851074,0.07324104730445821,1.7488234,3.736298
0.5957597358220853,0.26646288653595657,0.1917321149935001,0.04141048399761642,4.6705422,5.7482805
0.282889762680046,0.29053303606293146,0.0517821881868393,0.005303970153086082,1.3238102,4.7303343
-0.02350749278509882,0.4413280538201949,0.3745500543132663,0.41557257506735035,3.4793882,1.5559319
0.5540403572201509,0.3914859625638725,0.33630993501749973,0.13734436734894898,4.4590898,3.757869
-0.043142863007318843,0.27012747051990044,0.15897374450841995,0.18784168963004777,4.225995,2.8339214
0.35391137757391183,0.41551247993987683,0.18551070644717335,0.23397582488539653,4.9105754,4.081478
0.5426161053527825,0.8420869280240558,0.15777878884201338,0.33674767992676363,2.3487093,3.4005623
-0.02748792026553874,0.11493163887124097,0.7323203122869588,0.18712481942251696,1.5113188,1.126847
0.26189165051576474,0.22422967661590235,0.6230908285134897,0.5279718944575948,1.6347271,1.920414
0.3943120859990828,0.7147161997921669,0.2855808727747866,0.17417978494249844,2.9353993,2.809727
0.4365698393693436,0.416346383641661,0.5095420712570055,0.29986130578284725,3.5842547,3.7880976
0.3633868586406218,0.7135594319810676,0.031835350541396155,0.7134334259588231,1.0589975,3.8463545
-0.0038106961513545493,0.3700031276563638,0.1341062382026832,0.2715733726821058,4.0612946,2.6238472
0.0782895615566971,0.46898246673611477,0.8290370366817782,0.27062357372812496,3.854792,0.8031989
0.04257640878937806,0.706013584470807,0.3833129697435413,0.5617326879380823,2.970045,0.88945085
0.33910425857841936,0.22000028930092314,0.21324573687662715,0.2912634642006259,2.9485126,3.7426965
0.2792062279186148,0.2615584904980326,0.4484966535457434,0.7384868850625838,3.032456,2.1798377
0.39960423479878476,0.11451505047707557,0.26794029839527095,0.6730259779107443,0.35889682,3.2331166
0.2272903470808762,0.22941914215646714,0.30506721909224993,0.5585919040460676,2.3423574,2.0670757
0.6296609794869331,0.3685090405429044,0.7704454544265357,0.419700221758387,2.1857646,3.6490362
0.11893827771866498,0.43482920915587037,0.518575805155432,0.3220719091245905,3.6220028,1.6758344
0.20725276286956978,0.37670713385494586,0.7882818878875746,0.11413801679629632,4.107243,1.614951
0.4697480555291976,0.18486649762224044,0.10319782368454539,0.284518371036882,1.9829755,4.548799
-0.019406735219058606,0.12171626713021728,0.687468623115835,0.48629910737748466,0.671234,0.8293985
0.6498479439281064,0.06390044965939655,0.4075950540185165,0.29811890453147677,-0.009246436,3.3414962
0.14875314421605973,0.33583993212192553,0.5666441468085625,0.4102968616209379,3.115234,1.8450465
0.0615639887284328,0.7888509651084679,0.6613170948062268,0.27583494717483514,1.2151066,0.9117466
0.5593829051850129,0.634447237256421,0.7029388742032016,0.1551563222420817,2.782486,2.8996806
0.6565879191133026,0.16277496292590374,0.4980901675598382,0.4877588816220567,2.3915696,3.7392843
0.01336706378741885,0.8588384402863685,0.18467752464471282,0.734046463787528,1.04959,1.0417805
0.051892977921065814,0.6661463532290007,0.2362848770558234,0.5131284096867573,3.0591452,1.3499852
0.6377065854597851,0.6604465249179718,0.49321475928286984,0.5250426200704628,3.7760649,3.197118
0.49239346601307027,0.5971572411564857,0.5741838191709462,0.477497215579933,3.550384,3.6729777
0.2644461633003612,0.2314131618003964,0.5824985710874022,0.5696304772191999,1.8904129,2.103851
0.5703529276415009,0.4006042262297056,0.442249162009866,0.4712362462535933,3.165713,3.8953333
0.5581569503725046,0.004217767038901335,0.5946121701348913,0.2730465687694822,0.85951036,3.5097408
0.4050354095491543,0.351517463244138,0.6160138572418167,0.09041292915475903,4.3888845,3.351728
0.5286401245537621,0.26257752874173657,0.40161938290205956,0.2134988937099293,3.8972425,3.6916747
0.46174151006978087,0.8351020134178038,0.8068740406972424,0.27510872080965015,1.4112949,2.8328073
0.48699624292676164,0.22726020585473125,0.028923436728105798,0.18564333635671185,0.55687886,4.9610415
0.12590745572868595,0.007576562217844237,0.02373311847568122,0.38530149654464985,-0.12394574,0.7727418
-0.025900386618801046,0.3856966875362955,0.7480464475345122,0.4291925307879383,2.5305011,1.3754622
0.5390722315177475,0.5042706320615901,-0.003391375943203638,0.46617178696578,1.1664711,5.55012
0.24843691033282717,0.7305375402822826,0.5963735217365126,0.16260823521268056,3.4127116,2.0919135
0.13957724439887725,0.7902608453200117,0.7002573486864992,0.6354092049337895,1.9093131,0.88915825
-0.047052127453768786,0.4096683809573009,0.6508142500824846,0.45796122612205503,2.6010842,1.410979
0.058665624888633555,0.002341414111275591,0.04055375404388679,0.6735486135583689,0.8584349,1.0939404
0.6010338211978405,0.8286941990350833,0.5912681461115511,0.17589194384387888,2.604817,3.0609977
0.5045980303862614,0.6159633163737633,0.3486042840448827,0.5987165320902216,3.5032463,3.0981238
0.057743247004362314,0.8542600627237458,0.21008707696356443,0.25492273741640764,1.4327614,1.5298806
0.1875833062494851,0.2667942152238904,0.14542345721139818,0.32295769802705476,2.9406729,2.231439
0.49322137174355957,0.18613297227047707,0.255015061391545,0.05964589165146236,4.0623555,5.6216035
0.6139028452440566,0.4730029689589935,0.4102811154183308,0.5467201205492961,3.6774702,3.891666
0.5992514242024378,0.330695016741492,0.10674756203789983,0.5753722221369609,2.2809625,4.674409
0.14127291245512902,0.8735073171429262,0.7015999624996964,0.33329430547569927,1.9477583,0.9154667
0.3123183257633756,0.42070048221736045,0.22343406634422155,0.45112432427351856,3.9312553,2.7627857
0.0683004026120318,0.6836692101081983,0.3683184703656645,0.3701457498652708,3.01805,0.89835495
0.6510474688136969,0.5688336280322095,0.8192256705864719,0.20227116930254052,1.6629173,3.2123756
0.5938187340323385,0.8175631952716823,0.4549725639091052,0.3838311985625299,2.842968,3.021369
0.06533383794728612,0.15135377052225846,0.5383088047172764,0.530955429289191,2.574272,1.4544429
0.030155534692115682,0.7550714563371942,0.14354680090377273,0.48424434914652575,2.4095657,1.1898673
0.3800715105929966,0.5285078142439175,0.04514136207353583,0.26947730570157213,1.6603684,4.7820454
0.5199493651371857,0.8723425938765921,0.0091385554362853,0.18507861428975392,0.22860381,4.5850863
0.346258773162477,0.2820684686138767,0.8110358296928826,0.3112975557099596,2.1328871,2.8327858
0.05579172590050291,0.09552707509559412,0.6053720364462523,0.5212141615017294,0.04382757,0.734169
0.33063542565596027,0.8689127107286395,0.6329601554401547,0.15983799543319033,2.5241406,1.9347115
0.00794620335590282,0.46806023900617016,0.6193100846451176,0.708458792905109,3.0737329,1.391451
0.5688489087585293,0.15540238941888754,0.6518965679723461,0.34713950382517716,1.1837277,3.5138166
0.6034987466265307,0.710799923428697,0.5572873381952889,0.3109272194001638,3.4293747,3.2577999
0.23786824752231622,0.15911472395109288,0.5414519442686334,0.5737627279179873,2.2296073,1.8892412
0.05212231972302078,0.009195240718948526,0.7951919513827311,0.04832267120649532,0.9928185,1.4177586
0.5736797620856758,0.5642674741738573,0.2888016333647253,0.3674472674153345,3.548833,3.5656314
0.31526568446266523,0.6708299128576238,0.688660151306588,0.6494427495963038,3.0455604,1.3257928
0.3752257667544248,0.4477494660500456,0.8158913062846359,0.24206180432947413,3.9238594,2.906542
0.44360582574396074,0.6934013266616287,0.4058238107514691,0.6289173756621781,3.2311728,3.129858
0.26662523360927076,0.5110872539555107,0.012315819780719543,0.6448062052584449,1.1555678,1.8112308
0.35594601728169195,0.5337339951815895,0.01243097172749797,0.14534818167348987,1.0984964,4.8444552
0.4827052956043327,0.10569445879801248,0.30114667393364863,0.39773475204846964,-0.07225505,3.3838525
0.307162503727651,0.3810063113477919,0.4020902005331884,0.6144143275745789,3.1164348,2.330073
0.5671578349460598,0.5103524167699204,0.42135392969902496,0.6666340961334324,3.6555216,3.7765093
0.6021602754744924,0.4735658572043447,0.06357081784659739,0.5190882820728628,1.9937482,5.3077016
0.16971053998174773,0.7634446529773052,0.13823365076940705,0.7284189812370742,2.632543,1.484457
0.12311580008033356,0.2789474696853185,0.5931553373792149,0.018469872010049033,4.503547,4.260868
0.5532260803816261,0.12048888806151101,0.2718749081843128,0.3201964905211198,0.18918312,3.676751
0.597127311958323,0.027139965040344723,0.47521336238844303,0.17702139222573168,1.7843802,3.5464041
0.5936651159182713,0.5549694529437189,0.14244441302875432,0.6557073455324065,3.6881702,4.7247295
0.4212014136541789,0.19226381093922548,0.3201023788152335,0.3023292337502684,2.236637,3.5375896
0.4402815268384514,0.48399702507053316,0.8180610202734206,0.1481496504008294,4.009501,3.2773151
0.6184682151628221,0.06436536298326868,0.5293354582147147,0.6546853239715948,-0.6149223,3.6080241
0.353477821245147,0.8712509697453422,0.6946939659896172,0.1976372972180435,2.3498495,2.5632672
0.24235005072760568,0.4428999335293856,0.5539856088405789,0.4314835871287139,3.5531893,2.1988525
0.6405292622901753,0.1699212930959899,0.3532846683495504,0.4942829606515929,2.2968004,3.727964
0.30882143384979766,0.08698922076499559,0.7902717130615148,0.4892677802305335,-0.6564958,0.49462354
0.36138449063611255,0.6177807012137237,0.536833630088569,0.6939388825056632,3.5907598,2.5751836
0.6605408896261804,0.47717654840899476,0.5506367431681756,0.7355588710322377,3.5416722,3.7375078
0.07376825247996996,0.7680433958355011,0.2844720582666903,0.4465446712092077,2.3779106,0.8918602
0.10156801507304457,0.2486813853264944,0.17105194037819835,0.36519614630193686,2.3116663,2.1041517
0.2891395631388532,0.8360436472066093,0.29170573391957166,0.12749977847436914,2.0110326,1.9549179
-0.005578297439388133,0.6732428674056263,0.12766645092209838,0.2132304170205382,1.9718083,2.0507338
0.21168726049033787,0.6011567433574087,0.7147617631772145,0.6455500482182679,2.6061294,1.2023734
0.3705614130022989,0.5402169756246104,0.032435878103665355,0.5236467431418693,1.2400601,4.582616
0.5572971879315026,0.5993139538544198,0.8085880104474318,0.2768502731587289,1.7556367,3.3018816
0.42245255344816834,0.6966958647623721,0.4833371100474296,0.2006877057147705,3.4299836,3.25472
0.41289945238858317,0.7971622315504175,0.27586826169867856,0.48066499044975525,2.6201367,2.6616237
0.1341801347262433,0.5738789856769293,0.4829695170626486,0.5068073384319832,3.779136,1.1862181
0.3451756969272339,0.4985670153865458,0.29590908609865135,0.09363719907953866,4.66284,3.508525
0.13349813935725308,0.4530894211639183,0.035644189831339705,0.5505254115288674,1.7712859,2.719797
0.5650384340244214,0.9097072309464187,0.20080369522970215,0.22213611562809407,2.2704248,3.7434895
0.3936720014315342,0.18285967016836396,0.4279582689334259,0.38318035785307425,1.8934625,3.0067403
0.2261687990822241,0.011675726792355817,0.07359666446822405,0.0027286905024582952,2.4777043,4.142013
0.163656151590224,0.7558374715736391,0.43916222409336775,0.680256723109973,3.3039417,1.1119972
0.4202646906257733,0.21361687201058446,0.13300185933902617,0.21841070598446358,3.0636787,4.116124
0.36646888252815135,0.6472115786046403,0.4731641716762662,0.6632944574918765,3.7062912,2.5272696
0.6559675434052138,0.5133716346300624,0.7116345819123798,0.24558564543323033,4.2806835,3.6073306
0.04503716303924095,0.3270818726478603,0.38846358999097913,0.2788077160312382,4.3309875,1.6233506
0.6530002151690656,0.07492710786231194,0.10538383943032424,0.324234491482851,0.42747423,4.2484565
0.14293087988362863,0.23989833657107226,0.7259878427797025,0.4450240888754321,1.6682578,1.6813823
0.39294890053549103,0.2635653243598605,0.6813276377460366,0.35431383281438456,2.0109832,3.081523
0.0012047481212709224,0.664577563296354,0.11646052254415473,0.5978328066110092,2.0698917,1.4726906
0.39877330378502646,0.6047778223111122,0.7783480078056243,0.6567011058532454,2.196538,2.8092813
0.5790684782060774,0.75057458333054,0.10028674355846745,0.07510906571881604,0.7892378,4.7053194
0.3280527583096315,0.22794827596490036,0.452791244046472,0.6871172781518734,2.3667483,1.9863183
0.3524684382052626,0.6667923543606331,0.3009632844436463,0.5709070508221135,3.490329,2.6042807
0.5186105597660778,0.191554451947565,0.3449661502778903,0.048544565122798505,3.79106,4.0548162
0.05986497789628753,0.810840187119127,0.6533983480332863,0.5460106378551857,1.408606,0.6702031
0.5962404222468463,0.7425184343784007,0.5809586845786181,0.6972556289027866,3.3532615,3.1272118
0.11070136446686223,0.8370204333780376,-0.003920625983453283,0.15055088371604858,-0.98236066,0.14274825
0.22140320177414036,0.382882650623381,0.19460074644193737,0.6844861764798197,3.5976691,2.661478
0.4337194476126052,0.8206810466817139,0.7615174366107468,0.2105084546596799,2.1208436,3.016355
0.531473771583967,0.07953388615721907,0.3702535416228334,0.46701415597810825,-0.100865304,3.5840628
0.5036194935681116,0.2773977434951219,0.41568993905918844,0.7332692272400981,3.0339143,3.8221521
0.23486864314606914,0.1363026254421483,0.6575835676843454,0.016282148465643922,3.8107352,3.7584102
0.45637772255536785,0.10771595670588437,0.1861912449999355,0.2670615598949514,1.3491076,4.1340523
0.3502626144714828,0.8214737705896432,0.15159443593390862,0.549154257561685,2.34962,2.6446695
