NP_ratio,IL+HL,HL_IL+HL,PEG_PEG+Chol,Pred_nLnLE_RAMOS,Pred_nLnLE_THP1
-0.06812570039305593,0.7843623554454746,-0.0051117422655050935,0.3880407200790303,-1.1928596,-0.865935
-0.06351363480623479,0.7868202943713942,-0.005059404923473891,0.38761293975897204,-1.1928596,-0.865935
0.4360490076581782,0.4237168786002767,0.2688378434033169,0.022029948790143652,6.136823,5.9887123
-0.009903942135387207,0.7148749446132968,-0.002055292925062368,0.38725299398244184,0.89273953,-0.6971061
-0.010150964056485518,0.8307833000554852,-0.001238157372069354,0.6712805287758989,-0.90708923,-0.804375
0.12242452005218303,0.4625427149764127,0.783414027830414,0.11827449374321677,4.7386546,1.2306418
0.4357514164638775,0.42372238326428086,0.2693728313578489,0.022126732693468182,6.10052,5.321344
0.4427762589325123,0.4243313150889019,0.2688378434033169,0.022775095124646094,6.10253,5.896237
0.11326850699063805,0.4536726159333257,0.7446525783140008,0.12223651665672304,5.164197,1.2953255
0.07403786433152466,0.40856974346526376,0.2725513466587036,0.12103981365593765,5.6066933,2.938545
0.0740348185106396,0.40852267004670473,0.5555324067644132,0.10453220882935008,5.583108,2.457455
0.436083525888482,0.4237385310688112,0.2690836222160955,0.0127718688442283,5.9783587,4.200877
0.442762721204681,0.4241348566121038,0.27280451738258166,0.013675431270465575,6.0019283,4.638155
0.11326850699063805,0.46414424776084945,0.7977658681538786,0.11346355473943988,4.498466,0.73973566
0.1129929066037309,0.5524773014342858,0.7852394389704128,0.1175703178131863,4.121721,0.6813509
0.12660299633888267,0.4704405932009372,0.26884040577086765,0.10947721576621966,5.6345544,3.4134545
0.07403475280588982,0.40856974346526376,0.26811073854880724,0.10700065126993119,5.629116,3.033661
0.0740348185106396,0.40852266015301053,0.5557354655221267,0.2633013860554431,5.4051785,1.891568
0.07497161839569068,0.5930859482210545,0.7789466728105319,0.3895224729322723,2.2994432,0.05192456
0.11326752177506572,0.46752105741268524,0.7849902202077711,0.11231007259997593,4.703823,0.82233423
0.07512778387904274,0.5930849341833535,0.7668809089274278,0.3295690229966035,2.593216,0.07994306
0.02067960676638582,0.4084954079551835,0.5554581952883393,0.1151519300788434,5.4212604,2.1966352
-0.04432956456312209,0.721008576039818,-0.0008125034197806824,0.7008217713561189,0.9923852,-0.66816723
0.07507780241371419,0.5930859482210545,0.779554739204473,0.38816449933908537,2.2994432,0.05192456
0.02013301368440681,0.5930999245707264,0.7669238688787929,0.3254860912012541,2.004965,-0.010370497
0.0201681135213926,0.5930999245707264,0.7656147054075813,0.29729771248863024,2.004965,-0.010370497
0.07704225150541266,0.59312620754548,0.7873491010022361,0.30931183938288775,1.7736795,-0.022097917
0.11303971278690092,0.46328674644310486,0.8067736355375476,0.1203119684459332,4.498466,0.73973566
-0.00040718983321851726,0.6209517180478046,-0.0050097666437689545,0.6895154492136366,1.029814,-0.45406547
0.11326752177506572,0.4718787371136973,0.7831709961866553,0.10294455428148665,4.7171273,0.9904982
0.07486286228966459,0.5914198209471352,0.6304648780241998,0.3137194359384446,3.492531,0.390218
0.021117987248369007,0.5905947513939458,0.6248241330352704,0.3875477579947559,2.7320929,0.19179033
0.02054397846827793,0.5907198263359776,0.6273261910331145,0.32660818199687286,2.982767,0.217196
0.43510921642824185,0.45271332157812366,0.2778242455686176,0.01277182796462114,5.7401743,3.7128038
0.12632140815006243,0.4673203723339608,0.26227576660867263,0.10946652333684662,5.6553917,3.493807
0.021120622351107683,0.5907232273292253,0.5967705427151045,0.3263818692208117,3.2807462,0.36413878
0.4357938228503905,0.4237096568345945,0.2722532963954003,0.023416781739090158,6.068259,5.040228
0.43607941102802483,0.4241664507799164,0.2696836346918168,0.02619028227136859,6.07032,5.246131
0.1129929066037309,0.5508034010815892,0.8135666871068646,0.12219934275685464,3.954282,0.59875244
0.1129929066037309,0.5524773014342858,0.7852394389704128,0.12583270479134612,4.121721,0.6813509
-0.06609005354560703,0.6961761181231919,0.0005032256673289798,0.38819903038238945,0.89273953,-0.6971061
0.03382215021961668,0.40852266015301053,0.5558449662381912,0.26278040231356575,5.245313,1.8176013
0.1129929066037309,0.5524996650644454,0.8135666871068646,0.12219934275685464,3.954282,0.59875244
-0.07456449247997556,0.8284956508341188,9.920289408601925e-05,0.6998432268871769,-0.90708923,-0.804375
0.07512816068220256,0.5930849341833535,0.7883967822535553,0.3314385013182935,1.7359954,-0.06496446
0.07638335312293047,0.59312620754548,0.6015796515973112,0.3011155725233995,3.8118129,0.571259
0.04555420454776139,0.40852266015301053,0.5558449662381912,0.27906751521724915,5.1877074,1.615879
0.11326105865923239,0.46757767320307725,0.7489268364299748,0.10265778600897568,5.1775007,1.4634892
0.07512816068220256,0.5930849338913996,0.6015697137607066,0.32953613135020215,3.7639704,0.52839214
-0.05813539536629582,0.7841791586777047,-0.004898099617229626,0.6926142924507555,-1.1197014,-0.83699626
-0.029997393966625152,0.802911822624484,-0.004091136218194159,0.3885159565721693,-0.9873588,-0.8333137
-0.033752441008140836,0.711474611884594,0.005271224694955443,0.6851192700570757,1.364837,-0.28137913
-0.05760653484441472,0.5928958864251765,0.005883006209418962,0.38746518449970424,1.5898138,-0.0785627
0.4357514164638775,0.4237385310688112,0.2775190304178098,0.012771872034706203,5.8848023,3.9125516
0.0740348185106396,0.40852266015301053,0.5557354655221267,0.27897789080182783,5.2336864,1.7060397
-0.06116330021635563,0.7253441905422561,0.005883006209418962,0.3895377054640832,1.495924,-0.25820717
0.020997739498891412,0.5906974375392283,0.6028280552430326,0.3263818692208117,3.2802603,0.34318778
-0.030039858142901377,0.6910107017912746,0.004916188120062388,0.34202492465160134,1.2129523,-0.36273083
0.11326752177506572,0.46414149387233666,0.7850359792878592,0.10586962128609755,4.7149363,0.9488642
0.11326850699063805,0.46414149387233666,0.7446525783140008,0.10658082526479801,5.175309,1.4218552
0.4436976616836509,0.4528469179731462,0.27279954200107603,0.0127718688442283,5.8526187,3.8221228
0.07638335312293047,0.59312620754548,0.6095556391066788,0.3011155725233995,3.645856,0.51873714
0.44428719747020895,0.42378289560591426,0.27283260770371004,0.012771316215936543,5.9436264,4.0024204
0.021120622351107683,0.5907232273292253,0.6053254638473237,0.2965938567262741,3.1600313,0.32469833
0.4357938228503905,0.4237096568345945,0.2722532963954003,0.026361796223360878,6.0576143,5.0323253
0.4357975304242793,0.42375956660665465,0.2726898332229273,0.013699110553215533,6.019648,4.729423
0.4432093363960115,0.4243142912829645,0.26947288292278077,0.013649454828828789,6.0363426,4.8434825
0.12632140815006243,0.4673203723339608,0.26227576660867263,0.11060892807085532,5.6553917,3.493807
0.4357135787675056,0.4242038180356696,0.26940050679934574,0.01268025513423246,5.954342,4.1089993
-0.04210307888085102,0.5929946818014554,-0.004307490854694502,0.3884979133842813,1.1053326,-0.39811075
0.04166581822294686,0.40850375588960697,0.5558449662381912,0.26278040231356575,5.334273,1.8323861
0.4442497809268634,0.42422376725308997,0.27283260770371004,0.012771316278836653,5.926225,3.936317
0.4360649828759629,0.42375956660665465,0.26954957726769635,0.013659455867777807,6.054062,4.9347506
0.02049630610862432,0.590719878399199,0.6189041794505934,0.3199514610361424,3.088242,0.2762786
0.11326752177506572,0.4718787371136973,0.7849922359983372,0.11321361314117091,4.703823,0.82233423
-0.05032365035562527,0.7012484708586968,0.007360995590050691,0.6940800880987519,1.559659,-0.1888686
-0.07564452358651717,0.7031355058181684,0.0015796838157365201,0.339570184659871,1.2129523,-0.36273083
0.43510921642824185,0.45271332157812366,0.2776419077604505,0.01277182796462114,5.7401743,3.7128038
0.4442123751355336,0.4555390156411716,0.2779529980529233,0.012771005822971365,5.8171864,3.7411938
0.07507417261441346,0.5930797834191793,0.7686556383850369,0.3007320831443651,2.593216,0.07994306
0.12242452005218303,0.4625427149764127,0.783414027830414,0.12028196177670678,4.7386546,1.2306418
0.021117987248369007,0.5905947513939458,0.6248241330352704,0.298719046453303,3.000443,0.21980883
-0.05928878148609498,0.6166256873220607,0.005888085967011294,0.671162982038162,1.56181,-0.11171907
-0.02205696203183043,0.6075745657463091,-0.0040664851722800365,0.3884979133842813,1.0642098,-0.40829095
0.08911186792795618,0.593127952551437,0.7542950198032938,0.3133177733762142,2.6644251,0.17616005
-0.07723358622385243,0.6144836767979213,-0.0038998560431148035,0.685250270483388,1.029814,-0.45406547
0.04616099529845637,0.40852266015301053,0.5558449014104051,0.25345153649043667,5.3467045,1.8582463
0.07537706168693378,0.5914198209471352,0.6304648780241998,0.3223173576490437,3.492531,0.390218
0.0933986649730109,0.40852266015301053,0.5554581952883393,0.1251428591375099,5.523891,2.3916419
0.4359273684744184,0.4243146503644118,0.2688378434033169,0.022029948790143652,6.121845,5.9214015
-0.05948104530714477,0.804202500790294,-0.005183346004625444,0.3885159565721693,-0.9873588,-0.8333137
-0.08179335809705315,0.701091706315086,0.004266850796281126,0.6835240599989103,1.2712718,-0.33379176
0.07636571723984159,0.59312620754548,0.7566491122173369,0.3296931928873513,2.6548965,0.122809745
0.4413463976955589,0.4237668612253302,0.2726952020673925,0.012771380475211163,5.9436264,4.0024204
0.04616136248250513,0.40852266015301053,0.5558260911090965,0.2787998554595366,5.200139,1.6417394
0.0740348185106396,0.40852266015301053,0.555115437320669,0.27897789080182783,5.2336864,1.7060397
0.43575134680640587,0.4242884775522721,0.27802951194623526,0.0127718688442283,5.867401,3.8464482
0.11326850699063805,0.45644107623262015,0.7446525783140008,0.12241628001272889,5.164197,1.2953255
-0.04601162017874247,0.6984065915267508,0.005271224694955443,0.3481372196424383,1.3097913,-0.310318
-0.07080835569558748,0.711474611884594,0.005271224694955443,0.676358644178844,1.364837,-0.28137913
-0.04889629727417006,0.5929946818014554,-0.004307490854694502,0.3884979133842813,1.1053326,-0.39811075
0.01957207112466895,0.5907001445702368,0.6234582561689159,0.29494303023337104,3.000443,0.21980883
0.07638335312293047,0.5931512322923526,0.6015796515973112,0.3011155725233995,3.8118129,0.571259
-0.017527025613354865,0.7857782045140772,-0.004512786318881988,0.6786883612311487,-1.1197014,-0.83699626
0.43467341086499023,0.46889381595423907,0.2778567161323533,0.012771005822971365,5.745291,3.721743
0.44264147391816033,0.45271332157812366,0.2776419077604505,0.01277182796462114,5.812069,3.7322545
0.07666354831601102,0.59312620754548,0.6306773495556219,0.32727733568614736,3.550496,0.4330847
0.02067960676638582,0.4084954079551835,0.5554581952883393,0.11017999043849619,5.4311194,2.2292278
0.06748299583249716,0.40852266015301053,0.5555324067644132,0.10466938891714556,5.495552,2.3261175
-0.07910992787159551,0.687442241724301,0.003055553697313945,0.6710076460695935,1.2712718,-0.33379176
-0.011747489090444499,0.7077807337735836,0.005271224694955443,0.3481372196424383,1.3097913,-0.310318
0.0740348185106396,0.40852266015301053,0.5557327452588893,0.12602886101109304,5.572812,2.4248624
0.09304376983843139,0.40852266015301053,0.5554432197960757,0.1046658365693518,5.5383425,2.4242342
0.07638335312293047,0.59312620754548,0.6306773495556219,0.2991327955677384,3.550496,0.4330847
-0.03560643106390261,0.7007287176482497,-0.00444566886628847,0.701834714672959,0.9923852,-0.66816723
0.11326752177506572,0.4718787371136973,0.7850359792878592,0.10265778600897568,4.7171273,0.9904982
0.046147761022242856,0.4085220430967547,0.5558144175802113,0.11701108815998151,5.4834504,2.2881584
0.08780798419093117,0.4085226668302185,0.5558144175802113,0.11545811768287881,5.523891,2.3916419
0.020955520544422797,0.4084954079551835,0.5554581952883393,0.10553327032499889,5.4311194,2.2292278
0.020507033077506558,0.5907353764174577,0.6159577009924426,0.3244340531136906,3.088242,0.2762786
0.04616099529845637,0.40852266015301053,0.5554534761449411,0.2787998554595366,5.200139,1.6417394
0.0740348185106396,0.40852266015301053,0.5555324067644132,0.10453220882935008,5.583108,2.457455
0.07403786433152466,0.408522384180838,0.2725513466587036,0.12103981365593765,5.6066933,2.938545
0.07512816068220256,0.5930849047822708,0.6015697137607066,0.3312099742477095,3.7639704,0.52839214
0.04614739383819409,0.4085220430967547,0.5554418026160558,0.11701108815998151,5.4834504,2.2881584
0.020233079225276836,0.590382408640302,0.6100468104747193,0.3243846836424439,3.1312084,0.30284905
0.1257446150833065,0.4641956059198104,0.25897219194174836,0.10567170669486455,5.654697,3.4598796
0.4357017501066803,0.42407623539848704,0.269703518152841,0.02466127973554947,6.0809646,5.254033
0.11326752177506572,0.46968296067863946,0.7844162437560463,0.10545164127876196,4.7149363,0.9488642
0.11326752177506572,0.46377759615248665,0.7489268364299748,0.10934665232575418,5.175309,1.4218552
0.12660299633888267,0.4656408684806255,0.26885021311978413,0.10947721576621966,5.6345544,3.4134545
0.11326752177506572,0.46968296067863946,0.7489268364299748,0.10265778600897568,5.1775007,1.4634892
0.02104525603676855,0.5907202639617356,0.6270943888313512,0.3874594608343742,2.715603,0.1891775
0.07638335312293047,0.59312620754548,0.7566491122173369,0.3288896823881636,2.6548965,0.122809745
0.021117987248369007,0.5906599410474168,0.6212388520039361,0.2941623193038478,3.0893261,0.28727365
0.07403465128240799,0.4085654047705696,0.2725513466587036,0.10682701747102129,5.6225505,2.9711375
-0.04510899902354144,0.6849884299677736,0.005875203254352854,0.6765333323591081,1.5365052,-0.22926846
0.07512816068220256,0.5930849341833535,0.7952059906663573,0.3314385013182935,1.7359954,-0.06496446
0.0740478238857144,0.40852266015301053,0.5554328304859639,0.2672209409812283,5.4051785,1.891568
0.4357514164638775,0.4237385310688112,0.2690836222160955,0.0127718688442283,5.9783587,4.200877
0.442762721204681,0.4242258911669539,0.27280451738258166,0.013675431270465575,6.0019283,4.638155
0.12632140815006243,0.45410777020392556,0.2587484630999173,0.10946942295274653,5.654697,3.4598796
0.07638469183725576,0.59312620754548,0.8230113299503976,0.29509490600780836,1.7736795,-0.022097917
0.44254989492299174,0.42376719479079206,0.27035687087621185,0.022648975835351918,6.0832095,5.29618
0.07543607139507204,0.5912681451405364,0.6091733416444126,0.32841070578529735,3.607156,0.4758703
0.04616099529845637,0.40852266015301053,0.5558474750741549,0.2662386112381624,5.3467045,1.8582463
0.4360490076581782,0.4243474628934322,0.26883976020660666,0.025248549940501505,6.1093173,5.9134994
-0.047074882298345805,0.6080792063151763,-0.0045350510292432675,0.3884979133842813,1.0642098,-0.40829095
0.44428719747020895,0.4707470139191481,0.2779963285608353,0.012771316215936543,5.8171864,3.7411938
0.021120622351107683,0.5907240467319755,0.6269303218843919,0.317188130293742,2.982767,0.217196
0.44080873234292045,0.4237488713142341,0.27035687087621185,0.013742436503738388,6.0537434,4.909586
0.43602677421508995,0.4241348566121038,0.27283105011983244,0.013675431270465575,6.002247,4.6633196
0.4427757348063055,0.42372236849175643,0.2728298728874627,0.013736336537223956,6.0193295,4.704259
0.43607941102802483,0.42415583590396444,0.2695695347939241,0.013699110553215533,6.0366607,4.868647
0.4360589909070171,0.42419393064333566,0.2726592844897569,0.013742436503738388,6.002247,4.6633196
0.4359058981080318,0.42415583590396444,0.2695695347939241,0.013699110553215533,6.0366607,4.868647
0.44134738500065734,0.4237167147907794,0.2726168563620665,0.013649232874714033,6.0193295,4.704259
0.44283606310061663,0.42377447608587904,0.2696055719852104,0.013699110553215533,6.0537434,4.909586
0.07515104715470518,0.5906322447630682,0.6210384601970932,0.31572205285145205,3.5750096,0.4602949
0.07717756574841339,0.6049787538635705,0.7554159517123293,0.3313087142597133,2.6629188,0.14272675
0.02042820116472148,0.5905947513939458,0.6244942514055873,0.3874609360339042,2.7320929,0.19179033
0.43607941102802483,0.42375956660665465,0.2727006284228837,0.013699110553215533,6.019648,4.729423
0.4432093363960115,0.4243117828645181,0.26947288292278077,0.013662254265481039,6.0363426,4.8434825
0.4442497809268634,0.4242285197953385,0.27273668675890816,0.012771316278836653,5.926225,3.936317
-0.022797116395733626,0.7211499716832097,0.01682036501590768,0.38896623521552987,1.5043721,-0.23179965
0.07403475280588982,0.40856974346526376,0.2726986023838723,0.11158634968259112,5.6225505,2.9711375
0.07403786433152466,0.40856974346526376,0.2688197078752831,0.11013084004582578,5.627383,3.0062528
0.43603942994081846,0.42416218847273324,0.26984965186455123,0.012681925673730924,5.954342,4.1089993
0.045864209319772926,0.40852266015301053,0.5558449014104051,0.2787998554595366,5.1877074,1.615879
0.021120622351107683,0.5907232273292253,0.6053254638473237,0.317188130293742,3.1600313,0.32469833
0.4357135787675056,0.42375495784498945,0.26940050679934574,0.01268025513423246,5.9717426,4.1751027
0.07535788246691871,0.5914198209471352,0.6120238118728127,0.3255958230275399,3.5739255,0.44929984
0.07403455883137434,0.4085226421384012,0.26814439531452317,0.10568449747423733,5.629116,3.033661
0.07403475280588982,0.4085885140106361,0.2688197078752831,0.11158634968259112,5.627383,3.0062528
0.06743287013211438,0.40852266015301053,0.5555324067644132,0.10466938891714556,5.495552,2.3261175
0.07482893154733451,0.5912748038688552,0.6051185733922294,0.2956982351976609,3.6437807,0.5030864
0.43572550003289523,0.4242900774757154,0.2779546440788317,0.0127718688442283,5.867401,3.8464482
0.4357135787675056,0.42375495784498945,0.2697635544126379,0.01268025513423246,5.9717426,4.1751027
0.04616099529845637,0.40852266015301053,0.5558474049980997,0.1083429811745451,5.491213,2.320751
0.02012048284008892,0.5908767045440839,0.6089844894019885,0.31837987880329993,3.1429055,0.31797257
0.0209571666204849,0.4084954079551835,0.5554581952883393,0.13831273854330103,5.431015,2.2083611
0.4357514164638775,0.4237385310688112,0.26937474816113866,0.025345333843826034,6.087993,5.3134418
0.06785467720921365,0.4085226602106351,0.5554413472398871,0.11545811768287881,5.485256,2.2935252
0.43573393039185615,0.4237488713142341,0.27034447415027896,0.013742436503738388,6.054062,4.9347506
0.021108725013270904,0.5907202639617356,0.6270943888313512,0.3874594608343742,2.715603,0.1891775
0.43607941102802483,0.4241664507799164,0.2696836346918168,0.012766000582103634,5.9609575,4.1347737
-0.0301311407194897,0.617768126619569,0.01258657353188798,0.696943506377889,1.5695647,-0.09356741
0.07540467909364931,0.5905864980479091,0.6092571511121039,0.29693667116982214,3.607156,0.4758703
0.44360254909936325,0.4201706634168282,0.2702889082661028,0.01268025513423246,5.9631286,4.1496644
0.02067960676638582,0.40857480539334806,0.5554581952883393,0.11368596798795509,5.4212604,2.1966352
0.019951345437761326,0.590783550338499,0.5967705427151045,0.32002098448883654,3.2807462,0.36413878
0.0209079797324147,0.5914198209471352,0.6093254546319176,0.3114149493592971,3.1312084,0.30284905
0.04349961515914488,0.40852266015301053,0.5558082697657352,0.26617592649757016,5.334273,1.8323861
0.03403443688487993,0.4085220571659773,0.5558449662381912,0.26553986159295345,5.245313,1.8176013
-0.05104126829705836,0.7259778129139551,0.00588245980050324,0.3891709324428623,1.495924,-0.25820717
-0.01693096284649768,0.7076045784967737,0.005892284657917201,0.6914745799509628,1.5390967,-0.2101511
-0.05928878148609498,0.7160502720048565,0.005888085967011294,0.38746518449970424,1.4985155,-0.23908995
0.4442431466483538,0.42039789940088723,0.2703338319163247,0.01268025513423246,5.9631286,4.1496644
-0.039685588388895784,0.5928958864251765,0.005883006209418962,0.38746518449970424,1.5898138,-0.0785627
0.0769623207573017,0.59312620754548,0.6155870115690658,0.3123163556537234,3.6201432,0.49216667
0.4360490076581782,0.4243313150889019,0.2688378434033169,0.022029948790143652,6.121845,5.9214015
0.07717756574841339,0.6061299175469447,0.7522962492933525,0.29766698775862793,2.6629188,0.14272675
0.4358216421155476,0.4241475138007502,0.2696836346918168,0.012766000582103634,5.9609575,4.1347737
-0.024787284987891692,0.6861442629740975,0.015911596526772997,0.7024122067852614,1.5449535,-0.2028608
0.07538076859237784,0.5914198209471352,0.6085194505599095,0.3114149493592971,3.6266549,0.49636066
0.44142487274707415,0.46115381232475966,0.27279954200107603,0.0127718688442283,5.857736,3.831062
-0.05928878148609498,0.6166256873220607,0.005888085967011294,0.6868901213500592,1.56181,-0.11171907
-0.04333719314249349,0.6069078662033369,0.005884450300793493,0.38725299398244184,1.57986,-0.08874305
-0.0835534309887923,0.7102176501419537,0.01886110249939643,0.7015344490609412,1.5449535,-0.2028608
0.4427762589325123,0.4237669579952775,0.2703381643514997,0.022775095124646094,6.0832095,5.29618
0.4438410236028419,0.4243313150889019,0.2688378434033169,0.022194353105378185,6.10253,5.896237
0.01957207112466895,0.5906966027173803,0.6030857462584739,0.2949278473028161,3.2802603,0.34318778
0.4413051598076769,0.46115381232475966,0.27279954200107603,0.0127718688442283,5.857736,3.831062
0.020810216890603778,0.5908767045440839,0.6089844894019885,0.3171353415799033,3.1429055,0.31797257
0.07538076859237784,0.5914198209471352,0.6113441979515323,0.32286075201397907,3.5739255,0.44929984
0.021117987248369007,0.5906599410474168,0.6205956994728726,0.2941623193038478,3.0893261,0.28727365
0.07549837157007458,0.5906322447630682,0.6210384601970932,0.31572205285145205,3.5750096,0.4602949
0.0769623207573017,0.59312620754548,0.6156401011313952,0.331779860015122,3.6201432,0.49216667
-0.08202395817856328,0.7093070421823375,0.006545488074741743,0.7034161857888301,1.559659,-0.1888686
0.4428863359818995,0.45271332157812366,0.2776419077604505,0.01277182796462114,5.812069,3.7322545
0.4352566436537322,0.46114274015917395,0.2779529980529233,0.012771878385286376,5.745291,3.721743
0.08911186792795618,0.593127952551437,0.7542950198032938,0.3185690217264434,2.6644251,0.17616005
0.08746328274163442,0.40852266677259386,0.5558162901363999,0.1046658365693518,5.5383425,2.4242342
-0.007458688926770511,0.6069078662033369,0.005884450300793493,0.38725299398244184,1.57986,-0.08874305
0.07538076859237784,0.5914198209471352,0.6085194505599095,0.3136302817645499,3.6266549,0.49636066
0.4357345517596882,0.4237488713142341,0.27034447415027896,0.02527020937744355,6.087993,5.3134418
-0.05916403477949543,0.6138473701344933,0.006577393542877151,0.7030544722102466,1.5695647,-0.09356741
0.02067960676638582,0.4084954079551835,0.5554581952883393,0.1442060270150607,5.431015,2.2083611
0.07638335312293047,0.5931254564078617,0.6098903089216997,0.31228396939303954,3.645856,0.51873714
0.046147761022242856,0.40852206111136397,0.5558144175802113,0.11100741225217321,5.491213,2.320751
0.06686599339295088,0.4085226668302185,0.5558144175802113,0.11521405663055778,5.485256,2.2935252
0.0740348185106396,0.40852266015301053,0.5557327452588893,0.12848814998704047,5.572812,2.4248624
0.4357017501066803,0.42407623539848704,0.2696936419562957,0.02466127973554947,6.0809646,5.254033
0.4357529781407836,0.4237382019438421,0.2722532963954003,0.023416781739090158,6.068259,5.040228
0.43603942994081846,0.42416218847273324,0.26984965186455123,0.025164706389999278,6.07032,5.246131
0.43573393039185615,0.42375003900220665,0.2690954669777877,0.021996889931837012,6.10052,5.321344
-0.006346212909005373,0.7244380427898391,0.005888085967011294,0.38746518449970424,1.4985155,-0.23908995
-0.01441614091767225,0.710645334231713,0.005888085967011294,0.6868901213500592,1.5390967,-0.2101511
0.07482893154733451,0.5912748038688552,0.6051185733922294,0.29576025165022085,3.6437807,0.5030864
-0.049251836446961926,0.7163050394231757,0.017757765579824357,0.38746518449970424,1.5043721,-0.23179965
-0.07654006024454843,0.7037377902800496,0.005878709513579663,0.6901677616810237,1.5365052,-0.22926846
-0.08275441654462487,0.7004771543826098,-0.0029320930568811983,0.681396779823091,0.9923852,-0.66816723
-0.03025755212701946,0.617768126619569,-0.0027649992671633927,0.696943506377889,1.029814,-0.45406547
-0.06450178229456915,0.6912151633316538,0.013051575762273107,0.690690984340518,1.559659,-0.1888686
-0.016464669374354195,0.7166762840384571,0.005882537278843157,0.6738954955267475,1.5365052,-0.22926846
-0.08271710526953922,0.7103197212563852,0.010957257995460242,0.6837183490365802,1.559659,-0.1888686
-0.056766329142772236,0.6956719634668999,-0.004918154417824901,0.6935866416433135,0.9923852,-0.66816723
-0.04585570246350497,0.7265437444305463,-0.005110689003758537,0.6841390686868427,0.9923852,-0.66816723
-0.06724535116210348,0.7154756894991244,0.00919374724498135,0.693152721747079,1.559659,-0.1888686
-0.03477779218178835,0.7004899393588645,-0.0009040794644405935,0.6924299953961977,0.9923852,-0.66816723
-0.060038877243245366,0.6911929498579379,-0.005135797476110554,0.694832467211947,0.9923852,-0.66816723
-0.04870726707509888,0.6914063148049071,-0.0008251487921872602,0.6853850982288039,0.9923852,-0.66816723
-0.004267821590405507,0.6859868707346323,-0.004747180209863798,0.6882753240684553,0.9923852,-0.66816723
-0.07662561933608533,0.6892324318020202,0.009345432454216894,0.692385888104088,1.559659,-0.1888686
-0.0735400957866947,0.6864214670213452,-0.002933745454297522,0.6845031748616051,0.9923852,-0.66816723
-0.07798143966494454,0.7006271073000867,0.001509980305661185,0.6961767487965786,1.2712718,-0.33379176
-0.02699517127046875,0.7210151205666457,-0.0007617477071545564,0.6931060133167606,0.9923852,-0.66816723
-0.07691601695989128,0.7075689108492026,0.00919374724498135,0.6933502812668104,1.559659,-0.1888686
-0.07087694937013211,0.7160584052405927,0.012858640695889975,0.6936564796689629,1.559659,-0.1888686
-0.01126442065655925,0.7224227532612293,0.01758370516890267,0.6946840734980764,1.5449535,-0.2028608
-0.035672661735930145,0.6912523270339143,0.009328644746525897,0.6795044861470676,1.559659,-0.1888686
-0.06911462957410337,0.6876972068636804,-0.00033619763784471356,0.6706683226407549,0.9923852,-0.66816723
-0.07767888948229737,0.6893402729317392,0.018547314921099005,0.6881518231158631,1.5449535,-0.2028608
-0.05067600153781509,0.6158072046542258,0.006826751239278421,0.6955251755029359,1.5695647,-0.09356741
-0.062300092669091645,0.6887650393673088,0.00864043369788402,0.6926887070031964,1.559659,-0.1888686
-0.056065049897138876,0.7058426217648918,-0.005076744931386495,0.6888486025658481,0.9923852,-0.66816723
-0.05904604586922821,0.7180374732391424,-0.005181400750593407,0.6944583899399189,0.9923852,-0.66816723
-0.01126442065655925,0.7225073243549254,0.0016856240267338575,0.688888721290816,1.2712718,-0.33379176
-0.04942282610811653,0.6898692762714991,-0.0019589147020465728,0.7015945599582034,0.9923852,-0.66816723
-0.04380228689830601,0.7096083459991189,0.01034956026744694,0.6786835411813475,1.559659,-0.1888686
-0.04066405898361407,0.6934870796510901,0.00728880092698578,0.6706648083678229,1.559659,-0.1888686
-0.07441800704687965,0.699031025768283,0.002034873793742788,0.6942683672562985,1.2712718,-0.33379176
-0.015166660974909228,0.699063349712345,-0.004716619110158904,0.6840664227535136,0.9923852,-0.66816723
-0.07658764640492867,0.6917281827598469,0.0007040737142823368,0.6901672816217737,0.9923852,-0.66816723
-0.0823101522023981,0.6987595460855155,0.0021357503986171203,0.7009981181725677,1.2712718,-0.33379176
-0.0006425539941150224,0.7033953673919932,6.860047114838077e-05,0.6837982659299529,0.9923852,-0.66816723
-0.05928878148609498,0.7160502720048565,0.010957960093502132,0.6810990871178211,1.559659,-0.1888686
-0.014102946201482475,0.7144934756857619,-0.005100248100316208,0.3885159565721693,0.89273953,-0.6971061
-0.05583767936100198,0.7226124558658711,-0.0009313453460407734,0.6802523859599959,0.9923852,-0.66816723
-0.06585021116638762,0.7172659610489113,-0.0029629787603233796,0.688702738855921,0.9923852,-0.66816723
-0.06686625046397104,0.7087437985208714,-0.0018968584475301162,0.6761235980111056,0.9923852,-0.66816723
0.11326752177506572,0.4649143870020426,0.7855567060899016,0.11832964421466427,4.703823,0.82233423
-0.05859176353176784,0.7038082127088146,0.004318650389916199,0.6817863270636996,1.2712718,-0.33379176
-0.07903188128407648,0.707890617704704,0.00015805284493760306,0.6901825667752559,0.9923852,-0.66816723
-0.08291788275356468,0.8284666046066164,-0.0033620279183578343,0.6764513469997102,-0.90708923,-0.804375
-0.07707410784687571,0.6212954663159065,-0.003844458012863503,0.6682636429701775,1.029814,-0.45406547
0.4413463976955589,0.468078213036067,0.2726952020673925,0.012771380475211163,5.857736,3.831062
-0.03254776292736987,0.6951340915466087,0.019160711665439256,0.6896370430393799,1.5449535,-0.2028608
-0.050614282222569223,0.7148569569080109,0.01255447972590984,0.6927136710428802,1.559659,-0.1888686
-0.04314736879713843,0.7200932496322922,-0.0029597755207711567,0.6763968309725527,0.9923852,-0.66816723
-0.04438371038154141,0.7037650270566275,-0.004398411468650811,0.6747392002924253,0.9923852,-0.66816723
-0.00024537146739477683,0.714023215874746,0.019017681408234906,0.687339215839328,1.5449535,-0.2028608
-0.028504444054510015,0.6976216542695891,0.004850140891777087,0.6713063549117304,1.2712718,-0.33379176
-0.05588610939777959,0.7067598589779511,-0.0049151967049003474,0.7035792162840402,0.9923852,-0.66816723
-0.04717163654480085,0.7072487324183588,-0.00311525886697884,0.6879158118266614,0.9923852,-0.66816723
-0.06222217903430997,0.8033401860484284,-0.005130405542427464,0.3885159565721693,-0.9873588,-0.8333137
-0.0347893125505061,0.703338802858096,-0.004485681186068819,0.6942288622394427,0.9923852,-0.66816723
-0.06306858252223355,0.7027476717543999,-0.0022094233080970855,0.6833403275108312,0.9923852,-0.66816723
-0.05292784270184799,0.6992699020929402,-0.0019143171053531303,0.6862830615292308,0.9923852,-0.66816723
-0.04356472428027547,0.7136011835493093,0.01738065427197219,0.6786901639046206,1.5449535,-0.2028608
-0.05556590925809783,0.7071646796138571,-0.004792875101866668,0.6778270998893982,0.9923852,-0.66816723
-0.011840802338784241,0.7098853985811717,-0.00480521093877102,0.6934858209147386,0.9923852,-0.66816723
-0.08198850134664729,0.6887718139795361,0.011962863646852829,0.6836720052655398,1.559659,-0.1888686
-0.06934973744004125,0.7839177207861211,-0.003444879345779515,0.6731535630086593,-1.1197014,-0.83699626
-0.03975611793904672,0.7193734968128935,-0.004577063391859319,0.702219654650495,0.9923852,-0.66816723
-0.08122272637676897,0.7243215083380101,0.009989236262301067,0.6768573851341,1.559659,-0.1888686
-0.05469973329592212,0.7164606437627761,-0.001681215268983883,0.675278514166586,0.9923852,-0.66816723
-0.06152407113234848,0.7198844622708952,-0.003945080104723926,0.6920227077794243,0.9923852,-0.66816723
0.07973497223483993,0.59312620754548,0.7561300364902616,0.3288896823881636,2.6644251,0.17616005
-0.047632555843291687,0.7015297135863101,0.007168166240189929,0.673063811221572,1.559659,-0.1888686
-0.030696304826104616,0.6969352102515505,0.00864043369788402,0.6926887070031964,1.559659,-0.1888686
-0.02567484162013673,0.7004899393588645,-0.000991783877902492,0.6796517066344083,0.9923852,-0.66816723
-0.0735400957866947,0.689881964185423,-0.002933745454297522,0.6845031748616051,0.9923852,-0.66816723
-0.015793966652241087,0.6992699020929402,-0.0019143171053531303,0.6862830615292308,0.9923852,-0.66816723
-0.03794209234094874,0.7207525281910407,-0.0029597755207711567,0.6898379227000333,0.9923852,-0.66816723
-0.06308638762564998,0.6892244218785339,0.0013138734967923843,0.7023191810938383,1.2712718,-0.33379176
-0.055959317916844324,0.7067665065954096,-0.003486056829091303,0.6953544917225141,0.9923852,-0.66816723
-0.08341123590597824,0.7245334606058257,0.004413763845178313,0.6992421182387157,1.2712718,-0.33379176
-0.03714279992104248,0.6209517180478046,-0.0050097666437689545,0.7037311188114322,1.029814,-0.45406547
0.0740348185106396,0.40852266015301053,0.5557327452588893,0.12619910666883177,5.572812,2.4248624
-0.07267415148181414,0.6864821350584907,-0.0029816833051023155,0.6907608841184946,0.9923852,-0.66816723
-0.019201656210544694,0.70704995570087,-0.004990388449127499,0.691762094736631,0.9923852,-0.66816723
0.04533844791570099,0.40852266015301053,0.5558449014104051,0.2787998554595366,5.1877074,1.615879
-0.05902155382163489,0.6158072046542258,0.006826751239278421,0.6683349165981946,1.5695647,-0.09356741
-0.04047695146139433,0.6932465586004019,0.00022091719882510108,0.6711923046740682,0.9923852,-0.66816723
-0.006344300672355354,0.7071967601320182,0.0020701694117137973,0.6972279803068177,1.2712718,-0.33379176
-0.04732044558234738,0.7070632082002712,-0.00031619387086930656,0.6892315295123107,0.9923852,-0.66816723
-0.08177516978169382,0.6932614625094314,0.01723099297713391,0.6783781827727995,1.5449535,-0.2028608
-0.022696368021180982,0.7124943881555339,0.00998832565150996,0.7031205641030515,1.559659,-0.1888686
-0.057581478359988905,0.7248478565936725,0.01021922246372281,0.6895809110217628,1.559659,-0.1888686
-0.06914657429112701,0.7158945238447497,-0.00031964048460268594,0.6825868812001092,0.9923852,-0.66816723
-0.05488070492232013,0.686148647127226,0.009147672911576137,0.6992427296375044,1.559659,-0.1888686
-0.016175586403638247,0.7064281484113647,0.0028611979163105815,0.6943922287380668,1.2712718,-0.33379176
-0.03061416358443183,0.6993187337907699,-0.002693169496189364,0.6946795560826862,0.9923852,-0.66816723
-0.0505589825142641,0.7034164054920944,-0.004181015730219042,0.6739867187012524,0.9923852,-0.66816723
-0.005582596931174501,0.6874006752216146,-0.004402424456824512,0.6919131573494336,0.9923852,-0.66816723
-0.052487520306045844,0.6898615339256494,0.0006381596588270672,0.6931783057983548,0.9923852,-0.66816723
-0.0822986027473968,0.7201097172228814,0.000611826850494164,0.6936564796689629,0.9923852,-0.66816723
-0.023617618157771567,0.7036118147834883,0.0069528919894301135,0.6967828913992757,1.559659,-0.1888686
-0.07166174256897608,0.7194355947746001,-0.0045970929956969464,0.7020346620569206,0.9923852,-0.66816723
-0.058447179904998287,0.7013712257819954,0.0019577356139753345,0.6896370430393799,1.2712718,-0.33379176
-0.03966869931346064,0.7142994335931184,-0.0023306382239889224,0.6902503091595596,0.9923852,-0.66816723
0.020497142970630808,0.5907198263359776,0.6273261910331145,0.3264063627752545,2.982767,0.217196
-0.0686695172405907,0.7043774487057246,0.019348345103337515,0.6895141106987754,1.5449535,-0.2028608
-0.028178761311217056,0.704685324150145,0.00318927234991827,0.6842643656451162,1.2712718,-0.33379176
-0.05278210430923728,0.7223500506107656,-0.00031964048460268594,0.6766098008022173,0.9923852,-0.66816723
-0.07798650669865137,0.6945294425534416,-0.003073653755055751,0.7022181078070867,0.9923852,-0.66816723
0.07512778387904274,0.5930849341833535,0.8208337237734052,0.30858192718932964,1.7359954,-0.06496446
-0.059922456897574035,0.7047428445365035,0.013424414335817762,0.7034257525850469,1.559659,-0.1888686
-0.014065944343963875,0.7252490888100996,0.00014070014427602397,0.6833151031763444,0.9923852,-0.66816723
0.07517860487372331,0.5905760609180832,0.6051185733922294,0.3168602227018858,3.6437807,0.5030864
-0.015714565947667725,0.7116282709406545,0.00844430786953488,0.6779856088432022,1.559659,-0.1888686
-0.0003567797066814024,0.7155192807916354,-0.0028055983719559516,0.6769625969180958,0.9923852,-0.66816723
-0.013222825125362242,0.6864821350584907,-0.0029816833051023155,0.6935764728317945,0.9923852,-0.66816723
-0.07490929923969136,0.7212962780299494,0.010606310986541426,0.6978351711628933,1.559659,-0.1888686
-0.03477779218178835,0.7004899393588645,-0.000991783877902492,0.6796517066344083,0.9923852,-0.66816723
-0.08061851789533471,0.7147650040006044,-0.003980511562224896,0.6907036138719903,0.9923852,-0.66816723
-0.008335443148702971,0.6984065915267508,0.004916188120062388,0.34202492465160134,1.2129523,-0.36273083
-0.0026270910489250374,0.8272813750622988,-0.004138224696257069,0.6814108462985327,-0.90708923,-0.804375
-0.072414243448975,0.6892324318020202,0.009345432454216894,0.692385888104088,1.559659,-0.1888686
-0.07610274079602822,0.7122769734506181,0.006381955803275508,0.688102299558907,1.559659,-0.1888686
-0.06010818276792883,0.7140903392321893,-0.005109499149621676,0.6697761143891169,0.9923852,-0.66816723
-0.06918354766105896,0.7193698531374163,0.00683124563765501,0.671864826978186,1.559659,-0.1888686
-0.07357975958141222,0.6914448973255167,0.012463801705649254,0.6822531091163553,1.559659,-0.1888686
-0.07255599547056345,0.7036467244211985,-0.005134964263037632,0.7041478249925821,0.9923852,-0.66816723
-0.004852453874244864,0.7173374382714447,-3.688485441441427e-05,0.6992131693910396,0.9923852,-0.66816723
-0.06314156568091522,0.8307833000554852,-0.001238157372069354,0.6712805287758989,-0.90708923,-0.804375
-0.04499887551522673,0.6920981277535652,-0.0010559998769309885,0.7045840267333288,0.9923852,-0.66816723
-0.05481098997864614,0.7142133032670418,-0.002905205918788375,0.681396779823091,0.9923852,-0.66816723
-0.015011546471283506,0.7064281484113647,0.002824552430233502,0.6943922287380668,1.2712718,-0.33379176
-0.06062854220827589,0.7238857978189388,-0.0019454208579932062,0.6793370360174025,0.9923852,-0.66816723
-0.015394319855761384,0.7226593386178091,0.003842860878206026,0.6767649417522247,1.2712718,-0.33379176
-0.08112481308700624,0.6913731309586292,0.0026303457674515217,0.6801249934030978,1.2712718,-0.33379176
-0.015089933970946233,0.715523682512035,0.0004974862881124847,0.6691598383553369,0.9923852,-0.66816723
-0.06306858252223355,0.6988623171239716,-0.0022094233080970855,0.6934379603099726,0.9923852,-0.66816723
-0.04957185110919227,0.7014702465840512,0.00712420641469561,0.702956033790401,1.559659,-0.1888686
-0.053379075955494015,0.69164272743395,0.0011723330397159157,0.690690984340518,0.9923852,-0.66816723
-0.04355403954378586,0.6854279731686816,0.003957989315257393,0.6955148124281209,1.2712718,-0.33379176
-0.017823221185218566,0.7118838715823511,0.0008786675306711178,0.6906626794362922,0.9923852,-0.66816723
-0.03975682482609892,0.690049355301046,-0.004935231289501757,0.6712900072436864,0.9923852,-0.66816723
-0.07654006024454843,0.7040098028877947,0.005878709513579663,0.6901672816217737,1.5365052,-0.22926846
-0.007819234276807422,0.7147003174871868,0.0026907726282991307,0.6742275158690098,1.2712718,-0.33379176
-0.022610552858629503,0.7073354301235429,0.011344962733197794,0.6759717846763179,1.559659,-0.1888686
-0.08179335809705315,0.700580360171391,0.004261561360168726,0.6835240599989103,1.2712718,-0.33379176
-0.03502074792135942,0.7006086268760754,-0.004184667568188065,0.7039529365755829,0.9923852,-0.66816723
-0.04752345754792379,0.7018599630186622,-0.003966042070928777,0.6887212118274721,0.9923852,-0.66816723
-0.04835366593893581,0.7210156462685322,-0.0007617477071545564,0.697743563402598,0.9923852,-0.66816723
-0.022151952575123538,0.7062259715809648,0.006784521410511978,0.6700102331683386,1.559659,-0.1888686
-0.04274620610389211,0.7155192807916354,-0.0028055983719559516,0.6922216219311704,0.9923852,-0.66816723
-0.03966869931346064,0.6867362869486799,-0.0022754934269947733,0.6841412476169466,0.9923852,-0.66816723
-0.07420501725656896,0.6977325654659995,-0.004022397495174452,0.6974787185859352,0.9923852,-0.66816723
-0.07479580254472784,0.7057693446088366,-0.00460039294799422,0.6808370985721691,0.9923852,-0.66816723
-0.01693096284649768,0.6188084022674304,0.005892284657917201,0.6944795968083898,1.56181,-0.11171907
-0.07707410784687571,0.693140189951915,-0.003844458012863503,0.7033773384182698,0.9923852,-0.66816723
-0.012864019329441704,0.6984065915267508,0.004909065513713901,0.3343918234648082,1.2129523,-0.36273083
-0.031893794834804146,0.6960709999644893,0.0004413341237708172,0.6825668654070561,0.9923852,-0.66816723
-0.03832241546056456,0.695054797766211,-0.004817228615028659,0.6932273096063674,0.9923852,-0.66816723
-0.03981960449833929,0.6172493969520454,-0.005117041778484701,0.6918032526993099,1.029814,-0.45406547
-0.00986660158820861,0.6171111617128955,-0.0007964332431926068,0.6894740042664893,1.029814,-0.45406547
-0.027303083744692605,0.7092172236885964,0.000689820325262661,0.6786646285353992,0.9923852,-0.66816723
-0.02741703888310942,0.6854068087003897,0.003065685015528327,0.6868538581170629,1.2712718,-0.33379176
-0.007897041409661097,0.6942073412108859,0.016123146130717504,0.6908669475257639,1.5449535,-0.2028608
-0.037391369710514856,0.6927618722684544,0.0005545939071706935,0.6734041628960783,0.9923852,-0.66816723
-0.06722310730428978,0.6931151000179195,0.004812466744560468,0.6893476444662756,1.2712718,-0.33379176
-0.03127430113883141,0.7006086268760754,-0.004184667568188065,0.7039529365755829,0.9923852,-0.66816723
-0.04306838295269395,0.6985382815539839,-0.0012690132830925818,0.6848431459296461,0.9923852,-0.66816723
-0.06724240819925466,0.6860544354091107,-0.004772486546723728,0.6905330270221937,0.9923852,-0.66816723
-0.07351173272762215,0.7265826613217058,0.017111915276571354,0.6947120984684537,1.5449535,-0.2028608
-0.03950210951448064,0.7056715846275184,-0.001850571736656089,0.7000760236398321,0.9923852,-0.66816723
-0.011089103237980263,0.8272813750622988,-0.0003486671093491491,0.6814108462985327,-0.90708923,-0.804375
-0.06926539588427082,0.7027476717543999,-0.002361517620587767,0.6841832846909982,0.9923852,-0.66816723
-0.06165375259294904,0.7841791586777047,-0.004866534805061377,0.6931509504127005,-1.1197014,-0.83699626
-0.06014382143804325,0.7063118370464649,0.003512079199647315,0.6746823522009952,1.2712718,-0.33379176
-0.07195969755923534,0.8207826609719702,-0.0018046266273992937,0.6939508348335046,-0.90708923,-0.804375
0.4420295201193041,0.4510140222841669,0.27780432965462454,0.01277182796462114,5.812069,3.7322545
-0.0606441936148997,0.7237893448654599,-0.0018564539095274335,0.6793370360174025,0.9923852,-0.66816723
0.4436976616836509,0.46115381232475966,0.27279954200107603,0.0127718688442283,5.857736,3.831062
-0.022179296747195175,0.7057693446088366,-0.005029249185371592,0.685982777567516,0.9923852,-0.66816723
-0.06722310730428978,0.6904917084669938,0.0048179325690022095,0.6977965488772783,1.2712718,-0.33379176
0.07638335312293047,0.59312620754548,0.6015796515973112,0.32177538651157694,3.8118129,0.571259
-0.06722310730428978,0.6931151000179195,0.0050640330184547385,0.6982529925587592,1.2712718,-0.33379176
-0.05414983479371186,0.7159322886194344,-0.004579478057256715,0.6997588215537077,0.9923852,-0.66816723
-0.02828742507618783,0.7005687419112258,-0.0049805430840057984,0.7012732277063043,0.9923852,-0.66816723
-0.055959317916844324,0.7067665065954096,-0.003486056829091303,0.6877534148536202,0.9923852,-0.66816723
-0.047227988973192685,0.6140672491831075,-0.004702147922506599,0.700013217802153,1.029814,-0.45406547
-0.04717163654480085,0.6951735838481614,-0.0031964608424213236,0.6996958548332665,0.9923852,-0.66816723
-0.061347562579834196,0.6932614625094314,0.01723099297713391,0.6783781827727995,1.5449535,-0.2028608
-0.03714279992104248,0.6209517180478046,-0.0050097666437689545,0.7025158302637057,1.029814,-0.45406547
-0.05951761549614947,0.7062298893473684,0.004666612018839101,0.699466450010649,1.2712718,-0.33379176
0.07537721432792034,0.5914198209471352,0.6304675999901853,0.32344164107726353,3.492531,0.390218
-0.012720498590148954,0.7128522272027941,-9.437671730900459e-05,0.6756587459126664,0.9923852,-0.66816723
-0.042893421648372204,0.7149706615383057,-0.002055292925062368,0.38725299398244184,0.89273953,-0.6971061
-0.019554278656771257,0.6951343493523265,0.019186687959665796,0.7030097673491023,1.5449535,-0.2028608
-0.08150575434803822,0.7014282254754278,-0.004229405088023384,0.7006171161320027,0.9923852,-0.66816723
-0.07992992658562581,0.7076954020701526,0.005892284657917201,0.6909819608739367,1.5390967,-0.2101511
-0.06702880664710159,0.7077233325078375,-0.001733419402767224,0.6734962232076454,0.9923852,-0.66816723
0.07507780241371419,0.5930859482210545,0.7599431456642928,0.388429888004768,2.2994432,0.05192456
-0.0027939096909706113,0.7012089218325328,0.011840135256461954,0.6773039849787376,1.559659,-0.1888686
-0.060194587974901514,0.7101086563409587,-0.004391561515663145,0.6945746332309436,0.9923852,-0.66816723
-0.08180744972940618,0.6907674245431301,-0.003580358707470274,0.7018222622464344,0.9923852,-0.66816723
0.0201681135213926,0.5930999245707264,0.7656147054075813,0.29902135228587096,2.004965,-0.010370497
-0.0045680087066286915,0.6859868707346323,-0.004747180209863798,0.6882753240684553,0.9923852,-0.66816723
-0.06212277713979762,0.7198844622708952,-0.0038757545741456892,0.6843781463048293,0.9923852,-0.66816723
-0.014149656298165614,0.7001806912871005,-0.005136930530089671,0.6931056150006,0.9923852,-0.66816723
-0.08278560592128231,0.7231803200642876,0.013492642230914353,0.6837183490365802,1.559659,-0.1888686
0.4438574321252117,0.45417852506427236,0.2726952020673925,0.012771380475211163,5.857736,3.831062
-0.0458677694482601,0.7194191957926217,-0.004754484443151324,0.6880077931688389,0.9923852,-0.66816723
-0.0059523900693761005,0.7140846134225612,0.0058916446113785916,0.6941084711650392,1.5390967,-0.2101511
-0.050614282222569223,0.7162402159537359,0.011481984096228708,0.6929626767229733,1.559659,-0.1888686
-0.04404463785663024,0.7197508383051647,-0.004864010702565285,0.7008217713561189,0.9923852,-0.66816723
-0.04816869041387274,0.6992822780325332,-0.002968907705560537,0.688209649349631,0.9923852,-0.66816723
-0.014462493421197448,0.6957851554509161,0.00514918049423653,0.6967373411448401,1.2712718,-0.33379176
-0.08142865864950966,0.693322042940585,0.017512888769507413,0.6896085743258437,1.5449535,-0.2028608
-0.06914657429112701,0.6955820890458317,-0.00031964048460268594,0.701832879581348,0.9923852,-0.66816723
-0.03477779218178835,0.7057698893763394,-0.0009040794644405935,0.6924299953961977,0.9923852,-0.66816723
-0.034103916274221255,0.6915996181796771,-0.004898955646789894,0.6984893953096682,0.9923852,-0.66816723
-0.08243749714757839,0.7248512078750768,0.003615584919771213,0.6992421182387157,1.2712718,-0.33379176
-0.04409813145435247,0.715523546443992,-0.004732513571277635,0.6855795319142037,0.9923852,-0.66816723
-0.06433375893394558,0.6960161417027738,-0.00514753175906386,0.6945912487450797,0.9923852,-0.66816723
-0.014149656298165614,0.7001806912871005,-0.005136930530089671,0.6735605557975904,0.9923852,-0.66816723
-0.08103307883226342,0.7100230784454604,-0.0036296321875621787,0.6997994933365367,0.9923852,-0.66816723
-0.028322289908877495,0.7218418431928052,0.0036849614574163848,0.6779886926398544,1.2712718,-0.33379176
-0.02981789272312404,0.8258127124746235,-0.003195576378926409,0.6893187835192339,-0.90708923,-0.804375
-0.014462493421197448,0.7086271808885136,-0.0015456337534092753,0.6967470874967373,0.9923852,-0.66816723
-0.06720761914430026,0.7157877910115735,-0.004927133237752435,0.6987855970017879,0.9923852,-0.66816723
-0.04712161560421993,0.5929946818014554,-0.004307490854694502,0.3884979133842813,1.1053326,-0.39811075
-0.035672661735930145,0.6912523270339143,0.011233184987034526,0.6795291969970833,1.559659,-0.1888686
-0.05220741425521073,0.7072620177380096,-0.0016945782330328506,0.6785967912516733,0.9923852,-0.66816723
-0.07289212358053641,0.7033447707433127,-0.00490679761406896,0.6987855970017879,0.9923852,-0.66816723
-0.05941001621901167,0.7139776759371347,-0.005068280836102768,0.6783781827727995,0.9923852,-0.66816723
-0.007039065105975651,0.6898311610211959,0.0026764681698230614,0.6758612923538134,1.2712718,-0.33379176
-0.06724535116210348,0.7154756894991244,0.012129196929996368,0.6736076625440692,1.559659,-0.1888686
-0.08115422472283913,0.7243215083380101,-0.002509216752491141,0.6764259668279773,0.9923852,-0.66816723
-0.03254776292736987,0.7255449061055637,0.017675453167746977,0.7012438102387215,1.5449535,-0.2028608
-0.058931119487662977,0.7006086268760754,-0.004177402942689527,0.7039529365755829,0.9923852,-0.66816723
-0.07141630850185059,0.7160584052405927,0.012858640695889975,0.6936869288976311,1.559659,-0.1888686
-0.01917063783024949,0.6951340915466087,0.019160711665439256,0.6913608021340406,1.5449535,-0.2028608
-0.07658764640492867,0.709101856780165,0.0007040737142823368,0.6983220481654058,0.9923852,-0.66816723
-0.08100215326836771,0.701882820539263,0.012182614886160181,0.6803463392498321,1.559659,-0.1888686
-0.05876750774594878,0.7014282254754278,0.0027434956800709296,0.6977480675208225,1.2712718,-0.33379176
-0.004519628435929041,0.7034746115145026,6.860047114838077e-05,0.6924774161161789,0.9923852,-0.66816723
-0.05904912950808005,0.7139776759371347,0.015621333042504282,0.6783416730825339,1.5449535,-0.2028608
-0.07053898584337025,0.619975702880752,0.0073180713680615446,0.6867665465850618,1.5695647,-0.09356741
-0.049764451799555076,0.7057246319971295,-0.004688893221812812,0.7006843849474924,0.9923852,-0.66816723
-0.08122239090103184,0.7100230784454604,-0.0036296321875621787,0.6997994933365367,0.9923852,-0.66816723
-0.03189537155991066,0.8307827739708386,-0.004963509315410723,0.6931808285739717,-0.90708923,-0.804375
-0.06867599749166099,0.7038929527085663,0.0042255452554892025,0.6740642860613067,1.2712718,-0.33379176
-0.07564452358651717,0.6937721383643117,0.0015796838157365201,0.6848365094299917,1.2712718,-0.33379176
-0.052043791529909164,0.712978411057007,0.01720935061635738,0.6742827776906694,1.5449535,-0.2028608
-0.010334183273398672,0.6903314509644962,0.0048179325690022095,0.7035873359714835,1.2712718,-0.33379176
-0.07331264518836023,0.699031025768283,0.002034873793742788,0.6947539057847361,1.2712718,-0.33379176
-0.06647946025491619,0.6969352102515505,0.00479832315704323,0.6716251918040832,1.2712718,-0.33379176
-0.07149860592050344,0.6917973461341778,-0.004066487424355669,0.6891550328192242,0.9923852,-0.66816723
-0.07686565891457553,0.6861127001117215,0.01791810048622023,0.6786370199640045,1.5449535,-0.2028608
-0.036726466343903225,0.6139594136404889,-0.004758047250139177,0.6913967722975464,1.029814,-0.45406547
-0.03450469644034145,0.7003982177182124,-0.004942219452663179,0.6857789423855887,0.9923852,-0.66816723
-0.030198421851567347,0.7244525439464595,-0.003122616624468869,0.6998711727421798,0.9923852,-0.66816723
-0.0506393957167646,0.6145477352877552,-0.0018212808391538647,0.6892544414570705,1.029814,-0.45406547
-0.042461416848216124,0.7241366079970923,-0.004947440440623519,0.6721147903002017,0.9923852,-0.66816723
-0.01693096284649768,0.7076045784967737,0.005892284657917201,0.6989916590885205,1.5390967,-0.2101511
-0.04380228689830601,0.7227456948900292,0.013427964669015958,0.6727843605412244,1.559659,-0.1888686
-0.08227848881879786,0.6953922150220506,-0.004875417880136219,0.6729202441978793,0.9923852,-0.66816723
-0.04069043258605752,0.708749890571179,-0.0019857591605731756,0.3881988634807505,0.89273953,-0.6971061
-0.04744368706786451,0.7070632082002712,0.005057181195842615,0.6892925270489555,1.2712718,-0.33379176
-0.06222217903430997,0.802911822624484,-0.005130405542427464,0.3885159565721693,-0.9873588,-0.8333137
0.07403475280588982,0.40856974346526376,0.2688197078752831,0.11158634968259112,5.627383,3.0062528
-0.07664409921287593,0.7048799869717937,-0.005186036842499738,0.6947120984684537,0.9923852,-0.66816723
-0.0379139454876677,0.7272614295521114,0.012215447788512175,0.69768684729465,1.559659,-0.1888686
-0.08315704960840359,0.7036028756166591,-0.004544855895481276,0.6759695581935123,0.9923852,-0.66816723
-0.04434093703637103,0.6984577103196878,0.0009685587675596654,0.7010727515912756,0.9923852,-0.66816723
-0.06357603761747917,0.6149056803121,-0.004889692145469035,0.677267717984364,1.029814,-0.45406547
-0.05548658682696267,0.7116100126987993,0.010009737239229105,0.7007641168610709,1.559659,-0.1888686
-0.021834356198856198,0.7153144230549392,-0.00492142049747124,0.683425615914213,0.9923852,-0.66816723
-0.04552355757792087,0.7265437444305463,-0.005123674859559894,0.6841390686868427,0.9923852,-0.66816723
-0.0361817123845994,0.7245710778186889,-0.002027930855988216,0.6965090948037329,0.9923852,-0.66816723
-0.07061693772382535,0.7179740490635033,-0.0025458834048183426,0.6842818374670483,0.9923852,-0.66816723
-0.037808065550646995,0.6918399514785819,-0.004817228615028659,0.7014017039075231,0.9923852,-0.66816723
-0.0492868344585822,0.6175656030455126,-0.00209099739964419,0.6731535630086593,1.029814,-0.45406547
-0.04559376750062628,0.6909194643576121,0.011977052285919039,0.6767655677717199,1.559659,-0.1888686
-0.04683877027905726,0.6907474729590024,-0.00010151121322607513,0.6781325539413005,0.9923852,-0.66816723
-0.006223890661837629,0.6864826102134854,-0.0004422721778431786,0.6883141669451541,0.9923852,-0.66816723
-0.03615532256307033,0.725612713615109,-0.003448053823753217,0.6836944677489877,0.9923852,-0.66816723
-0.08301785328284611,0.7103492651614913,0.011122161169812135,0.6837183490365802,1.559659,-0.1888686
-0.07283168765375532,0.6914448973255167,-0.0035930384225585903,0.6940637928910827,0.9923852,-0.66816723
-0.032703549153793005,0.7168810881350689,-0.004604293776479388,0.6895877621275907,0.9923852,-0.66816723
-0.03335246858075538,0.6898615339256494,0.0006381596588270672,0.6931783057983548,0.9923852,-0.66816723
-0.07920641486453904,0.7125724733734837,0.00022863329491695783,0.6787590261032073,0.9923852,-0.66816723
-0.06308638762564998,0.6894261736460287,0.0011763135521287407,0.6756478094790632,0.9923852,-0.66816723
-0.07910221850582459,0.6979929243019304,0.013700084183589268,0.6854300687306119,1.559659,-0.1888686
-0.03929647545160383,0.6915659276338795,0.006355979524000739,0.6913608021340406,1.559659,-0.1888686
-0.073688674436893,0.721980370128415,-0.003989228398831996,0.6762886003368418,0.9923852,-0.66816723
-0.03864740029173292,0.6926096281143371,0.0007042584881138821,0.6931638107720359,0.9923852,-0.66816723
-0.07400948586862097,0.717608709729846,-0.004457938242904746,0.6718511598697445,0.9923852,-0.66816723
-0.04432956456312209,0.7197508383051647,-0.00482607817644501,0.7008217713561189,0.9923852,-0.66816723
-0.051136981248825215,0.6898692762714991,-0.0019589147020465728,0.7001442016998326,0.9923852,-0.66816723
-0.08064494418537009,0.7022708264573325,0.012195531210710608,0.6803463392498321,1.559659,-0.1888686
-0.03039795566365806,0.7194435000777382,-0.0015791990220990902,0.703512068876659,0.9923852,-0.66816723
-0.014949055463278946,0.6909732032866581,0.012369980001622854,0.6987091602349438,1.559659,-0.1888686
-0.022848154048226675,0.69077418552901,0.016059693315258135,0.6871949085459352,1.5449535,-0.2028608
-0.08248684812509838,0.698091621097228,-0.004302892935139965,0.695243891556082,0.9923852,-0.66816723
-0.06729930165416827,0.7192602329128496,-0.0044035278601876485,0.698034392174702,0.9923852,-0.66816723
-0.06005033283163132,0.6913339261115562,-0.001718065582459928,0.6862830615292308,0.9923852,-0.66816723
-0.06686625046397104,0.7179740490635033,-0.0018968584475301162,0.6762066527465268,0.9923852,-0.66816723
-0.08150807846184445,0.7103588870148791,9.920289408601925e-05,0.6764259668279773,0.9923852,-0.66816723
-0.059616976232389804,0.7238286839415105,0.007708826346285088,0.7016697768269201,1.559659,-0.1888686
-0.08211082484336515,0.709605416743661,0.01744775982185811,0.6785991199754077,1.5449535,-0.2028608
-0.07669991108781435,0.685198613937209,0.0018320573672759369,0.6912375929511254,1.2712718,-0.33379176
-0.03303338477741143,0.7071308909025786,-0.0032157239637046727,0.7009331345805764,0.9923852,-0.66816723
-0.0686610558361381,0.7210245269282319,0.005050214211768652,0.6936015500486156,1.2712718,-0.33379176
-0.07628435109364803,0.6197834668094813,-0.0043291122080701076,0.700493902047571,1.029814,-0.45406547
-0.015714565947667725,0.7116109963221545,0.008425738855712317,0.6779856088432022,1.559659,-0.1888686
0.11326850699063805,0.467884625682944,0.7446525783140008,0.10658082526479801,5.175309,1.4218552
-0.0006425539941150224,0.7033953673919932,6.860047114838077e-05,0.6817863270636996,0.9923852,-0.66816723
-0.08316729862865163,0.7060911032489483,0.013136713499000956,0.681396779823091,1.559659,-0.1888686
-0.016310030946490233,0.7204714292181947,-0.001494190963723981,0.6983001714465227,0.9923852,-0.66816723
-0.06811105452710844,0.7176148324550148,-0.004106668451146185,0.6735938632880288,0.9923852,-0.66816723
-0.01997354910546358,0.6988304098877676,-0.004906208425426879,0.703734337719529,0.9923852,-0.66816723
0.07512816068220256,0.5930849338913996,0.6015697137607066,0.32122463790846373,3.7639704,0.52839214
-0.07995639360937534,0.6927297246786532,0.010343538023132414,0.6838363841557484,1.559659,-0.1888686
-0.016483387874476438,0.7027709697718822,-0.004736520168760659,0.7003214352833129,0.9923852,-0.66816723
-0.009037943158873796,0.7168328352504301,-0.0011783192680078665,0.6719754066518077,0.9923852,-0.66816723
-0.061961497814130975,0.7251418133958504,-0.004393899472493261,0.6761003591131624,0.9923852,-0.66816723
-0.02706679478376512,0.6887496909521192,0.004653114687973786,0.6926951055728019,1.2712718,-0.33379176
-0.0024476175396641806,0.7157970250843274,-0.004412384263501617,0.676729108340374,0.9923852,-0.66816723
-0.056158517422896286,0.7078409094267483,-0.00501748206694682,0.6990411266806775,0.9923852,-0.66816723
-0.05928878148609498,0.6166256873220607,0.005888085967011294,0.6903930563952296,1.56181,-0.11171907
-0.02900056969857211,0.6964024157833013,-0.004963426522018503,0.6843092758576652,0.9923852,-0.66816723
-0.07902808469476008,0.6856436291369602,-0.005106075215043678,0.6898957214588488,0.9923852,-0.66816723
-0.022151952575123538,0.7145396070025776,0.006784521410511978,0.6700102331683386,1.559659,-0.1888686
-0.014913777726452672,0.804202500790294,-0.005183346004625444,0.3885159565721693,-0.9873588,-0.8333137
-0.04434093703637103,0.6983883925831909,0.0009685587675596654,0.7010727515912756,0.9923852,-0.66816723
-0.04004205571342794,0.7248478565936725,0.017678444675447675,0.6905067473940084,1.5449535,-0.2028608
-0.04237748465821175,0.6163034035444769,0.005888085967011294,0.6723004382272193,1.56181,-0.11171907
-0.07324358776164207,0.7212962780299494,0.0001718222328875188,0.6978351711628933,0.9923852,-0.66816723
-0.07382512155281638,0.7196691297927392,-0.0012467787464552245,0.6762886003368418,0.9923852,-0.66816723
-0.08061851789533471,0.7147650040006044,-0.004669220575900398,0.6949035925642855,0.9923852,-0.66816723
-0.04880285551045574,0.7057698893763394,0.004547697217314628,0.6901795208650474,1.2712718,-0.33379176
-0.029735596617516652,0.7135323356050278,0.001807875221238203,0.7037954785335713,1.2712718,-0.33379176
-0.02699517127046875,0.7210156462685322,-0.0007617477071545564,0.6966993806801546,0.9923852,-0.66816723
-0.06308318944409083,0.7245710778186889,-0.002027930855988216,0.6965090948037329,0.9923852,-0.66816723
-0.05284014632493578,0.7265538454536333,0.012433452775563424,0.6777718725410246,1.559659,-0.1888686
-0.019847194750783524,0.6911085949755971,-0.0040893935397866565,0.6870260442663096,0.9923852,-0.66816723
-0.014869257852864172,0.6876972068636804,0.0023164209561427947,0.6992871326283487,1.2712718,-0.33379176
-0.026706611893358996,0.703338802858096,-0.00489639096379344,0.6942288622394427,0.9923852,-0.66816723
-0.04237748465821175,0.6163034035444769,-0.0026016153010322276,0.677731366805009,1.029814,-0.45406547
-0.04816869041387274,0.7237787842996588,0.006270011096902026,0.6886220167011357,1.559659,-0.1888686
-0.03950812048506382,0.6926301539372159,0.0013967593813182808,0.6930924144480991,1.2712718,-0.33379176
-0.03975682482609892,0.690049355301046,-0.0047290418395079335,0.6703486255100385,0.9923852,-0.66816723
-0.05481098997864614,0.7004771543826098,-0.002905205918788375,0.681396779823091,0.9923852,-0.66816723
-0.025422261457426737,0.6934870796510901,0.00728880092698578,0.6706648083678229,1.559659,-0.1888686
-0.03606342480659194,0.7027896894857671,0.005127839909062268,0.6861158527011502,1.2712718,-0.33379176
-0.06023535484803991,0.7183164194702643,-0.0018577121536106577,0.6793370360174025,0.9923852,-0.66816723
-0.04772901978565915,0.7074841215119424,0.001928462341433361,0.6924055251292832,1.2712718,-0.33379176
-0.035672661735930145,0.6915808131679104,0.00841261449828284,0.6795291969970833,1.559659,-0.1888686
-0.08271710526953922,0.7149973459944111,0.013148254204908071,0.6815328132473865,1.559659,-0.1888686
-0.06240990514001575,0.617768126619569,0.01184426801805158,0.696943506377889,1.5695647,-0.09356741
-0.08151079657959326,0.7148725526575235,-0.0032888152465544744,0.38725299398244184,0.89273953,-0.6971061
-0.0750869076552599,0.7210156462685322,-0.0007617477071545564,0.6858294699694374,0.9923852,-0.66816723
-0.06552453869915217,0.7000712600130178,0.01016554753165521,0.6769621655778091,1.559659,-0.1888686
-0.054852211676522475,0.689798042176609,-0.003922254169255855,0.6977965488772783,0.9923852,-0.66816723
-0.02769447742585351,0.617524805872067,-0.004066841057496057,0.6750335502760334,1.029814,-0.45406547
-0.07512750392446206,0.7057693446088366,-0.00460039294799422,0.6808370985721691,0.9923852,-0.66816723
-0.059313131761759896,0.7160464939453368,0.010957960093502132,0.6972176704979809,1.559659,-0.1888686
-0.03128579474157834,0.6974295978311131,0.013350858838933204,0.6897542061554168,1.559659,-0.1888686
-0.024376496214989773,0.7086141629051582,-0.004309309264985028,0.6964559392356303,0.9923852,-0.66816723
-0.000990767961780846,0.7012727300035484,-0.0028101055919549068,0.3895852826888545,0.89273953,-0.6971061
-0.07283841495666085,0.7262342057952309,-0.004435683562868006,0.6929881164968483,0.9923852,-0.66816723
-0.05598011014564393,0.7248478565936725,0.008511727682127589,0.6903862452579175,1.559659,-0.1888686
0.44229184636893043,0.4510140222841669,0.27780432965462454,0.01277182796462114,5.812069,3.7322545
-0.04597710257812841,0.702046661352539,0.008040258121266497,0.6773039849787376,1.559659,-0.1888686
-0.03052652301706426,0.7006330867480415,0.007329616679153143,0.6781302016230145,1.559659,-0.1888686
-0.051136981248825215,0.6898692762714991,-0.0019589147020465728,0.6837869750208405,0.9923852,-0.66816723
-0.060673094875470596,0.6907474729590024,0.0007042584881138821,0.6802523859599959,0.9923852,-0.66816723
-0.022399363139807983,0.7031370228367283,0.0020701694117137973,0.6693848745441567,1.2712718,-0.33379176
-0.07767888948229737,0.6903776209649911,0.018547314921099005,0.6881518231158631,1.5449535,-0.2028608
-0.0686695172405907,0.7047707922410875,-0.005106871810511614,0.7012054177944139,0.9923852,-0.66816723
-0.07981452036628386,0.7174072736118245,-0.005183505328616979,0.6847994306769483,0.9923852,-0.66816723
0.11303971278690092,0.4647383997258782,0.8067736355375476,0.11496105004848349,4.498466,0.73973566
-0.01900195020172085,0.6952697123360675,-0.00471063497663476,0.3884979133842813,0.89273953,-0.6971061
-0.025002670524681227,0.7095161279785893,-0.003898379867585484,0.6914337585814965,0.9923852,-0.66816723
-0.07065856713114652,0.6907552071230196,0.004413763845178313,0.6801249934030978,1.2712718,-0.33379176
-0.0615338150474598,0.6907679987818812,0.0013967593813182808,0.6801809896360591,1.2712718,-0.33379176
-0.03794209234094874,0.7200932496322922,-0.0029597755207711567,0.6762938175780342,0.9923852,-0.66816723
-0.013454083189666807,0.6874006752216146,-0.0008195228378023141,0.6917803548183841,0.9923852,-0.66816723
-0.054838324971404,0.6921112122278523,0.015589661759817866,0.703139748488752,1.5449535,-0.2028608
-0.08318879206327524,0.8237096491962211,-0.0037045283316419885,0.6814696485541003,-0.90708923,-0.804375
-0.03221648653971531,0.7139776759371347,-0.0035122664102461565,0.6783781827727995,0.9923852,-0.66816723
-0.07898600024491659,0.7245710778186889,-0.0038520565217949557,0.6965696213179875,0.9923852,-0.66816723
-0.056065049897138876,0.7005626717474168,-0.005076744931386495,0.6888486025658481,0.9923852,-0.66816723
-0.08007106281392919,0.6163387169988805,-0.004066841057496057,0.6993314269031321,1.029814,-0.45406547
-0.05587466210420515,0.6176155382800284,-0.0050934681507911255,0.692793117571776,1.029814,-0.45406547
-0.06570740384760743,0.7255984436326341,-0.005031952709122305,0.7031556296659984,0.9923852,-0.66816723
-0.028471564416450698,0.7210151205666457,0.004984688509745025,0.6765364504201311,1.2712718,-0.33379176
0.06785467720921365,0.4085226668302185,0.5558144175802113,0.11545811768287881,5.485256,2.2935252
-0.006526517089901748,0.6987867280863376,-0.003567506656948301,0.6908669475257639,0.9923852,-0.66816723
-0.013454083189666807,0.6871888375965759,0.0023111315200303947,0.6917803548183841,1.2712718,-0.33379176
-0.04761003260694979,0.7067614018243586,0.013926118012578778,0.6879652514458879,1.559659,-0.1888686
-0.07569039683555454,0.7166955429410024,0.019160711665439256,0.6913608021340406,1.5449535,-0.2028608
-0.041558522584327996,0.7163174761678108,-0.004585401266496383,0.6977454850564488,0.9923852,-0.66816723
-0.01995026083779023,0.6867862150837316,-0.00015782465567509927,0.6726583955617939,0.9923852,-0.66816723
-0.02769447742585351,0.704685324150145,-0.004066841057496057,0.6756055853400469,0.9923852,-0.66816723
-0.08201199298080467,0.8284666046066164,9.920289408601925e-05,0.6764513469997102,-0.90708923,-0.804375
-0.07469188053773718,0.7198396157526188,-0.0038757545741456892,0.6844307845975587,0.9923852,-0.66816723
-0.07886686803737467,0.6177971983674724,-0.005051680473789497,0.7022908456025403,1.029814,-0.45406547
-0.008595616472824752,0.712236530962807,0.0035149445184318225,0.699225304459965,1.2712718,-0.33379176
-0.07707410784687571,0.6158072046542258,-0.003844458012863503,0.6682636429701775,1.029814,-0.45406547
-0.02694235340372251,0.6977675325184806,-0.005097370100351697,0.676729108340374,0.9923852,-0.66816723
-0.027911428433236733,0.7039301678294709,0.00040056905233245513,0.6942288622394427,0.9923852,-0.66816723
-0.060673094875470596,0.7227618064361726,-0.003853535960500228,0.674281726544019,0.9923852,-0.66816723
-0.043870856513333195,0.7096138406308087,0.012538156906655856,0.6926887070031964,1.559659,-0.1888686
-0.08315407400028664,0.6979426534946594,-0.004514464190705087,0.6930722047409278,0.9923852,-0.66816723
-0.04510899902354144,0.726702716526874,0.005883006209418962,0.6765333323591081,1.5365052,-0.22926846
-0.08177516978169382,0.6932614625094314,0.01786157749508837,0.6783781827727995,1.5449535,-0.2028608
-0.052300369975181144,0.7061318591365954,0.013051575762273107,0.690690984340518,1.559659,-0.1888686
0.1129929066037309,0.5524773014342858,0.7852394389704128,0.11899809961413654,4.121721,0.6813509
-0.07698982152138542,0.6969352102515505,0.00864043369788402,0.692492788589095,1.559659,-0.1888686
-0.03574712434292822,0.6876972068636804,0.002316432023397737,0.6854950901146879,1.2712718,-0.33379176
-0.036726466343903225,0.6139594136404889,-0.004753719488551042,0.6913967722975464,1.029814,-0.45406547
-0.05602927950029577,0.7109520078802132,0.012623158037857383,0.6983182752119451,1.559659,-0.1888686
-0.08248684812509838,0.7253441905422561,0.00041528982319886856,0.38913202214474624,0.89273953,-0.6971061
-0.039802132072937535,0.70497629373597,-0.004932090104671849,0.7027580145767485,0.9923852,-0.66816723
-0.07150543772127625,0.7140646202147348,0.013124545269382261,0.6998642394255856,1.559659,-0.1888686
-0.042893421648372204,0.6069078662033369,-0.002055292925062368,0.38725299398244184,1.0642098,-0.40829095
-0.08179335809705315,0.700580360171391,0.004954705999207912,0.6835240599989103,1.2712718,-0.33379176
-0.013364839153634539,0.7004322750544338,-0.002741192353991978,0.6878824058073223,0.9923852,-0.66816723
-0.07881982013788837,0.7164606437627761,0.00042740808363845315,0.6830698682616374,0.9923852,-0.66816723
-0.04704372364778389,0.6875403499073366,-0.003938548143488525,0.6879158118266614,0.9923852,-0.66816723
-0.022179296747195175,0.7057693446088366,-0.005025197991813956,0.6946649336267431,0.9923852,-0.66816723
-0.01979146367788283,0.7035630201879468,0.006911007625926131,0.6762972684910378,1.559659,-0.1888686
-0.054108957160959106,0.712978411057007,0.01720935061635738,0.6742827776906694,1.5449535,-0.2028608
-0.07916205214218902,0.7130458493333056,0.0022964429165444012,0.6977480675208225,1.2712718,-0.33379176
-0.08031596352848758,0.7073354301235429,0.011344962733197794,0.6870541108865637,1.559659,-0.1888686
-0.05034034822959975,0.699063349712345,-0.0034771939396984865,0.6998885627975547,0.9923852,-0.66816723
0.020233079225276836,0.590382408640302,0.6089844894019885,0.3172064519770602,3.1429055,0.31797257
-0.01447258675257307,0.7008121843082252,0.0020199592688273913,0.6969650445560448,1.2712718,-0.33379176
-0.04426334911260327,0.7166343448325169,0.0045523398989584535,0.6965667965994257,1.2712718,-0.33379176
-0.048840190148306845,0.6960981845337572,0.012860384028962538,0.6955662858710844,1.559659,-0.1888686
-0.03964227870917993,0.7168853666569625,0.0016685348635365532,0.6888930359135647,1.2712718,-0.33379176
-0.08173766933155462,0.7161533552696676,-0.00509151508654384,0.6788112660960318,0.9923852,-0.66816723
-0.006267338881031481,0.7255984436326341,-0.005105317271638341,0.6950251467564383,0.9923852,-0.66816723
-0.01688586935308295,0.6847560080058842,-0.003213950617192245,0.6961185085163477,0.9923852,-0.66816723
-0.07881982013788837,0.7164606437627761,-0.003618729560817451,0.6972403439994214,0.9923852,-0.66816723
-0.0030177780581476243,0.7192409814288063,-0.004736520168760659,0.700948772459812,0.9923852,-0.66816723
-0.0024476175396641806,0.6939388048330927,-0.004431460877056386,0.676729108340374,0.9923852,-0.66816723
0.07403455883137434,0.40852265975537816,0.26814439531452317,0.10568449747423733,5.629116,3.033661
-0.08150575434803822,0.7014282254754278,-0.0013492525746031936,0.7012362463544266,0.9923852,-0.66816723
-0.028401864702008055,0.6964024157833013,-0.005033097048146603,0.6919538373322602,0.9923852,-0.66816723
0.0740478238857144,0.40852266015301053,0.5554328304859639,0.2506387603587283,5.4051785,1.891568
-0.07679915060619463,0.6852093597640058,0.019527434040544984,0.679202929256851,1.5449535,-0.2028608
-0.06033491203232164,0.7252749617828766,0.01112668579845564,0.6970750615327047,1.559659,-0.1888686
-0.07117801450871529,0.7027896894857671,-0.0018644253528291277,0.6861158527011502,0.9923852,-0.66816723
-0.03674778366648743,0.6874006752216146,0.011662041096901759,0.6917424973917375,1.559659,-0.1888686
-0.07821206273988263,0.8279326854481653,-0.0051560058105991485,0.699326752172408,-0.90708923,-0.804375
-0.06506839223178548,0.7172659610489113,-0.0029117902843989775,0.6984257896205198,0.9923852,-0.66816723
-0.07035098223867689,0.7069872773569883,-0.0007040991281505038,0.6993339516087234,0.9923852,-0.66816723
-0.08261127653942771,0.6880413850995543,0.0021994353250757433,0.6864996972164542,1.2712718,-0.33379176
-0.07277612037452941,0.7161409707172296,0.011521608117735305,0.6763968309725527,1.559659,-0.1888686
-0.08270075052313552,0.7245710778186889,-0.0033694763033871988,0.6965942333695355,0.9923852,-0.66816723
-0.04082660477117199,0.6985382815539839,-0.004177402942689527,0.7039529365755829,0.9923852,-0.66816723
-0.0826674805778865,0.7032167693091118,0.0038182472119936417,0.6787590261032073,1.2712718,-0.33379176
-0.07716738007309384,0.7051303901063946,0.01256568740199937,0.6906966409296708,1.559659,-0.1888686
-0.034997894834959624,0.7035630201879468,0.013567346209108702,0.677028245263833,1.559659,-0.1888686
-0.010912519549075659,0.7025433658847325,0.015683046294261715,0.7012690829794395,1.5449535,-0.2028608
-0.07806066597406909,0.7066023164383015,-0.0046240683709591855,0.6899548864978684,0.9923852,-0.66816723
-0.08089279158763618,0.7148255916062527,0.004186023681400662,0.678462704362977,1.2712718,-0.33379176
-0.026953193531765163,0.7196691297927392,-0.002203257503240644,0.6867102480104788,0.9923852,-0.66816723
-0.049107431323245555,0.7231567963999681,0.013424414335817762,0.7034257525850469,1.559659,-0.1888686
-0.04811452447950885,0.711474611884594,0.005271224694955443,0.6851192700570757,1.364837,-0.28137913
-0.07053898584337025,0.6153122018087527,-0.0007424880842271187,0.6867665465850618,1.029814,-0.45406547
-0.0007720864179441428,0.6200249421670749,0.012290007068936078,0.7007024188603953,1.5695647,-0.09356741
-0.018207057619510567,0.7110433217773156,-0.004183990754673179,0.6983290148179685,0.9923852,-0.66816723
-0.04405601032987917,0.7027323693120325,0.0007254439743520419,0.7012460986057052,0.9923852,-0.66816723
-0.06962518966331394,0.699063349712345,-0.0034771939396984865,0.6840664227535136,0.9923852,-0.66816723
0.11326850699063805,0.45404615261714953,0.7446525783140008,0.10658082526479801,5.175309,1.4218552
-0.06086182665036231,0.691178528483629,0.0032676445187802636,0.6846599571426163,1.2712718,-0.33379176
-0.07445641893372065,0.7059759649552585,0.006784521410511978,0.6693372505061723,1.559659,-0.1888686
-0.006333601091513312,0.6977023932115065,-0.0028332466848568555,0.38959802757346274,0.89273953,-0.6971061
-0.06528368131726395,0.6998424872405187,-0.003908133616697784,0.6930200521759946,0.9923852,-0.66816723
-0.00618213695753414,0.706712208886473,0.0020701694117137973,0.6970788104888456,1.2712718,-0.33379176
-0.049251836446961926,0.6962699084115586,-0.004181015730219042,0.6739867187012524,0.9923852,-0.66816723
-0.04660919972358339,0.6149393867182112,-0.004702147922506599,0.700013217802153,1.029814,-0.45406547
-0.03061416358443183,0.722932084815674,-0.003953613852222912,0.6946795560826862,0.9923852,-0.66816723
-0.07979253650232773,0.6943420545379682,-0.005125513257148151,0.686259982432389,0.9923852,-0.66816723
-0.041949487092535646,0.7069070793476155,0.0028088865117789938,0.6818907128049527,1.2712718,-0.33379176
-0.02267019703416844,0.6876116953877999,0.0031385666956096556,0.6759499134324678,1.2712718,-0.33379176
-0.062276159282479746,0.802911822624484,-0.005130405542427464,0.3885159565721693,-0.9873588,-0.8333137
-0.017527025613354865,0.7850141750342591,-0.0048992968769757984,0.6797265150883698,-1.1197014,-0.83699626
-0.03950812048506382,0.6926301539372159,-0.0032757531047792323,0.6929251466454998,0.9923852,-0.66816723
-0.04794221836740867,0.7070238552722485,-0.0046548891214873885,0.6959558597099558,0.9923852,-0.66816723
-0.012720498590148954,0.7133207521647273,-6.494051029296206e-05,0.6759503584061435,0.9923852,-0.66816723
-0.07554734762880887,0.7219234398500355,0.00016058207833939296,0.6772927881215178,0.9923852,-0.66816723
-0.03608826151135164,0.6923916903183431,-0.004535345970017399,0.6795956598521786,0.9923852,-0.66816723
-0.06326803815634618,0.7161077111105968,-0.003934821227103756,0.696554403408799,0.9923852,-0.66816723
-0.025887827754318735,0.7204714292181947,-0.001494190963723981,0.6978744314042585,0.9923852,-0.66816723
-0.05602755754894089,0.7228178497508377,-0.004939760610849091,0.7026246667181395,0.9923852,-0.66816723
-0.06703228863102527,0.7107665326555466,0.016574732038506186,0.7034257525850469,1.5449535,-0.2028608
-0.03486471725240167,0.7046941706374505,-4.876088713824797e-05,0.6947120984684537,0.9923852,-0.66816723
-0.03014786947236618,0.7043499995058006,0.01256568740199937,0.6724684133839289,1.559659,-0.1888686
-0.03793395260413185,0.7226124558658711,-0.0009313453460407734,0.6699344339608817,0.9923852,-0.66816723
-0.014623298443178695,0.7158920212981148,0.0016685348635365532,0.6706648083678229,1.2712718,-0.33379176
0.11326850699063805,0.45519924491291225,0.7446525783140008,0.10658082526479801,5.175309,1.4218552
-0.05813539536629582,0.7841791586777047,-0.004898099617229626,0.7023424543638238,-1.1197014,-0.83699626
-0.050614282222569223,0.7085165875279738,0.01255447972590984,0.6927136710428802,1.559659,-0.1888686
-0.03990088495804521,0.7089988856064103,-0.005109500338441697,0.669277264704853,0.9923852,-0.66816723
-0.0026542124153995737,0.7214420065733492,-0.0046737715175516415,0.6833920816844631,0.9923852,-0.66816723
-0.06308318944409083,0.7161077111105968,-0.003934821227103756,0.696554403408799,0.9923852,-0.66816723
-0.02477399777616461,0.6917627311405594,-0.0003275543433473027,0.6926810836889431,0.9923852,-0.66816723
0.06589782654574174,0.4084954079551835,0.5554581952883393,0.10432352227685954,5.495552,2.3261175
-0.01468299517603898,0.6940147369088573,-0.0019036857207583744,0.7016679803724969,0.9923852,-0.66816723
-0.08122272637676897,0.7243215083380101,-0.002509216752491141,0.6764259668279773,0.9923852,-0.66816723
-0.009572954639845737,0.7256411544689281,0.00832944683894389,0.6985491876223044,1.559659,-0.1888686
-0.05858776093699794,0.7241277727129934,-0.005168361142696527,0.6942288622394427,0.9923852,-0.66816723
-0.05219438988502164,0.7152218448460463,-0.00166790197806647,0.6760523483342853,0.9923852,-0.66816723
-0.060673094875470596,0.6986523383481038,-0.004977868971185708,0.6935693307939301,0.9923852,-0.66816723
-0.06491368652300014,0.709860502566051,-0.0047560792543526265,0.6779283799366714,0.9923852,-0.66816723
-0.08180744972940618,0.6907674245431301,-0.003580358707470274,0.6995762497612469,0.9923852,-0.66816723
-0.027484640828558296,0.6979913902313318,-0.0028332466848568555,0.38959802757346274,0.89273953,-0.6971061
-0.029735596617516652,0.7211969820338188,0.003618033266578455,0.7035442734949214,1.2712718,-0.33379176
-0.06260781219540204,0.7165249111948482,0.012648229375076321,0.7015303931782428,1.559659,-0.1888686
0.0751695314493177,0.5911626210239505,0.6051185733922294,0.33134891400937494,3.6437807,0.5030864
-0.05573137338000853,0.7198963191212747,-0.003839533092880709,0.6786612699368146,0.9923852,-0.66816723
-0.014853987418165437,0.7037404224466698,0.01008797628624665,0.700026636494868,1.559659,-0.1888686
-0.0545370283946013,0.6155747369960167,-0.004311522377685499,0.6997588215537077,1.029814,-0.45406547
-0.03052652301706426,0.6957016396880399,0.009741223010165643,0.7033840286455003,1.559659,-0.1888686
0.4360649828759629,0.42375956660665465,0.2695472136184476,0.013699110553215533,6.054062,4.9347506
-0.019607302067688324,0.6957851554509161,0.011261440656637464,0.6960063643720444,1.559659,-0.1888686
-0.05874609903080942,0.7049652216254201,-0.004743362320771703,0.7027505680715987,0.9923852,-0.66816723
-0.08023805978404516,0.7225455835657484,0.0016858927136549013,0.6985829986730027,1.2712718,-0.33379176
-0.0026542124153995737,0.6972527438581642,-0.0030735543842295454,0.6747937536377151,0.9923852,-0.66816723
-0.08243749714757839,0.7248512078750768,0.001901077992555511,0.6992421182387157,1.2712718,-0.33379176
-0.05551660697017986,0.8039076808326858,-0.005177517100365985,0.38819903038238945,-0.9873588,-0.8333137
-0.058643783155645765,0.6951340915466087,0.01666568645969857,0.6687736919898868,1.5449535,-0.2028608
-0.05284014632493578,0.7265538454536333,0.007250376111740133,0.6792889000536168,1.559659,-0.1888686
-0.07967932956710533,0.687442241724301,0.003055553697313945,0.6708782300264956,1.2712718,-0.33379176
-0.08150807846184445,0.7103588870148791,-0.0039030019918991484,0.6764259668279773,0.9923852,-0.66816723
-0.0043083086110213276,0.709860502566051,-0.0043965526228178006,0.6738954955267475,0.9923852,-0.66816723
-0.02607782018134811,0.7168328352504301,-0.003767985201220749,0.6719754066518077,0.9923852,-0.66816723
-0.04965141818849736,0.6951340915466087,0.019160711665439256,0.6896370430393799,1.5449535,-0.2028608
0.02091336977383286,0.5907058416220663,0.6030857462584739,0.2956511334434287,3.2802603,0.34318778
-0.06356372212726448,0.6150337609327996,-0.004995507537704429,0.7000908392090103,1.029814,-0.45406547
-0.06855093394353395,0.7069744405248028,-0.005124764496039775,0.6980673365122666,0.9923852,-0.66816723
-0.0731270811035209,0.686148647127226,-0.00125469057963411,0.6815903690369136,0.9923852,-0.66816723
-0.04379614570716848,0.7039653099691882,-0.004106668451146185,0.6735938632880288,0.9923852,-0.66816723
-0.05091780854351704,0.7273938408064421,-0.004592159273134794,0.6706207033098845,0.9923852,-0.66816723
-0.019847194750783524,0.6911082867251541,-0.003974919679968723,0.6870260442663096,0.9923852,-0.66816723
-0.07910221850582459,0.6940835085605574,-0.0048454892019960585,0.677140265629638,0.9923852,-0.66816723
-0.0443183971866299,0.5929946818014554,-0.004307490854694502,0.3884979133842813,1.1053326,-0.39811075
-0.03338145147280795,0.6933394944667508,0.011722329832566852,0.6687736919898868,1.559659,-0.1888686
-0.07682429755614867,0.7198532555950284,-0.0051429428060559435,0.6900928238338616,0.9923852,-0.66816723
-0.03380776744387765,0.6069078662033369,-0.002055292925062368,0.38725299398244184,1.0642098,-0.40829095
-0.08194346261014075,0.7268813198488705,0.0007870994156069511,0.6908899586591819,0.9923852,-0.66816723
-0.04469166253001809,0.7265437444305463,-0.005030910505081413,0.6841390686868427,0.9923852,-0.66816723
-0.07222055971349164,0.6857321466630414,0.015413149929206352,0.6900742554978138,1.5449535,-0.2028608
-0.08180744972940618,0.7168810881350689,-0.003580358707470274,0.6895877621275907,0.9923852,-0.66816723
-0.07707410784687571,0.6158072046542258,0.010188268368363404,0.6682636429701775,1.5695647,-0.09356741
0.4357514164638775,0.4237385310688112,0.2694424998760689,0.025345333843826034,6.087993,5.3134418
-0.06698165169700451,0.7088486857882934,0.01310679325206704,0.6800123704756678,1.559659,-0.1888686
-0.04847414122070611,0.7129349943958594,-0.0013374212153763592,0.6841153605463742,0.9923852,-0.66816723
-0.07267415148181414,0.6864821350584907,-0.00441613007614412,0.6713094059315761,0.9923852,-0.66816723
-0.07432608066920518,0.7208849095706332,0.01004687842124056,0.6907147403764458,1.559659,-0.1888686
-0.08227178674109234,0.7166955429410024,0.019430618848626263,0.6913608021340406,1.5449535,-0.2028608
-0.08236631888652052,0.7139005039325839,-0.0051066095236108975,0.6763466649051735,0.9923852,-0.66816723
-0.06366759505272458,0.71108448488466,-0.0039757967034748706,0.6779494732325181,0.9923852,-0.66816723
-0.0691936964122542,0.7037404224466698,0.009860374654726322,0.7032298722493623,1.559659,-0.1888686
-0.07386670674219381,0.6907474729590024,0.01686468953319961,0.6802523859599959,1.5449535,-0.2028608
-0.06552453869915217,0.7234686133346924,0.01016554753165521,0.6908252517329487,1.559659,-0.1888686
-0.005533932757017725,0.6988341825452247,-0.002693169496189364,0.694530386264714,0.9923852,-0.66816723
-0.04499887551522673,0.6922440991992979,-0.0017869716203840207,0.7045840267333288,0.9923852,-0.66816723
-0.06618031149403987,0.8065506334045568,-0.004767862002649862,0.3885159565721693,-0.9873588,-0.8333137
-0.006363203902373549,0.68738843620008,0.01255447972590984,0.6919472269697822,1.559659,-0.1888686
-0.02331616066748026,0.722496140314417,-0.00202630990784712,0.6848832203055314,0.9923852,-0.66816723
-0.007602486696897465,0.7252279688739083,0.00832944683894389,0.6770336891685691,1.559659,-0.1888686
-0.03936711592729937,0.7089988856064103,-0.004792424192628627,0.669277264704853,0.9923852,-0.66816723
-0.022355997552112688,0.6880902769071922,-0.0034465231499783847,0.6764995089628572,0.9923852,-0.66816723
-0.04721364929378099,0.8019669541050245,-0.004770039912909133,0.3884979133842813,-0.9873588,-0.8333137
-0.05488070492232013,0.7227793174254526,0.009147672911576137,0.6988462045536351,1.559659,-0.1888686
-0.07149860592050344,0.7091710201544958,-0.004066487424355669,0.7006394223088506,0.9923852,-0.66816723
-0.03254776292736987,0.6951340915466087,-0.004220555638657321,0.6896370430393799,0.9923852,-0.66816723
-0.02900056969857211,0.6967111698290994,-0.004963426522018503,0.6843092758576652,0.9923852,-0.66816723
-0.017791013111744892,0.6875403499073366,-0.003991282906329486,0.6878322722788676,0.9923852,-0.66816723
-0.030198421851567347,0.7244525439464595,0.002352707137440644,0.6971877082319141,1.2712718,-0.33379176
-0.08205859019520831,0.70982484144753,0.01034956026744694,0.6786835411813475,1.559659,-0.1888686
-0.04942501888878767,0.7069086668847663,-0.0008251487921872602,0.6853850982288039,0.9923852,-0.66816723
-0.05583767936100198,0.7226124558658711,-0.0009313453460407734,0.6697635836908381,0.9923852,-0.66816723
-0.04218649729878809,0.6951340915466087,0.010948092126028168,0.6894257491774548,1.559659,-0.1888686
-0.08179335809705315,0.7218378329474183,0.004954705999207912,0.6835240599989103,1.2712718,-0.33379176
0.12660299633888267,0.4653481108613051,0.26884040577086765,0.10947721576621966,5.6345544,3.4134545
-0.060673094875470596,0.6986523383481038,-0.0035095593795575163,0.6940890824963794,0.9923852,-0.66816723
-0.06633245700089596,0.6907463292619558,0.011863156552173054,0.6864502565884443,1.559659,-0.1888686
-0.06059854875057373,0.7023322958902352,0.005194768597262015,0.6710519929139127,1.2712718,-0.33379176
0.04537870408604475,0.40852266015301053,0.5558449014104051,0.2787998554595366,5.1877074,1.615879
-0.06559159487434299,0.7006585204735222,-0.005066642303438474,0.6725226063322507,0.9923852,-0.66816723
-0.02769447742585351,0.6174949150185318,-0.004066841057496057,0.6750335502760334,1.029814,-0.45406547
-0.022151952575123538,0.7145396070025776,0.006784521410511978,0.6700648341253336,1.559659,-0.1888686
-0.01917063783024949,0.7151053435659511,0.019160711665439256,0.6913608021340406,1.5449535,-0.2028608
-0.0400478215552524,0.7101867841697025,-0.004398411468650811,0.674783487006201,0.9923852,-0.66816723
-0.03379168366125789,0.7204414304867146,-0.005038392621665556,0.7004172355194788,0.9923852,-0.66816723
-0.0643379269869827,0.6965685477512069,0.013051575762273107,0.6925222363641674,1.559659,-0.1888686
-0.04093396604614566,0.7228339738907803,-0.0019857591605731756,0.3881988634807505,0.89273953,-0.6971061
-0.06885130113919745,0.7027896894857671,-0.0018644253528291277,0.6861158527011502,0.9923852,-0.66816723
-0.08275849606226755,0.7270378896519717,-0.0008504213984535467,0.6909195858184933,0.9923852,-0.66816723
-0.0645211961406355,0.6987595570881365,0.009261864144506762,0.6841936879621155,1.559659,-0.1888686
-0.03386518572174508,0.7196931235223776,0.011233184987034526,0.6795291969970833,1.559659,-0.1888686
-0.06546882886961189,0.7006585196903715,-0.002823366600461245,0.6725226063322507,0.9923852,-0.66816723
-0.07551261971760363,0.6986942149940291,0.003092315036864048,0.7039811530559673,1.2712718,-0.33379176
-0.07095966295843427,0.7198237371414203,0.004956625894090716,0.6724916147966749,1.2712718,-0.33379176
-0.016373595708930072,0.7140023040984176,0.0008786675306711178,0.6917803548183841,0.9923852,-0.66816723
-0.0347893125505061,0.703338802858096,-0.004485681186068819,0.6944984231321062,0.9923852,-0.66816723
-0.07479580254472784,0.7057693446088366,-0.004212735503636961,0.6951802758081788,0.9923852,-0.66816723
-0.060000046414563954,0.7087437985208714,-0.005071267816291841,0.6761235980111056,0.9923852,-0.66816723
-0.08064494418537009,0.7022708264573325,0.012182614886160181,0.6803463392498321,1.559659,-0.1888686
-0.05430450645742607,0.6902935353636086,0.0048179325690022095,0.6721325909104198,1.2712718,-0.33379176
-0.08064494418537009,0.7024167979030653,0.010832206049440525,0.6803463392498321,1.559659,-0.1888686
-0.06855093394353395,0.7069744405248028,0.013099111519671375,0.6982646543804204,1.559659,-0.1888686
-0.08271710526953922,0.716153335194132,0.013492642230914353,0.6837183490365802,1.559659,-0.1888686
-0.01979146367788283,0.7035630201879468,0.013551568395780964,0.6762972684910378,1.559659,-0.1888686
-0.06712347907112409,0.6871902564763737,-0.0029361108596455752,0.6868641012625446,0.9923852,-0.66816723
-0.0737376313245037,0.7071067077128323,-0.0039911615060004724,0.6974787185859352,0.9923852,-0.66816723
-0.06465812216400799,0.6139594136404889,-0.004709963421578353,0.6913967722975464,1.029814,-0.45406547
-0.07467065954662436,0.7118395397936701,0.012771896033780317,0.6767655677717199,1.559659,-0.1888686
-0.04072523180413572,0.70919102875986,0.01758940776835495,0.6840463420864518,1.5449535,-0.2028608
-0.04066405898361407,0.6976616637668364,0.00728880092698578,0.6710114242088387,1.559659,-0.1888686
-0.013707046815357015,0.6874006752216146,-0.0008195228378023141,0.6917885224742032,0.9923852,-0.66816723
-0.08316808043708368,0.7245334606058257,0.004413763845178313,0.6992421182387157,1.2712718,-0.33379176
-0.007039065105975651,0.6898311610211959,0.002399240519847248,0.6819884687394714,1.2712718,-0.33379176
-0.07910221850582459,0.7014712231341408,-0.00489937672757328,0.685544672045445,0.9923852,-0.66816723
-0.04195928926270687,0.7023348089886852,0.012413813889645868,0.6982040626305179,1.559659,-0.1888686
-0.060038877243245366,0.6911929498579379,-0.005171476014063732,0.694832467211947,0.9923852,-0.66816723
-0.036830380835813234,0.7238884737968811,-0.005164769431637349,0.7024045933083659,0.9923852,-0.66816723
-0.07674305362857341,0.7094148080379465,0.010339810808606503,0.692787392740959,1.559659,-0.1888686
-0.016876248755347364,0.6918103205394752,-0.004990545143113144,0.6961185085163477,0.9923852,-0.66816723
-0.07468798241021771,0.7071539386843567,-0.002030871494830287,0.6954825178310602,0.9923852,-0.66816723
-0.050499058693872695,0.7069969343012334,-0.0050037059619007975,0.6984903454021072,0.9923852,-0.66816723
-0.06308318944409083,0.7161077111105968,-0.004919172380473902,0.696554403408799,0.9923852,-0.66816723
-0.07964168069063454,0.6947811262752258,-0.004939457334921656,0.6705536958598112,0.9923852,-0.66816723
-0.0492868344585822,0.6175656030455126,0.00042245579378325177,0.6731535630086593,1.029814,-0.45406547
-0.06768181073028888,0.7029626433632885,-0.0025384480674102445,0.7041531815812401,0.9923852,-0.66816723
-0.04794221836740867,0.7070238552722485,0.013940134837649446,0.6699329288110356,1.559659,-0.1888686
-0.08061851789533471,0.7147650040006044,-0.004669220575900398,0.690439061762343,0.9923852,-0.66816723
-0.035672661735930145,0.6915808131679104,0.011233184987034526,0.6795291969970833,1.559659,-0.1888686
-0.07723358622385243,0.6144836767979213,-0.0038998560431148035,0.6851616027033909,1.029814,-0.45406547
-0.07257015170403903,0.7051303901063946,-0.0026895559117657043,0.6906966409296708,0.9923852,-0.66816723
-0.07432453199810428,0.6997026095224566,-0.004870019083292363,0.7030656328484568,0.9923852,-0.66816723
-0.03832241546056456,0.7156151129141473,-0.0040291479244531905,0.6931651672297285,0.9923852,-0.66816723
-0.07975431001770147,0.707871161354991,0.007511593244003128,0.6783750713423791,1.559659,-0.1888686
-0.08275849606226755,0.7270827361702481,0.0007870994156069511,0.6915667393280628,0.9923852,-0.66816723
-0.039802132072937535,0.6145483322912862,-0.004959366983528534,0.7027580145767485,1.029814,-0.45406547
0.12242452005218303,0.4625427149764127,0.783414027830414,0.11936009487770244,4.7386546,1.2306418
-0.043870856513333195,0.7096138406308087,0.00921551180346168,0.6926887070031964,1.559659,-0.1888686
-0.030179226304809223,0.7006330867480415,-0.0018644253528291277,0.7033840286455003,0.9923852,-0.66816723
-0.037382535544199555,0.6993610063758126,-0.005125405134557659,0.6737759897394258,0.9923852,-0.66816723
-0.061961497814130975,0.7251418133958504,-0.004547802688610053,0.6910723476593216,0.9923852,-0.66816723
0.0740478238857144,0.40852266015301053,0.5558449662381912,0.26454416167532674,5.4051785,1.891568
-0.08085170703504932,0.7052952841434222,-0.00433174470583754,0.6817863270636996,0.9923852,-0.66816723
-0.02331616066748026,0.8252955182419709,-0.0018046266273992937,0.6848832203055314,-0.90708923,-0.804375
-0.04794221836740867,0.7070238552722485,-0.005108923972461223,0.6959558597099558,0.9923852,-0.66816723
-0.020685250128546825,0.7088031243229712,0.019621207359404837,0.6872830208197779,1.5449535,-0.2028608
-0.08142865864950966,0.693215905466973,0.01737223882983793,0.6764905653470472,1.5449535,-0.2028608
-0.028401864702008055,0.6964024157833013,-0.005033097048146603,0.7017373230368842,0.9923852,-0.66816723
-0.08281428420060453,0.6984169031653975,0.0034459264230604233,0.6870158444731959,1.2712718,-0.33379176
-0.06609005354560703,0.6948473013897788,-0.005174482483607182,0.38819903038238945,0.89273953,-0.6971061
0.11326752177506572,0.46377759615248665,0.7489268364299748,0.10766330548896891,5.175309,1.4218552
0.02049630610862432,0.5907353764174577,0.6165994057150089,0.32787079348848086,3.088242,0.2762786
-0.0059523900693761005,0.7140846134225612,0.0058916446113785916,0.6738954955267475,1.5390967,-0.2101511
-0.03254776292736987,0.6951340915466087,0.01120429768746551,0.6896370430393799,1.559659,-0.1888686
-0.07716763779081245,0.716182041392529,-0.005018151861996694,0.6990497600426022,0.9923852,-0.66816723
-0.03990088495804521,0.7089988856064103,-0.004792424192628627,0.669277264704853,0.9923852,-0.66816723
-0.06450178229456915,0.6900452500520812,0.013051575762273107,0.696642470572951,1.559659,-0.1888686
-0.04395021412722148,0.7213188314901481,0.01330452805401096,0.6886968312357281,1.559659,-0.1888686
-0.07946896148870292,0.7247691298715039,-0.0050976776027283665,0.6754061558922254,0.9923852,-0.66816723
-0.0825253616686807,0.6967042019403159,0.004925698545513347,0.7000801427938118,1.2712718,-0.33379176
-0.03973735606506884,0.7164584392165607,-0.0045147640533927235,0.6997496770325483,0.9923852,-0.66816723
-0.049702086789230424,0.6893686985985933,0.017678444675447675,0.6903946684538934,1.5449535,-0.2028608
-0.058447179904998287,0.7137325276903028,0.0019577356139753345,0.6896370430393799,1.2712718,-0.33379176
-0.08338761887875437,0.707871161354991,-0.005145164898448478,0.6783639858890367,0.9923852,-0.66816723
-0.03833970411835497,0.6906570025074248,-0.004391561515663145,0.6929857058910804,0.9923852,-0.66816723
-0.07999029154479936,0.6935674212223676,-0.004332226043370874,0.6881518231158631,0.9923852,-0.66816723
-0.058714704306739494,0.6910344274623649,-0.004869408814444432,0.7009575369460724,0.9923852,-0.66816723
-0.0602197034414161,0.7184128724237431,-0.0019466791020764304,0.6793370360174025,0.9923852,-0.66816723
-0.0004765818252387144,0.7039354058744796,-0.0008035047382117092,0.7018075458739006,0.9923852,-0.66816723
-0.009006530880881547,0.6926301539372159,-0.0033583501613918495,0.675015693174815,0.9923852,-0.66816723
-0.032378978418531934,0.7086141629051582,-0.004309309264985028,0.6890962656441173,0.9923852,-0.66816723
-0.060744489567153025,0.6176155382800284,-0.0050934681507911255,0.6930443226104257,1.029814,-0.45406547
-0.024376496214989773,0.694510107683812,-0.004309309264985028,0.6964559392356303,0.9923852,-0.66816723
-0.05107175196565544,0.7012484708586968,0.013016536347461121,0.6822694043240245,1.559659,-0.1888686
-0.04060953694378931,0.6933681299322527,0.005883006209418962,0.6711923046740682,1.5365052,-0.22926846
-0.02454528072382771,0.6951340915466087,0.010948092126028168,0.6967854227689678,1.559659,-0.1888686
-0.07898843247462739,0.6900337436374122,-0.004889903568282058,0.681238386127722,0.9923852,-0.66816723
-0.043015305385476196,0.6069078662033369,-0.002055292925062368,0.38725299398244184,1.0642098,-0.40829095
-0.07841514248807813,0.7195963043226888,0.0032242175465406007,0.677354659301774,1.2712718,-0.33379176
-0.06086182665036231,0.691178528483629,0.0032676445187802636,0.6973866631388032,1.2712718,-0.33379176
-0.05908320720349324,0.7238286839415105,0.007296614587029198,0.7018419430542,1.559659,-0.1888686
-0.0823101522023981,0.6987595460855155,0.0021357503986171203,0.6764746065365754,1.2712718,-0.33379176
-0.0774426497715467,0.70721690256081,0.011880581742900674,0.681227664339139,1.559659,-0.1888686
-0.042463878730662014,0.7211493833485828,0.011046324039509075,0.6737353464425253,1.559659,-0.1888686
-0.06843321931730867,0.7158945238447497,-0.00031964048460268594,0.6964858981282747,0.9923852,-0.66816723
-0.062197920734813304,0.7115025478667779,0.00020659972126976745,0.698222157002002,0.9923852,-0.66816723
-0.07921220247396021,0.7194814254908335,-0.0048146019399543,0.6843240762519831,0.9923852,-0.66816723
-0.04262498216612178,0.7211493833485828,0.016811326292681845,0.6737353464425253,1.5449535,-0.2028608
-0.07720271967598537,0.7104722150196978,0.00047669238602490727,0.6859265653613392,0.9923852,-0.66816723
-0.07140717909981815,0.700580360171391,-0.0022852695493328122,0.6975624274908998,0.9923852,-0.66816723
-0.04717163654480085,0.6178361172059391,-0.00311525886697884,0.6879158118266614,1.029814,-0.45406547
-0.028322515937638706,0.7150455536895418,0.004908941041966193,0.6869757732006282,1.2712718,-0.33379176
-0.046218601428168984,0.693140189951915,-0.003844458012863503,0.7033773384182698,0.9923852,-0.66816723
-0.07628435109364803,0.7069738759410953,-0.0043291122080701076,0.701065937111626,0.9923852,-0.66816723
-0.03964227870917993,0.7161049760563684,0.0016685348635365532,0.6706648083678229,1.2712718,-0.33379176
-0.0069067791818382095,0.6178271243511294,-0.004979818379292928,0.6871660720475773,1.029814,-0.45406547
-0.07858858245863115,0.7187383463320988,-0.004887390628561689,0.6942288622394427,0.9923852,-0.66816723
-0.04409813145435247,0.715523546443992,-0.004866472450683748,0.6856029889977415,0.9923852,-0.66816723
-0.01979146367788283,0.6865790499134822,0.012916014070483036,0.6870260442663096,1.559659,-0.1888686
-0.04072523180413572,0.6943842286172333,0.0038913088957365574,0.6840463420864518,1.2712718,-0.33379176
-0.04130727722019276,0.6223399958257599,-0.0026346824934254665,0.6895314856805642,1.029814,-0.45406547
-0.050614282222569223,0.7156478442907334,0.005038773259298066,0.6929626767229733,1.2712718,-0.33379176
-0.04646487526971302,0.696090133762434,0.0021357503986171203,0.6941355545532559,1.2712718,-0.33379176
-0.07506955591151751,0.6952522552198953,0.006558448222250475,0.6699163367355618,1.559659,-0.1888686
-0.07504412190776577,0.70497629373597,0.0067887646717126725,0.6746611408360346,1.559659,-0.1888686
-0.0006425539941150224,0.7007842932710949,-0.0017462944001562267,0.6817863270636996,0.9923852,-0.66816723
-0.010089429449232586,0.7071308909025786,-0.0032157239637046727,0.7009331345805764,0.9923852,-0.66816723
-0.06912911923607129,0.7118718983642622,-0.00476724094294134,0.669277264704853,0.9923852,-0.66816723
-0.059313131761759896,0.7160464939453368,0.010957960093502132,0.6970750615327047,1.559659,-0.1888686
-0.07669991108781435,0.6852093597640058,0.019527434040544984,0.679202929256851,1.5449535,-0.2028608
-0.07151943258647803,0.7124439453498448,-0.00031964048460268594,0.6814108462985327,0.9923852,-0.66816723
-0.07910221850582459,0.7138325250424481,-0.00489937672757328,0.685544672045445,0.9923852,-0.66816723
-0.03608826151135164,0.6998497631173862,-0.00444566886628847,0.7019050342940625,0.9923852,-0.66816723
-0.08089279158763618,0.7148255916062527,0.004090317228957987,0.7028436883430998,1.2712718,-0.33379176
-0.08136097003500485,0.7112922568297265,0.005127839909062268,0.6854404875890614,1.2712718,-0.33379176
-0.08341471011652835,0.6930958477358415,0.00022863329491695783,0.6788015837883837,0.9923852,-0.66816723
-0.02812572331205929,0.7166235370256747,0.0047726206434945614,0.7004172355194788,1.2712718,-0.33379176
-0.00025074654928872175,0.7228178497508377,-0.001935305045488037,0.7026246667181395,0.9923852,-0.66816723
0.04349961515914488,0.40852266015301053,0.5558618919263494,0.26322330708614516,5.334273,1.8323861
-0.025887827754318735,0.7204714292181947,-0.0014934540672857238,0.6925364655179772,0.9923852,-0.66816723
-0.022948362584118046,0.6931199063396654,0.0038257047762409206,0.6959316705191867,1.2712718,-0.33379176
-0.03257357931686666,0.7016383250688848,0.019017681408234906,0.7008834872268352,1.5449535,-0.2028608
-0.058880352150214366,0.8278109794324463,-0.004644634769302836,0.681396779823091,-0.90708923,-0.804375
-0.05548658682696267,0.7071412237909189,0.010009737239229105,0.7007641168610709,1.559659,-0.1888686
-0.08267301067277974,0.6912933385980562,0.0034459264230604233,0.6870158444731959,1.2712718,-0.33379176
-0.01822640704658718,0.7075689108492026,0.009762749352047526,0.703180142164962,1.559659,-0.1888686
-0.08069410263693247,0.697341217923635,-0.005018151861996694,0.6725786793918117,0.9923852,-0.66816723
-0.0230652530277856,0.7266095120604287,-0.004767516393052961,0.6782775189658217,0.9923852,-0.66816723
-0.07180737682898886,0.7007842932710949,-0.0017462944001562267,0.6817863270636996,0.9923852,-0.66816723
0.11326850699063805,0.46353820933342443,0.7446525783140008,0.12223651665672304,5.164197,1.2953255
-0.042158069989266696,0.7211493833485828,0.016811326292681845,0.6796465638815004,1.5449535,-0.2028608
-0.05423342242691318,0.6904917084669938,0.0048179325690022095,0.6977965488772783,1.2712718,-0.33379176
-0.02838872831261892,0.6939602521814374,-0.004138224696257069,0.6868582681030415,0.9923852,-0.66816723
-0.06010716429770439,0.7245710778186889,-0.001250189933429958,0.696554403408799,0.9923852,-0.66816723
-0.07222055971349164,0.7150179103778919,0.015413149929206352,0.6899196599366605,1.5449535,-0.2028608
-0.05951761549614947,0.7252490888100996,0.005271224694955443,0.699466450010649,1.364837,-0.28137913
-0.07851966281611869,0.6874422406884465,0.0032604452407606673,0.6759499134324678,1.2712718,-0.33379176
-0.08105876740879295,0.7002620900156743,0.003943885212992311,0.6710562169592056,1.2712718,-0.33379176
-0.08274690345603777,0.6991148890602626,-0.005125513257148151,0.674286456584557,0.9923852,-0.66816723
-0.03477779218178835,0.7239828361155263,-0.0006959123141169535,0.6774907339915547,0.9923852,-0.66816723
-0.03394600143872569,0.707476311097975,-0.001464900393674896,0.6807501315665295,0.9923852,-0.66816723
-0.04756909358929729,0.7058426217648918,-0.005078795684839139,0.674069405991725,0.9923852,-0.66816723
-0.06724240819925466,0.6921090919425699,-0.004193066758050864,0.6905330270221937,0.9923852,-0.66816723
-0.07621892328077515,0.6197834668094813,-0.0043291122080701076,0.7005969154420723,1.029814,-0.45406547
-0.0026542124153995737,0.6972527438581642,-0.0030735543842295454,0.6836616425771267,0.9923852,-0.66816723
-0.07761717229485733,0.7266095120604287,-0.004767516393052961,0.6903286464706566,0.9923852,-0.66816723
-0.07456449247997556,0.8284666046066164,9.920289408601925e-05,0.6998432268871769,-0.90708923,-0.804375
-0.04082660477117199,0.6985382815539839,-0.0051114223492966,0.6848431459296461,0.9923852,-0.66816723
-0.022948362584118046,0.6931199063396654,0.0038257047762409206,0.6970219745978603,1.2712718,-0.33379176
